county,subcounty,ward,prec,temp,soil_moisture,clay_content,time_to_treatment,prop_itn_access,prop_livestock_ownership,prop_lowest_wealth_quantile,number_per_room,prop_wall_material,N,pop,prev,IsEndemic_Yes,b0,wardID,present,mean,sd,q0.025,q0.5,q0.975,median,sd.mc_std_err,mean.mc_std_err,risk,occurence,ci_lower_expect,ci_upper_expect,ci_lower_occurence,ci_upper_occurence,uncertainty_expect,uncertainty_occurence,risk_cat,uncertainty_risk_cat,occurence_cat,uncertainty_occurence_cat
Baringo,Baringo Central,Ewalel/Chapchap,0.387303390761113,-0.350424968028684,-0.557895332501528,0.40416056864419,-1.32708585114338,-0.253028748668886,0.423115110144294,-0.138329235144477,-0.607929622419443,-0.651635335779961,0,143953,2.18687268915601e-06,1,1,1,0,0.314806884222075,0.915373948161088,0.0156492568170933,0.122080804807922,1.83802207855076,0.122080804807922,0.177924716633868,0.0401996130017608,0.2,0.0943727572566995,0,1.3,0.00969453215959675,0.296461092493669,1.3,0.286766560334072,1-5,1-5,0.05-0.15,0.15-0.30
Baringo,Baringo Central,Kabarnet,0.243451347425668,0.291043104559886,-0.517842907369511,-0.182345672459933,-1.2396008101281,-0.275730666362882,0.413128764089459,0.0884237775383738,-0.681407838763496,-0.647440157461752,0,260425,4.59034070046637e-06,1,1,2,0,1.19543947691895,3.41093076334616,0.0362336372530522,0.338443902971664,8.39893000663043,0.338443902971664,0.495327834616264,0.139190384450438,0.5,0.174126977528716,0,3.2,0.0191643445742634,0.491674295067776,3.2,0.472509950493512,1-5,1-5,0.15-0.30,0.30-0.50
Baringo,Baringo Central,Kapropita,0.478166828527472,0.0755958272899935,-0.361005666612036,-0.152285255721753,-1.27690342424969,-0.166921398152331,0.390539990455261,-0.110791269082351,-0.662950876474656,-0.673970520501646,0,165539,2.81433160677982e-06,1,1,3,0,0.465881639854725,2.61031282456947,0.0235984301107875,0.171613629834976,2.30522805910898,0.171613629834976,1.14586522185963,0.155016219164882,0.3,0.133652936566997,0,1.4,0.0149507514165405,0.39629113112766,1.4,0.38134037971112,1-5,1-5,0.05-0.15,0.30-0.50
Baringo,Baringo Central,Sacho,0.684614600738861,0.0289821438252072,-0.644129105469768,0.040210836194643,-1.07784484814605,-0.126424379449899,0.496371053245731,0.0842307518687823,-0.63331203271571,-0.598360220422589,0,86109,2.90867494106084e-06,1,1,4,0,0.250463090499808,0.550548199451708,0.0228786985205273,0.129551220862937,1.13123610751949,0.129551220862937,0.0701106015104107,0.0218440464976674,0.3,0.117757782123284,0,1.3,0.0153441125787923,0.350333242892554,1.3,0.334989130313762,1-5,1-5,0.05-0.15,0.30-0.50
Baringo,Baringo Central,Tenges,0.614223265462373,-0.337529081240176,-0.524265825159349,0.0501910584760165,-0.806822640289392,-0.253563522208142,0.658890901253099,0.322963016266978,-0.632406172780171,-0.525077772409635,0,101536,2.33474485891509e-06,1,1,5,0,0.237060653994803,0.496412816026531,0.0183438944516138,0.118462116875615,1.30261936622472,0.118462116875615,0.0893993502364815,0.0213520629451476,0.2,0.104352000617282,0,1.3,0.0131091460432307,0.30982873872038,1.3,0.29671959267715,1-5,1-5,0.05-0.15,0.15-0.30
Baringo,Baringo North,Bartabwa,-0.290535061468812,0.404976705269233,-0.573024039172109,-0.309844715214081,-0.629446151103952,-1.0804084373001,0.488361347669492,0.779451767895984,-0.56713277111782,-0.123871946898007,0,167147,2.255701180252e-05,1,1,6,0,3.77033685175581,20.4509183529992,0.15583096597653,0.936561004439941,17.8273015483593,0.936561004439941,8.23877500715801,1.16778070542196,2.3,0.382482877538949,0.1,10.7,0.0784595885143363,0.725216145849243,10.6,0.646756557334906,1-5,5-17,0.30-0.50,0.50-0.70
Baringo,Baringo North,Barwessa,-0.149581648548509,0.62840507279714,-0.565287384042869,-0.412624718726641,-0.885608339787195,-0.866834109831518,0.517030315286846,0.736227624294374,-0.7229332189835,-0.35029085382127,15,206193,4.33144832729682e-05,1,1,7,1,8.93114324950313,3.75354003889043,2.78288117494189,8.47500134673259,17.5275447318575,8.47500134673259,0.0893441015186559,0.124347975241313,4.3,0.591731562344221,1.3,8.5,0.214198152407539,0.900898807042284,7.2,0.686700654634745,1-5,5-17,0.50-0.70,0.50-0.70
Baringo,Baringo North,Kabartonjo,0.40126346381097,-0.00899350168508536,-0.308683798452009,0.0724528298916193,-1.12027210063991,-0.764434060689497,0.611121038709707,0.145124346498892,-0.727389973397909,-0.505899267126983,0,186445,8.12858398990831e-06,1,1,8,0,1.51553384199845,4.33484743694502,0.101353768411783,0.530122886064619,8.81881883769455,0.530122886064619,0.718201541740515,0.182502965919784,0.8,0.295231667306099,0.1,4.7,0.0623380816569168,0.678599146680084,4.6,0.616261065023167,1-5,1-5,0.15-0.30,0.50-0.70
Baringo,Baringo North,Saimo/Soi,-0.542824833877324,0.672803372898225,-0.242665141502566,-0.36246335088336,-1.03793055832325,-0.707937490459692,0.582957533971582,0.995325717682596,-0.44152982269064,-0.272082524908271,12,162695,5.23310379519327e-05,1,1,9,1,8.51399821958969,3.06782552864763,3.5567843970465,8.26785265567401,15.3863652499538,8.26785265567401,0.0845702426845271,0.102361853128492,5.2,0.693681198664354,2.2,9.5,0.347985372828382,0.936449407305417,7.3,0.588464034477034,5-17,5-17,0.50-0.70,0.50-0.70
Baringo,Baringo North,Saimoi/Kipsaraman,0.315626569162117,-0.250106774932419,-0.0850376691774974,0.0958961335952141,-1.11533133446634,-0.882220416219415,0.637737447369623,-0.0170274170222949,-0.635407400527361,-0.509500210830913,0,218297,5.64812595988927e-06,1,1,10,0,1.23296895266595,3.70140306380621,0.0616402097275947,0.406219461636677,7.24711236103404,0.406219461636677,0.563245927219608,0.15267144245608,0.6,0.241087044708335,0,3.3,0.042109358184517,0.606498014372948,3.3,0.564388656188431,1-5,1-5,0.15-0.30,0.50-0.70
Baringo,Koibatek,Koibatek,0.378621300181167,-1.07222746702665,-1.09426113097515,0.467168705121638,-0.412770794134865,0.457060045058265,0.680096140338951,-0.125773492789689,-0.162929925130556,-0.196038678213915,0,176541,4.21161578131213e-07,1,1,11,0,0.0743522861648625,0.179561965453178,0.00393579178359852,0.0333116426371481,0.3664151099645,0.0333116426371481,0.0345410563916277,0.00786281613940232,,0.0303181701738234,0,0.2,0.00310592838817708,0.112149543320084,0.2,0.109043614931907,0,1-5,0.01-0.05,0.05-0.15
Baringo,Koibatek,Lembus,0.813130222877208,-1.4590705393416,0.356654925527767,0.666316504486434,-0.451917841619081,0.484062667166007,0.790652075856686,-0.696891848307283,-0.754985702973284,-0.570813528342289,0,231395,1.02925358308816e-07,1,1,12,0,0.0238164132858684,0.0505682038082822,0.00127874642331199,0.0121365675645284,0.113452543383564,0.0121365675645284,0.00724645498216752,0.00205741306628821,,0.011442583373084,0,0,0.000992145171887102,0.0370027221311956,,0.0360105769593085,0,0,0.01-0.05,0.01-0.05
Baringo,Koibatek,Lembus Kwen,0.822507836251948,-1.14379534206146,0.265127888837934,0.672909667542201,-0.445648882247611,0.318605230565738,0.694448328926437,-0.529606234380085,-0.686114500464515,-0.667489604061549,0,193892,3.59960295182622e-07,1,1,13,0,0.0697934215535489,0.245532260801761,0.00287238987226301,0.0255443958514419,0.361284283158608,0.0255443958514419,0.0613672539751259,0.0116456177580688,,0.0284181423206755,0,0.2,0.00227056552192695,0.128041343134504,0.2,0.125770777612577,0,1-5,0.01-0.05,0.05-0.15
Baringo,Koibatek,Lembus/Perkerra,0.110122159283454,-0.767943323886977,-1.15017451986626,0.207829286787542,-0.911363532621922,0.634965836739213,0.622349213373507,-0.351914713169388,-0.535873663833671,-0.574860490185491,0,221823,1.83330111192752e-06,1,1,14,0,0.406668352551098,1.49043538733721,0.0112875569764877,0.10798626862086,2.43402995375142,0.10798626862086,0.28892543134935,0.06540495403322,0.2,0.0774534677674944,0,1.1,0.00700111722034361,0.284563073296925,1.1,0.277561956076581,1-5,1-5,0.05-0.15,0.15-0.30
Baringo,Koibatek,Mumberes/Maji Mazuri,0.587160620550235,-1.54956068266038,0.374160727868865,0.691900404073979,-0.478229637848049,0.395531918349918,0.748325293351487,-0.446292545346341,-0.348864421265578,-0.26792195846779,0,207510,2.78656581662124e-07,1,1,15,0,0.0578240272607074,0.306389751942092,0.00213903864152644,0.0181008725724712,0.226502320521981,0.0181008725724712,0.0991431481465897,0.0159592579295646,,0.0169240756067337,0,0.1,0.00129553033547737,0.0638509166895958,0.1,0.0625553863541185,0,1-5,0.01-0.05,0.05-0.15
Baringo,Koibatek,Ravine,0.599540167933116,-1.34189990163788,0.378978094232068,0.702420831432988,-0.771600671798657,0.586015661648453,0.506969721736434,-0.69484001574126,-0.560259396125232,-0.66403862813705,0,184423,6.0465806852079e-07,1,1,16,0,0.11151285497081,0.41659066643133,0.00250140545944093,0.0291682135037364,0.674123005888125,0.0291682135037364,0.0819611322829732,0.0183574307313156,0.1,0.0296053547364617,0,0.4,0.00157459375695028,0.131193000620382,0.4,0.129618406863432,1-5,1-5,0.01-0.05,0.05-0.15
Baringo,Marigat,Iichamus,-0.799687686423193,1.01916506860658,-0.687011233057858,-0.212143703874689,-1.10478689894204,0.170442831426302,0.293022852279291,1.00181392453753,-0.360824805487585,-0.104288191838178,7,107488,5.93443966615104e-05,1,1,17,1,6.37881050835243,2.75519976702564,2.56210028776125,5.8316888926244,12.8757453262161,5.8316888926244,0.115667727161578,0.0944425361177732,5.9,0.80148435743486,2.4,12,0.463176114256857,0.972636325667356,9.6,0.509460211410499,5-17,5-17,0.70-0.90,0.50-0.70
Baringo,Marigat,Marigat,-0.341046001584556,0.23354562515301,-0.71990320299957,-0.426356572133303,-1.27651247206088,0.162885254193109,0.338272372930424,0.416928352255665,-0.51908864826024,-0.411855699814692,68,480883,7.06511203994909e-05,1,1,18,1,33.9749227310684,12.5365744139466,13.0666446664943,33.0443738499232,59.4489331469589,33.0443738499232,0.280687611073731,0.414193535282309,7.1,0.502590165561496,2.7,12.4,0.20773804985152,0.851814648863405,9.7,0.644076599011885,5-17,5-17,0.50-0.70,0.50-0.70
Baringo,Marigat,Mochongoi,-0.379115909821188,-0.102399959641784,-0.0820465611644907,0.0733863468434917,-0.830753815798398,-0.276782805302018,0.509511935813163,0.0315820051642635,-0.627041902326649,-0.15576761738388,9,342958,1.21757742183162e-05,1,1,19,1,4.1757791743653,2.39530091058047,1.01701372310148,3.69933913488872,10.0160920324372,3.69933913488872,0.0821580625727522,0.0809421977066265,1.2,0.44992179852832,0.3,2.9,0.119846845004403,0.858094479964646,2.6,0.738247634960243,1-5,1-5,0.30-0.50,0.70-0.90
Baringo,Marigat,Mukutani,-0.671733492976059,0.574773237785363,-0.650797277602553,-0.254043393471715,-0.792025915092577,-0.32548810929433,0.349885942343442,0.86754655319976,-0.351319356879337,0.0397970439922053,2,48430,3.4016168905908e-05,1,1,20,1,1.64740306011312,1.25327731761843,0.478646095129682,1.29529086180202,5.14341183350614,1.29529086180202,0.0890983208255083,0.0452671812251056,3.4,0.616578262233146,1,10.6,0.269929689203494,0.906576649130304,9.6,0.63664695992681,1-5,5-17,0.50-0.70,0.50-0.70
Baringo,Mogotio,Emining,-0.394950463677654,0.129273329461455,-1.10507985790006,-0.136229722148686,-1.01695092798982,0.607087549169942,0.651760967087786,0.282987532332847,-0.459425132387879,-0.295082041427211,1,294092,2.74733741825299e-06,1,1,21,1,0.807969956008859,0.716656896265006,0.151160972260384,0.596285149002257,2.78846962604705,0.596285149002257,0.0424738798456981,0.0253489649581789,0.3,0.361580568076689,0.1,0.9,0.0883038462814397,0.748223576996641,0.8,0.659919730715201,1-5,1-5,0.30-0.50,0.50-0.70
Baringo,Mogotio,Kisanana,-0.423917791433803,0.0211435266874471,-0.532670073983985,-0.16620179007614,-0.742307026005309,0.291712153507419,0.654161709334259,0.393727143417402,-0.472151531916252,-0.017186754019366,4,217709,1.05303736493068e-05,1,1,22,1,2.29255711681694,1.62146499905253,0.369511219719567,1.88306973298242,6.1661150605841,1.88306973298242,0.0715219465284957,0.0557986705068639,1.1,0.494510501425869,0.2,2.8,0.111079750148324,0.901736132407096,2.6,0.790656382258772,1-5,1-5,0.30-0.50,0.70-0.90
Baringo,Mogotio,Mogotio,-0.00273389753199699,-0.396607373924021,-1.27471717801868,0.118337263741021,-0.905220734981597,0.701220804717124,0.688010767130009,0.0428245176946591,-0.386052931932296,-0.312342436867148,0,446386,6.27422888893711e-06,1,1,23,0,2.80072793681708,14.4151473752243,0.0336853486909684,0.462300244460838,17.3580769516602,0.462300244460838,4.52637417669194,0.742120023937387,0.6,0.122609672282183,0,3.9,0.0130137859852773,0.407188714222154,3.9,0.394174928236877,1-5,1-5,0.05-0.15,0.30-0.50
Baringo,Tiaty,Churo/Amaya,-0.719642391811648,-0.0360724437919258,-0.38304728807006,-0.0647565987159751,0.0621448398159271,-1.34049126900656,0.270232074656693,1.51541811561407,-0.731475743095861,0.830130774649399,18,249955,4.06560989805971e-05,1,1,24,1,10.1621952206951,4.47179703655671,2.85248411283895,9.65156576721699,20.0462990342471,9.65156576721699,0.102870007057844,0.147916709199512,4.1,0.55526753145169,1.1,8,0.155992092044867,0.905131132642157,6.9,0.749139040597291,1-5,5-17,0.50-0.70,0.70-0.90
Baringo,Tiaty,Kolowa,-0.57057636105948,0.786317972156343,-0.013503802246601,-0.250771294144391,-0.562377125674889,-1.12671531722484,0.236865580619816,1.88648376528602,-0.653398127071937,1.08917927659937,71,339042,0.000164472557377664,1,1,25,1,55.7631047984378,11.5280698076279,30.6248472249486,56.4564863588569,76.4004943952515,56.4564863588569,0.272084632781726,0.38175771929365,16.4,0.785368753806955,9,22.5,0.463123588926989,0.964282011642182,13.5,0.501158422715193,5-17,5-17,0.70-0.90,0.50-0.70
Baringo,Tiaty,Loiyamorok,-0.991894796255749,1.1941334244935,-1.09221328240675,-0.194565483870994,-0.940779035303558,-1.00922796609771,0.46280432112801,1.90693819092802,-0.502034305901168,0.568631877191411,100,121845,0.000714895728019397,1,1,26,1,87.1064699805234,13.0461791649266,60.1554134609241,87.6474649270067,110.761702048718,87.6474649270067,0.355965220995894,0.435069626561059,71.5,0.868951283611076,49.4,90.9,0.608874200080964,0.98442884193974,41.5,0.375554641858775,51-93,17-51,0.70-0.90,0.30-0.50
Baringo,Tiaty,Ribkwo,-0.901340108442125,1.06372029257277,-0.425331012727217,-0.561721852372444,-0.833799683916887,-1.0013102183057,0.340547208501139,1.7460238335811,-0.502233758984682,0.54760496598659,172,310153,0.000435357953996024,1,1,27,1,135.027575505729,23.2604826199221,85.3968158901303,137.661810664782,173.704255905217,137.661810664782,0.615010043241197,0.774457695947563,43.5,0.784342917181679,27.5,56,0.487026175495623,0.952028877936513,28.5,0.46500270244089,17-51,17-51,0.70-0.90,0.30-0.50
Baringo,Tiaty,Silale,-1.36177736332252,1.33826732819601,-1.08067544664254,-0.199901539150066,-0.140818015644432,-1.16008030421348,0.486861392884078,2.20994138180313,-0.706323328220422,0.802843433062926,342,34490,0.00843072826395317,1,1,28,1,290.775817823745,38.5231162548839,197.537505262364,297.429482406361,349.126533208085,297.429482406361,1.13457863552574,1.28996495278544,843.1,0.850592783337463,572.7,1012.3,0.590692115952836,0.976262112849113,439.6,0.385569996896277,788-957,258-788,0.70-0.90,0.30-0.50
Baringo,Tiaty,Tangulbei/Korossi,-0.731011649888564,0.747370970025385,-0.801705272773917,-0.186705633047018,-0.328188559802072,-1.12475638377526,0.399261912505786,1.72209039234231,-0.519938821595634,0.6941264100429,29,200120,9.05636674125775e-05,1,1,29,1,18.123601122605,6.30259725179264,7.32579460184876,17.8909120456044,31.8673255122078,17.8909120456044,0.143847001038541,0.208403308061153,9.1,0.61974431331432,3.7,15.9,0.250027348914185,0.91232661467312,12.2,0.662299265758934,5-17,5-17,0.50-0.70,0.50-0.70
Baringo,Tiaty,Tirioko,-0.933628344607271,1.03544362222581,-0.258001428248926,-0.290283436964846,0.0674206165323161,-0.701788340361621,0.354389559379472,2.26130701552808,-0.941455181182025,1.54433821266713,254,168289,0.00125823267655117,1,1,30,1,211.74671890412,33.4279465931712,128.060877887304,218.173343061226,260.774216725083,218.173343061226,1.03374098869031,1.12246400806758,125.8,0.834155419338202,76.1,155,0.51684653701507,0.980339392107385,78.9,0.463492855092314,93-191,51-93,0.70-0.90,0.30-0.50
Bomet,Bomet Central,Chesoen,0.971543941204537,-0.935260150677389,0.285752250436318,0.801984086680361,0.184165567864529,1.47082472173008,0.281714466516834,-0.356359255024531,-0.363813119523184,0.752189048565992,0,312153,8.4109718822572e-08,0,1,31,0,0.0262551010596223,0.0965424920000831,0.000360883380585281,0.00546051236994927,0.206112302141461,0.00546051236994927,0.0144198208594672,0.00396493120443893,,0.00414341699991221,0,0.1,0.000227921555994252,0.0183700819197077,0.1,0.0181421603637135,0,1-5,<0.01,0.01-0.05
Bomet,Bomet Central,Mutarakwa,0.685231698453236,-0.792601485635403,1.31383091834011,0.71500947251774,0.124825397622811,1.51808735408484,0.597605582744942,-0.0714368744879174,-0.311098485147768,1.04660596831871,0,280189,6.45954823387277e-07,0,1,32,0,0.180989436010058,0.7564365280713,0.00162460792362991,0.030327878196724,1.58164431831553,0.030327878196724,0.213797245969022,0.0374423484352193,0.1,0.0117344158395584,0,0.6,0.000692779993678201,0.0489131325861704,0.6,0.0482203525924922,1-5,1-5,0.01-0.05,0.01-0.05
Bomet,Bomet Central,Ndaraweta,1.0747380997908,-1.10732580088029,0.298869891728686,0.247163135321291,0.181187639543143,1.35038452517975,0.391448625689393,-0.229985591980079,-0.327100817803575,0.522758427494761,0,195859,2.37961664847284e-08,0,1,33,0,0.00466069337153242,0.0111322345006912,0.000134219949055367,0.0019808772421596,0.0241919734198591,0.0019808772421596,0.00207920534939339,0.000483532657238701,,0.002647899776863,0,0,0.00011288312892861,0.011964004624574,,0.0118511214956454,0,0,<0.01,0.01-0.05
Bomet,Bomet Central,Silibwet Township,0.791010933350641,-1.02753159382058,0.527392544759903,0.252302268552361,0.0711689838577805,1.34201081652014,0.65991595776657,-0.196119752305935,-0.391228839276703,0.818872501509013,0,372966,5.56012904270525e-08,0,1,34,0,0.020737390885416,0.0874948856465794,0.000434537079400748,0.00556880816942607,0.142124530657391,0.00556880816942607,0.024280207231024,0.00430244636081017,,0.0042819290590307,0,0,0.000290557493751839,0.0153457122418203,,0.0150551547480685,0,0,<0.01,0.01-0.05
Bomet,Bomet Central,Singorwet,0.944362706449617,-1.05912162354245,0.298869656313149,0.191935548626879,0.126815513687137,1.35197094145577,0.467251567829765,-0.213141660479002,-0.348523371773726,0.71396247164963,0,214684,2.59151719841346e-08,0,1,35,0,0.00556357278224195,0.0168698677602128,0.000199153819491899,0.00242180324686859,0.0247676003863862,0.00242180324686859,0.00409299109532901,0.000792335545561697,,0.0027833819059272,0,0,0.000155638103486934,0.0112173531068544,,0.0110617150033675,0,0,<0.01,0.01-0.05
Bomet,Bomet East,Chemaner,0.544781551099345,-1.18223432334698,0.688310742918186,-0.0831076047026233,0.00592887730819049,1.34819451979292,0.952551375582334,0.123086841235656,-0.273078566340004,0.876237031736351,2,165082,1.72236237133936e-07,0,1,36,1,0.0284331024985444,0.0399899222437109,0.0021335002781625,0.0160019928336309,0.135314513243346,0.0160019928336309,0.00379366225495603,0.001504524645413,,0.0128034805358755,0,0.1,0.00117168466907199,0.0479294678760622,0.1,0.0467577832069902,0,1-5,0.01-0.05,0.01-0.05
Bomet,Bomet East,Kembu,0.707445124202486,-1.08422614494838,1.5002286023872,-0.232790714496689,0.0222545462953643,1.32527295941646,0.859762778407391,-0.0467682837455384,-0.416196035646926,0.946413056182345,0,233752,1.63538097278224e-07,0,1,37,0,0.0382273573149794,0.127282261267707,0.000872609336275935,0.00987352530537985,0.263788059097813,0.00987352530537985,0.0287867177941662,0.00584565040522711,,0.00915641890947886,0,0.1,0.000568545867545617,0.0374015689132494,0.1,0.0368330230457038,0,1-5,<0.01,0.01-0.05
Bomet,Bomet East,Kipreres,0.103480899461569,-0.734465086888571,1.6227713316779,-0.0471735887165164,-0.0920565065588046,1.39212227440168,1.0440229651897,0.195141035261365,-0.228850612840493,1.16830798942625,0,351855,2.46283650544095e-06,0,1,38,0,0.866561338621924,2.89122843742518,0.00506516704824485,0.12981350963622,7.03187878729705,0.12981350963622,0.419884590589611,0.117984504194541,0.2,0.0289556916183274,0,2,0.00163151384424118,0.115913714749377,2,0.114282200905135,1-5,1-5,0.01-0.05,0.05-0.15
Bomet,Bomet East,Longisa,0.396014473842418,-0.898636631899468,1.62277132778673,0.0801711097297431,-0.0603292180206481,1.37022647907305,0.942567134482949,-0.0106689222675095,-0.349719766367503,1.06123395024372,0,406163,7.130721161128e-07,0,1,39,0,0.289623509896723,1.36325099049816,0.00251164497493965,0.0452807947563746,1.95333415651261,0.0452807947563746,0.275007337033127,0.0605027726901925,0.1,0.0182857951202814,0,0.5,0.00108844164604866,0.0789434306333388,0.5,0.0778549889872901,1-5,1-5,0.01-0.05,0.05-0.15
Bomet,Bomet East,Merigi,0.875397506997114,-1.08412351660029,1.06120913546338,-0.302125903154201,0.0699266317837079,1.29836506806475,0.758194961563165,-0.0430240760585192,-0.370563800722243,0.846423685970961,0,290339,6.88547877878647e-08,0,1,40,0,0.0199912302315408,0.081357670318467,0.000503211773649022,0.00674932011319904,0.103096106634386,0.00674932011319904,0.0229259746914714,0.00402272138540284,,0.00704384186383006,0,0,0.000382666897860085,0.0303384531760872,,0.0299557862782271,0,0,<0.01,0.01-0.05
Bomet,Chepalungu,Chebunyo,0.258639185253659,-0.531812050148559,1.67988120540969,0.107316547935752,0.194805264020276,1.40589732775512,1.10724074749711,0.289131655184863,0.146158375092724,1.44351986292746,0,385616,1.61519428749697e-06,0,1,41,0,0.622844760367431,3.5300198096848,0.00403500427680618,0.084879693622134,4.11402148166789,0.084879693622134,1.10495058477397,0.181512238837595,0.2,0.0259035873605881,0,1.1,0.00124217747593481,0.104769891529533,1.1,0.103527714053598,1-5,1-5,0.01-0.05,0.05-0.15
Bomet,Chepalungu,Kong'asis,0.555789567111865,-0.70978840573895,1.86830342605095,0.668153201750358,0.159268232179349,1.4394910334473,0.988419119832851,0.150387535091103,-0.233200443016558,1.30399850522935,0,267222,2.77494920864487e-06,0,1,42,0,0.7415274774325,4.34692255848321,0.00457958305679142,0.0891466128479314,5.22207252522334,0.0891466128479314,1.23710047736388,0.215702865030763,0.3,0.0276104373500647,0,2,0.00164072014364641,0.107303694343092,2,0.105662974199446,1-5,1-5,0.01-0.05,0.05-0.15
Bomet,Chepalungu,Nyangores,0.38716424224853,-0.807049985703703,1.61795203335087,0.451456454578188,0.0279628531629662,1.41697446084801,0.822322130415781,-0.0784265319023985,-0.355088569127675,1.14026081597072,0,648018,1.48079053309287e-06,0,1,43,0,0.959578919673776,4.40837682302504,0.00529656527490218,0.142476253253254,6.87454517926955,0.142476253253254,1.14547947429133,0.211851598485219,0.1,0.025973856036858,0,1.1,0.00168208160061509,0.0996214674305238,1.1,0.0979393858299087,1-5,1-5,0.01-0.05,0.05-0.15
Bomet,Chepalungu,Sigor,0.0534670175657421,-0.602696180474629,1.52186038291728,-0.128204882581783,0.0435467252688008,1.40023014074556,1.0922478710996,0.302425057507083,-0.148033855064064,1.34934016954971,0,418370,7.1239169963978e-06,0,1,44,0,2.98043315378295,33.2053737627806,0.00781618882329248,0.227538754029732,13.0421775963725,0.227538754029732,14.1484286133481,1.94487131108538,0.7,0.0477444703789156,0,3.1,0.00287380489925368,0.196473699396883,3.1,0.193599894497629,1-5,1-5,0.01-0.05,0.15-0.30
Bomet,Chepalungu,Siongiroi,0.592424797262749,-0.630055018076242,1.95539342475856,0.56447321125627,0.203952500994414,1.43454214253894,1.06398503963178,0.229961778780341,-0.0710537314575869,1.42237634411587,0,296591,2.73614937883889e-06,0,1,45,0,0.811517280419204,2.9804708071254,0.00451378952513688,0.119181220340754,6.23508650668928,0.119181220340754,0.438306243124545,0.121971683320468,0.3,0.0336369213967587,0,2.1,0.00167248709289253,0.141923313082878,2.1,0.140250825989985,1-5,1-5,0.01-0.05,0.05-0.15
Bomet,Konoin,Boito,1.4102817436715,-1.2665694314516,0.340740448511148,0.781161442880423,0.61242872475006,1.05520846846591,0.413166649713424,-0.138156484711111,-0.293378913512456,0.473750859877673,0,323403,8.67708618086125e-09,0,1,46,0,0.00280619570214907,0.00903084822136801,7.63530701181096e-05,0.00113282627270983,0.0140814803683335,0.00113282627270983,0.00213906432370654,0.000420866802318442,,0.00134509606092674,0,0,6.16960313471165e-05,0.00567737516334026,,0.00561567913199314,0,0,<0.01,<0.01
Bomet,Konoin,Chepchabas,1.6626284156046,-0.994960947777479,0.196753638800149,1.0546361387087,0.392159037109682,1.24105704606305,0.33122355095195,-0.533654025284613,-0.395929043198681,0.281359860830995,0,223966,9.99842852485556e-09,0,1,47,0,0.0022393080429978,0.00574657849936783,7.61935078182653e-05,0.00108188125400706,0.0121309138852442,0.00108188125400706,0.00128553009003282,0.000263026829813249,,0.00143529827217926,0,0,5.85052894541357e-05,0.00615810087830066,,0.00609959558884652,0,0,<0.01,<0.01
Bomet,Konoin,Embomos,1.2159179805966,-1.11662176862066,0.298869856708204,0.595426163871461,0.257950403877649,1.23253001128531,0.315130149485017,-0.276083676953682,-0.329348742598926,0.406933662456291,0,368756,1.46104681496354e-08,0,1,48,0,0.00538769779298697,0.0113970905916976,0.00017697716037627,0.00233298431574359,0.0326069958158339,0.00233298431574359,0.00137633470332009,0.000447454699394876,,0.00257720245699309,0,0,0.000127621843126709,0.0110566197848019,,0.0109289979416752,0,0,<0.01,0.01-0.05
Bomet,Konoin,Kimulot,1.46587415738601,-0.842447506095004,0.25451390532895,1.01303076774018,0.264800474412073,1.36100421351678,0.288609644016649,-0.541195327527014,-0.37060021287589,0.414397481356092,0,213074,5.70220629951434e-08,0,1,49,0,0.0121499190506272,0.252469550284808,0.000110386113448188,0.00178105619795613,0.02859978570326,0.00178105619795613,0.12602007991129,0.0159539978561062,,0.00267990509242817,0,0,8.44271368723481e-05,0.0135535824639594,,0.013469155327087,0,0,<0.01,0.01-0.05
Bomet,Konoin,Mogogosiek,1.13572031234274,-0.917133304703026,0.283044576884981,0.906691265154567,0.287185316270483,1.44667235716981,0.258196568379288,-0.460004174277876,-0.351278970202173,0.554707383188081,0,335595,3.95567857016405e-08,0,1,50,0,0.013275059497542,0.0708782590533301,0.000133680840545781,0.00287414584775439,0.0777787885542509,0.00287414584775439,0.0196243483741646,0.00348252012113938,,0.00348404598858434,0,0,9.68568220593383e-05,0.0164334729526912,,0.0163366161306319,0,0,<0.01,0.01-0.05
Bomet,Sotik,Chemagel,1.10101895369317,-0.652009487553886,0.220105260132832,1.19927591518693,0.262267521926205,1.49657317674687,0.491250745145872,-0.363148404920832,-0.486688278511098,0.872216382013527,0,350495,2.3332758575451e-07,0,1,51,0,0.081780152169027,0.808078769845443,0.000576248344277899,0.0115742594737287,0.397852128018251,0.0115742594737287,0.361581915128211,0.0484221426660027,,0.00869522492377299,0,0.1,0.000357329126519473,0.034946679068758,0.1,0.0345893499422385,0,1-5,<0.01,0.01-0.05
Bomet,Sotik,Kapletundo,1.1681307789946,-0.723178774568252,0.221277388221247,1.2750414070443,0.263343476906233,1.50262884491564,0.447204922488686,-0.314265075209968,-0.305543794218813,0.886175382691699,0,354659,1.03298301880923e-07,0,1,52,0,0.0366356724467863,0.260340862671785,0.00057390738144578,0.00817642002307956,0.196527471835281,0.00817642002307956,0.10862114772387,0.0151025055179404,,0.00611659130060806,0,0.1,0.000341197554096118,0.0230847303850192,0.1,0.0227435328309231,0,1-5,<0.01,0.01-0.05
Bomet,Sotik,Kipsonoi,0.91200173244694,-0.710101060932017,1.11850883193589,0.793654816271689,0.2289889555615,1.52882114588219,0.68568553640941,-0.0862987412372759,-0.288448474925432,1.07865359465237,0,442439,3.39349257542596e-07,0,1,53,0,0.150141346157888,0.640504861317175,0.00110331845391081,0.0219291442920192,1.15179990331015,0.0219291442920192,0.13489490452252,0.0287860450025677,,0.01066851623027,0,0.3,0.000473908798103822,0.0447345896686093,0.3,0.0442606808705055,0,1-5,0.01-0.05,0.01-0.05
Bomet,Sotik,Ndanai/Abosi,0.857330617571945,-0.702447988552091,1.95846507601224,0.904748123540376,0.397253413715346,1.42228481716664,0.838441442961606,0.00444207053765353,-0.189307612409344,1.26636913219526,0,434390,5.68254129041955e-07,0,1,54,0,0.246843911114535,1.07213945650037,0.00168585614056449,0.0328302816579617,1.56337113751941,0.0328302816579617,0.179143293680894,0.0452340432302832,0.1,0.0118150372042189,0,0.4,0.000598265976380159,0.047661659117617,0.4,0.0470633931412369,1-5,1-5,0.01-0.05,0.01-0.05
Bomet,Sotik,Rongena/Manaret,0.97119704915031,-0.653779072454072,0.568833110212387,1.14548479499942,0.340523768375281,1.43751286035202,0.50846837768057,-0.344029384656602,-0.693806859589337,0.831667526596337,0,275724,5.03655470270502e-07,0,1,55,0,0.138869900884864,0.615638215236439,0.00172997298038917,0.0255419776370591,0.989046894744045,0.0255419776370591,0.175966264483602,0.0305972734902768,0.1,0.0161173501163124,0,0.4,0.000970303415043032,0.0642231644492426,0.4,0.0632528610341996,1-5,1-5,0.01-0.05,0.05-0.15
Bungoma,Bumula,Bumula,1.27489289085972,0.0701984039414609,0.108195548961357,0.411927812883433,-0.0130236835079095,1.14067879955407,0.595434592405351,-0.282474615510493,0.138291547121987,0.886921878088089,0,369496,1.59010902533536e-07,0,1,56,0,0.0587538924425314,0.15573458324161,0.00154595291924949,0.0193678191607212,0.40466063138884,0.0193678191607212,0.0173588636858226,0.00602263087179747,,0.0180314665498808,0,0.1,0.000923859917690928,0.0699390973681368,0.1,0.0690152374504459,0,1-5,0.01-0.05,0.05-0.15
Bungoma,Bumula,Kabula,1.23237737468334,0.0715790814172928,0.327780527841731,0.827031506742535,-0.0880982674886996,1.09738924729807,0.542515860614921,-0.385007376707331,0.353357211946312,0.811815173643624,0,215621,1.55655297610325e-07,0,1,57,0,0.0335625509260359,0.142571268095731,0.000933178727256884,0.0113847004941463,0.179900412970531,0.0113847004941463,0.0392938897539069,0.00699366315580804,,0.0112441439811627,0,0.1,0.000648930592926643,0.0462405841973414,0.1,0.0455916536044148,0,1-5,0.01-0.05,0.01-0.05
Bungoma,Bumula,Khasoko,1.39099943861134,0.138022203225911,0.291748069977924,0.697036876196295,0.0581281230785555,1.19485442512041,0.666181923267964,-0.236432503096825,0.208031663795819,1.08239150598328,0,157074,6.39604885254061e-07,0,1,58,0,0.100465297746396,0.325695084031191,0.00536963632941397,0.0376793439051399,0.583352887384017,0.0376793439051399,0.0624210292244309,0.0142472354074077,0.1,0.0372026554998278,0,0.4,0.00347639886474886,0.153763494496707,0.4,0.150287095631958,1-5,1-5,0.01-0.05,0.15-0.30
Bungoma,Bumula,Kimaeti,1.12311107072584,0.0329873150722011,0.0856140681344972,0.125972516985925,-0.0304028029501004,1.13688318089664,0.656709211897015,-0.286802807454131,0.0895896494108755,0.518425066909235,0,415908,1.95923401555274e-07,0,1,59,0,0.0814861100940508,0.266106582693579,0.00217716251436822,0.0250287103455154,0.569660305369833,0.0250287103455154,0.0612185923057929,0.0122868327534679,,0.0225918853000683,0,0.1,0.00159770351871876,0.0910686962974985,0.1,0.0894709927787797,0,1-5,0.01-0.05,0.05-0.15
Bungoma,Bumula,Siboti,1.18112674339066,-0.108717039616082,0.0511594604880604,-0.336247704076958,-0.0525341279244482,1.14362253660176,0.538447400679416,-0.3008941708879,0.235013188785693,0.290606046670372,0,377936,5.19627260986214e-08,0,1,60,0,0.0196385848508086,0.0580837238346537,0.000847462701850755,0.00780705191405734,0.111042109188167,0.00780705191405734,0.0120826235906829,0.00260094083615795,,0.0103381796751619,0,0,0.000759966879915911,0.0400856006378909,,0.039325633757975,0,0,0.01-0.05,0.01-0.05
Bungoma,Bumula,South Bukusu,1.24814663303512,0.00902208758382196,-0.0174881458920227,0.616402619757544,-0.0738283527638094,1.10160165349101,0.566907039413526,-0.351377551807798,0.0940859311599579,0.771622168967036,0,250505,1.79471171168812e-07,0,1,61,0,0.0449584257336432,0.146479588873704,0.00197401286620931,0.0174696474972652,0.256288149909496,0.0174696474972652,0.031777633244942,0.0066418853097297,,0.0165320508902118,0,0.1,0.00148510443658078,0.0586232945867899,0.1,0.0571381901502092,0,1-5,0.01-0.05,0.05-0.15
Bungoma,Bumula,West Bukusu,1.21588746192841,-0.0791156708922263,0.0059405467886831,0.290498759203474,-0.118267799624929,1.10860663386939,0.456530545193006,-0.41422291930652,0.0848629747762148,0.540601392154997,0,220419,1.48208180702275e-07,0,1,62,0,0.0326678989822147,0.0961835112522081,0.0018944868124363,0.0143695339266393,0.158685001293826,0.0143695339266393,0.022185858346811,0.00444474657352973,,0.0161825894866676,0,0.1,0.00149041798512584,0.063480847704293,0.1,0.0619904297191672,0,1-5,0.01-0.05,0.05-0.15
Bungoma,Cheptais,Cheptais,0.843251153244477,-0.562431494891452,1.65981970094276,-0.0196119531009522,0.104753577664911,0.822289548821989,0.555175831825094,0.229298617775461,0.305080525897814,0.229073113883446,0,458678,1.23964305538818e-07,0,1,63,0,0.0568596997359338,0.211108334215493,0.000976114348853575,0.0128715382140437,0.370142473824018,0.0128715382140437,0.0316327470306307,0.00867646227694457,,0.00869594416853716,0,0.1,0.000562384134984108,0.0339800397990191,0.1,0.033417655664035,0,1-5,<0.01,0.01-0.05
Bungoma,Cheptais,Chepyuk,0.899615747016288,-1.13293371328138,2.01223167177124,0.0766722839363368,-0.0537451100545676,0.902541651388818,0.777280444679728,-0.0115325387295123,0.3378809790515,0.432360855118181,0,331065,3.88163425707916e-06,0,1,64,0,1.28507324531991,31.280173443078,0.000107606997812576,0.0117810248012947,1.68930711326452,0.0117810248012947,15.5501363163941,1.9726429105705,0.4,0.0300089492378243,0,0.5,7.99694592241637e-05,0.217761173285973,0.5,0.217681203826749,1-5,1-5,0.01-0.05,0.15-0.30
Bungoma,Cheptais,Chesikaki,0.86678714710734,-0.551418554185989,1.87975373782304,0.16779290554201,-0.0596927832336978,1.05997294093056,0.554012218819117,0.0130300881018016,0.429506946556676,0.25771259781624,0,326577,1.20137584721569e-06,0,1,65,0,0.392341720056157,5.85564086742009,0.000256039049706942,0.0148298244098251,1.44703713954085,0.0148298244098251,2.7084346809309,0.356468072720776,0.1,0.0224244860482995,0,0.4,0.000171331785491528,0.150939215751743,0.4,0.150767883966252,1-5,1-5,0.01-0.05,0.15-0.30
Bungoma,Cheptais,Kakateny,0.822653275225049,-0.497125492373719,2.01223174181223,0.575923430014873,-0.232530945119025,1.17593570722013,0.717198544524569,-0.156254733669225,0.451232613038634,0.43596705983899,0,287702,1.29869262965603e-06,0,1,66,0,0.373636466937299,3.28178746884898,0.00154852412770055,0.0339646008195294,1.83873443112442,0.0339646008195294,1.02771380985923,0.168777560420904,0.1,0.024895863889155,0,0.6,0.000816648001041584,0.122556551779429,0.6,0.121739903778388,1-5,1-5,0.01-0.05,0.05-0.15
Bungoma,Kabuchai,Bwake/Luuya,1.12993692893435,-0.0932008680112465,-0.233542993991183,0.825717451238448,-0.290025659065169,1.27264724084859,0.542975961377063,-0.285434673454459,0.471749477356356,0.528514212562739,0,411397,2.49882145086601e-07,0,1,67,0,0.102800764842193,0.599958122430348,0.00173612369948761,0.0199313744353989,0.651670206254176,0.0199313744353989,0.231731284857234,0.0336283149813035,,0.0179321329294594,0,0.2,0.00104283389468065,0.0826286777111984,0.2,0.0815858438165178,0,1-5,0.01-0.05,0.05-0.15
Bungoma,Kabuchai,Kabuchai/Chwele,1.269111228782,-0.117888843189607,-0.231730366394737,0.559250519210239,-0.231620108566846,1.2738595500412,0.613713011388453,-0.311355061429316,0.403408316269981,0.391189680468706,0,440148,8.8403177445488e-08,0,1,68,0,0.0389104817462767,0.167231365723267,0.00105324635437313,0.011552846301812,0.226721683759655,0.011552846301812,0.038449587186695,0.007720085531125,,0.0109248368340625,0,0.1,0.00082313046199641,0.0458392127967752,0.1,0.0450160823347788,0,1-5,0.01-0.05,0.01-0.05
Bungoma,Kabuchai,Mukuyuni,1.1066883584726,-0.277390833436924,0.797558094136734,0.852486076444508,-0.311378276327379,1.26528725945194,0.672664074252259,-0.189372000346575,0.577197393606071,0.55258711026226,0,383330,2.49233844616365e-07,0,1,69,0,0.0955388096567912,0.271236131727361,0.00193776876506948,0.0245439031559652,0.738319852878518,0.0245439031559652,0.031094547847962,0.0105438314801722,,0.0138290361957631,0,0.2,0.000947231715197378,0.0467666967538286,0.2,0.0458194650386312,0,1-5,0.01-0.05,0.01-0.05
Bungoma,Kabuchai,West Nalondo,1.25257411572448,-0.108530372470323,-0.233543107807766,0.556761850300907,-0.211631401911545,1.1269281357155,0.394072633668754,-0.498586298777342,0.202499200165747,0.38707879262882,0,416120,8.00916584565181e-08,0,1,70,0,0.0333277409169263,0.124473490881487,0.00112372581449633,0.011394147893843,0.223387433205623,0.011394147893843,0.039667220488648,0.00644497269882148,,0.0107914362249098,0,0.1,0.000895635616947768,0.0395260312924096,0.1,0.0386303956754618,0,1-5,0.01-0.05,0.01-0.05
Bungoma,Kanduyi,Bukembe East,1.32683762870707,0.0318861121956764,-0.233543096134273,0.705444915424165,-0.262638163589405,1.24780131484729,0.499025964293628,-0.348429627736662,0.381926021939182,0.728824968968041,0,248422,1.86297235137344e-07,0,1,71,0,0.0462803317472893,0.138353629523648,0.00187242457310379,0.0184850903451444,0.218847354994089,0.0184850903451444,0.0339440322664748,0.0065219350171046,,0.0175120337467323,0,0.1,0.00120304035983143,0.0659907186476044,0.1,0.064787678287773,0,1-5,0.01-0.05,0.05-0.15
Bungoma,Kanduyi,Bukembe West,1.26696374737327,-0.0761640711831928,-0.233543093215917,0.673948032179086,-0.247095976001485,1.12890423015466,0.435530175310542,-0.453318463814493,0.269022735886902,0.602445731702942,0,229641,1.85001594237295e-07,0,1,72,0,0.0424839511022468,0.218767724529336,0.00154519598668692,0.0141611437991961,0.204440754469279,0.0141611437991961,0.0786043199687145,0.0118894165810457,,0.015291931476522,0,0.1,0.0012551694210565,0.0641089448902604,0.1,0.0628537754692039,0,1-5,0.01-0.05,0.05-0.15
Bungoma,Kanduyi,East Sang'alo,1.44087192324086,0.0596645825917694,0.124276115525716,0.84431647256123,-0.11238525317728,1.17623291051701,0.594942813289837,-0.252103025449265,0.541203895166541,1.0784996409823,0,266590,2.9866631424984e-07,0,1,73,0,0.0796214527158649,0.354728326834182,0.00174461336570486,0.018717640342893,0.425534436946386,0.018717640342893,0.0742145451169916,0.0159112345954268,,0.0189667556764208,0,0.2,0.00137337574758816,0.0762649122229236,0.2,0.0748915364753355,0,1-5,0.01-0.05,0.05-0.15
Bungoma,Kanduyi,Khalaba,1.24660195737669,-0.0810305348825822,-0.233542930759723,0.556172148600408,-0.199950871473888,0.889074020407464,0.261476193771349,-0.753072036827645,0.276352829222813,0.17447826876108,0,377198,3.1175754722222e-08,0,1,74,0,0.0117594323297127,0.0193267696394193,0.000732187284702148,0.0066248886763385,0.0555403780269371,0.0066248886763385,0.00218662627931953,0.000749460507424147,,0.00741485377879796,0,0,0.000616978201604951,0.0297129144898461,,0.0290959362882411,0,0,<0.01,0.01-0.05
Bungoma,Kanduyi,Marakaru/Tuuti,1.43464718174679,-0.123664932172469,-0.233542899630414,0.173629781489099,-0.156500430291615,1.13166093382346,0.50392411024175,-0.381820266729956,0.23102974082677,0.325811241013932,0,450923,3.63292164322059e-08,0,1,75,0,0.0163816792612596,0.0387002628603832,0.000714944538207076,0.0072433049193843,0.0807472261470937,0.0072433049193843,0.00511815937162574,0.00154751058770181,,0.00851788998781243,0,0,0.000512366351712912,0.0377279111103505,,0.0372155447586376,0,0,<0.01,0.01-0.05
Bungoma,Kanduyi,Musikoma,1.22892671845176,-0.0204240408568334,-0.233543031930044,0.572548611889547,-0.149576708584417,1.04056551124065,0.406132456232796,-0.497730614753154,0.180453666965467,0.517950431129215,0,474400,7.21264096175959e-08,0,1,76,0,0.0342167687225875,0.0765870478005808,0.00130851478805976,0.0138848652792775,0.244605997786469,0.0138848652792775,0.00958659156016294,0.00302820438973748,,0.0124163443539494,0,0.1,0.000863791920542213,0.0492413334656786,0.1,0.0483775415451364,0,1-5,0.01-0.05,0.01-0.05
Bungoma,Kanduyi,Township,1.24108480410257,-0.095842688646364,-0.233542799432887,0.42946079403826,-0.200976361761466,0.889074020407464,0.261476193771349,-0.753072036827645,0.276352829222813,0.17447826876108,0,290196,3.57293465939898e-08,0,1,77,0,0.0103685134641895,0.0187960467356274,0.000617730045278905,0.00581969287541137,0.0466778365001125,0.00581969287541137,0.00324092483924838,0.000799357271264352,,0.00736449586610384,0,0,0.000502020581889107,0.0309525897067221,,0.030450569124833,0,0,<0.01,0.01-0.05
Bungoma,Kanduyi,West Sang'alo,1.31927301861341,0.0109400381410078,-0.0102459003424053,0.8361607064435,-0.129512049157197,1.10268164388522,0.486579381869234,-0.395723623168924,0.331515998860749,0.813317743869571,0,351791,1.58411388414266e-07,0,1,78,0,0.055727700741643,0.166083956258555,0.00184736495403001,0.0184325355926182,0.341802266346206,0.0184325355926182,0.0277042033741916,0.00700420351434747,,0.0169169569496105,0,0.1,0.00141627482775527,0.065707435460823,0.1,0.0642911606330677,0,1-5,0.01-0.05,0.05-0.15
Bungoma,Kimilili,Kamukuywa,0.5599794236748,-0.476236379507501,0.4771945235273,1.16419132511597,-0.576599474017367,1.26318202354652,0.289401667365294,-0.428116781437656,0.382197428224281,0.585205852887179,0,385782,1.0686746319262e-06,0,1,79,0,0.412275436853752,1.31373839870676,0.00441576609705575,0.0695469166980214,3.97107797132468,0.0695469166980214,0.190348797232475,0.0535827708779212,0.1,0.0294952850009077,0,1,0.001695114948236,0.112070783246512,1,0.110375668298276,1-5,1-5,0.01-0.05,0.05-0.15
Bungoma,Kimilili,Kibingei,0.877001903308661,-0.306540791757512,1.30629387223354,1.12549773934911,-0.415162496628508,1.21117861210123,0.651011712567478,-0.238457332965864,0.512806654271541,0.565982457270043,0,414476,1.03497601491404e-06,0,1,80,0,0.42897271875751,1.74428741034507,0.00356898603698612,0.0593607496102615,3.19375923735915,0.0593607496102615,0.344522841839396,0.0769487488298005,0.1,0.0229568408085594,0,0.8,0.00173307786189572,0.096683890258999,0.8,0.0949508123971033,1-5,1-5,0.01-0.05,0.05-0.15
Bungoma,Kimilili,Kimilili,0.975456431609347,-0.16739029054883,0.317641595362553,1.04489754510244,-0.497190126394547,1.27900020704633,0.459373654883317,-0.311156792187624,0.480060955584819,0.6791641469346,0,435962,4.16480060760437e-07,0,1,81,0,0.181569480249242,0.742948790145046,0.0049394883856643,0.0415608065705289,1.21239058996314,0.0415608065705289,0.247766666103505,0.0391642434803183,,0.0211650338505086,0,0.3,0.00203322138974483,0.071320084194918,0.3,0.0692868628051732,0,1-5,0.01-0.05,0.05-0.15
Bungoma,Kimilili,Maeni,0.668571537444084,-0.407387138533058,1.80401135524,1.2024708423603,-0.516909801682628,1.2555460319523,0.436455926099169,-0.36131474301269,0.455448786953114,0.600199024738165,0,272203,1.68118817560771e-06,0,1,82,0,0.457624464964946,1.7312507708712,0.00489492047117168,0.0733676288529476,2.49142246502113,0.0733676288529476,0.266795471724503,0.0716205835701222,0.2,0.0283254688823582,0,0.9,0.00225920526196482,0.113533647840209,0.9,0.111274442578244,1-5,1-5,0.01-0.05,0.05-0.15
Bungoma,Mt Elgon,Elgon,0.701297465592533,-0.530453750282446,2.01223184298255,1.11556861035586,-0.403642055198342,1.12840458279456,0.709274790403725,-0.0685638572780674,0.389533530287942,0.636042057329015,0,322077,6.02672921590376e-06,0,1,83,0,1.94107086567064,34.4777828545069,0.00484076640051229,0.116288217187047,6.25953866703844,0.116288217187047,16.949720737478,2.16227768961382,0.6,0.0362410511970112,0,1.9,0.00198341995769473,0.158371623613334,1.9,0.156388203655639,1-5,1-5,0.01-0.05,0.15-0.30
Bungoma,Mt Elgon,Kaptama,1.00505710396301,-1.82238583487128,1.69633136171026,0.204804138352853,1.69858831345567,0.955639770256348,0.632711149785932,0.0342725097671289,0.306345162077846,0.736923332660591,0,396848,6.66709367563992e-10,0,1,84,0,0.000264582279099035,0.000466095198671471,8.57609427064139e-06,0.00011648164232872,0.00158717963818449,0.00011648164232872,4.49854896322528e-05,1.75843565206215e-05,,0.000196539407460706,0,0,7.2912452473453e-06,0.00101979779297649,,0.00101250654772915,0,0,<0.01,<0.01
Bungoma,Sirisia,Lwandanyi,0.942058440714898,-0.25695544589911,0.98461464399437,-0.509026842881849,0.0333789421830481,1.03333690070818,0.563217165142804,-0.0735637191618246,0.326331988551679,0.130757650468217,0,485839,3.00060329203577e-08,0,1,85,0,0.0145781010279937,0.07034188334406,0.00042184507552266,0.00478725328249163,0.0831740123004223,0.00478725328249163,0.0280707429097745,0.00399975532688911,,0.00503765439705244,0,0,0.000329962993070007,0.020672397572289,,0.020342434579219,0,0,<0.01,0.01-0.05
Bungoma,Sirisia,Malakisi/South Kulisiru,1.24053674208908,-0.181496181695658,0.114681812011858,-0.210319247711046,-0.0674062091822961,1.20295206936753,0.591590902320755,-0.158319773013677,0.48915326607498,0.22503730117535,0,387737,2.21837956050225e-08,0,1,86,0,0.00860147835650462,0.0284746782374387,0.000365237699554419,0.00409149410011403,0.0412828039032177,0.00409149410011403,0.0101587052584131,0.00154294132260565,,0.00503882688679462,0,0,0.000308845067133795,0.0220092525801987,,0.0217004075130649,0,0,<0.01,0.01-0.05
Bungoma,Sirisia,Namwela,1.14221460347705,-0.290233266499357,0.654667283801043,0.114184337415209,-0.176140913520078,1.32672904156463,0.674305598030349,-0.213448107266179,0.543247843395197,0.387787444906562,0,234985,7.27854457255323e-08,0,1,87,0,0.0171034879638142,0.0817504451397008,0.00070853249790856,0.00584339373012301,0.0707258992110173,0.00584339373012301,0.0214125862787081,0.0039394269284527,,0.00688465653175153,0,0,0.000535448968387534,0.0252234857349624,,0.0246880367665749,0,0,<0.01,0.01-0.05
Bungoma,Tongaren,Mbakalo,0.950810642133924,-0.29009380979667,0.710057960718145,0.793385512065506,-0.508415451667148,1.24831946566593,0.042552585707519,-0.576668702302151,0.436392034258232,0.833801154508356,0,314630,3.81041411080804e-07,0,1,88,0,0.119887059168353,1.09232377314868,0.00239408151229402,0.0245673129978739,0.399523702284664,0.0245673129978739,0.467884966828059,0.0641339542175689,,0.0200193791521261,0,0.1,0.00163708476134913,0.0880587642163137,0.1,0.0864216794549645,0,1-5,0.01-0.05,0.05-0.15
Bungoma,Tongaren,Milima,0.719900159055146,-0.43019076464343,0.540041452330106,1.01553806441079,-0.61149870716074,1.29749679781778,0.0777535932440567,-0.52854140572795,0.342644658683111,0.613514559160902,0,401641,4.78232804632153e-07,0,1,89,0,0.192077901885263,0.610820368262589,0.00354499045894885,0.043437231099573,1.4883709227975,0.043437231099573,0.120679103942034,0.0269482527382267,,0.0234676685915278,0,0.4,0.0018547452146133,0.084977530653293,0.4,0.0831227854386797,0,1-5,0.01-0.05,0.05-0.15
Bungoma,Tongaren,Naitiri/Kabuyefwe,0.774277367720301,-0.451843031165765,0.575203684040012,0.901852837213015,-0.569123624247603,1.29387606969701,0.00855663921656018,-0.589959347808618,0.330202718092648,0.745865815199981,0,362069,3.63409445502872e-07,0,1,90,0,0.131579294523779,0.762659135535644,0.00284179818529065,0.0311986079457927,0.811101730256341,0.0311986079457927,0.311703001625756,0.0438312282392481,,0.0195404325614423,0,0.2,0.00172619502085186,0.0715076623762401,0.2,0.0697814673553882,0,1-5,0.01-0.05,0.05-0.15
Bungoma,Tongaren,Ndalu/ Tabani,0.487260019434304,-0.823329381113889,0.28131100221272,1.06382335058056,-0.683998995115381,1.24565303591576,0.0412267368693935,-0.597714080693735,0.134016006666869,0.823773517697338,0,273761,9.04068956730458e-07,0,1,91,0,0.247498821663487,0.727440966578366,0.00540709247453334,0.0594101077530389,1.85216133834374,0.0594101077530389,0.0977181189781744,0.0291839396697877,0.1,0.0322557295002584,0,0.7,0.00267891401441964,0.118391158710484,0.7,0.115712244696065,1-5,1-5,0.01-0.05,0.05-0.15
Bungoma,Tongaren,Soysambu/ Mitua,0.354399261462809,-0.852515045401105,0.0142247191010216,0.936453637711981,-0.560001960597352,1.25161081687044,-0.0202185399615909,-0.667723430352671,0.382881337310581,0.781349989310372,0,303786,3.63182049895669e-07,0,1,92,0,0.110329622209606,0.44932566684108,0.00245294015901111,0.0267723895507254,0.696178596131851,0.0267723895507254,0.116490303839034,0.0215764188930462,,0.0178647422296294,0,0.2,0.00147920429440605,0.0714172021932412,0.2,0.0699379978988351,0,1-5,0.01-0.05,0.05-0.15
Bungoma,Tongaren,Tongaren,0.65728267592485,-0.703613658586437,0.433380831393406,0.9960890849511,-0.593845441686557,1.26910376218512,-0.0295063411296857,-0.633364195832827,0.358033699514875,0.793431615274314,0,339060,2.98598234916133e-07,0,1,93,0,0.101242717530664,0.540666780336407,0.00230458854138942,0.0258884860544278,0.572599918014212,0.0258884860544278,0.215898702027665,0.0307520176561585,,0.0181992574719922,0,0.2,0.00132577148990535,0.0765503337025895,0.2,0.0752245622126841,0,1-5,0.01-0.05,0.05-0.15
Bungoma,Webuye East,Maraka,1.43874248727429,-0.0142812817608671,0.0813213748928526,0.730448161080983,-0.371145691566708,1.31982371817409,0.448588325461481,-0.402729580096867,0.376649515681387,1.04401448478807,0,202691,2.91444807905522e-07,0,1,94,0,0.0590732395591781,0.226787029213938,0.00200521168467897,0.0186473775176379,0.353856506107133,0.0186473775176379,0.0602469511172787,0.0109819873132204,,0.0213749606237631,0,0.2,0.00166001676980438,0.0830239032341946,0.2,0.0813638864643902,0,1-5,0.01-0.05,0.05-0.15
Bungoma,Webuye East,Mihuu,1.01497011810991,-0.15551970515179,0.574602819946729,0.933043160729314,-0.424736467133781,1.32414262441901,0.334333653344632,-0.488176969104203,0.334598422674895,0.894923650792129,0,340252,4.46393248382536e-07,0,1,95,0,0.151886195548655,0.660833714211462,0.00367474357911547,0.0332407175331476,1.06381100965069,0.0332407175331476,0.191522992908636,0.0330103745530413,,0.0226675873847487,0,0.3,0.00190420404676104,0.0859938089683144,0.3,0.0840896049215533,0,1-5,0.01-0.05,0.05-0.15
Bungoma,Webuye East,Ndivisi,0.952184631801081,-0.188470560112635,0.636726151450515,0.994976209269024,-0.508148892387908,1.33242337938814,0.23717513068604,-0.41426664376614,0.366664334609925,0.827144431680977,0,361290,6.44699486488223e-07,0,1,96,0,0.23292347747333,0.890568452855148,0.00402566842812492,0.0482555548437734,1.56008392656061,0.0482555548437734,0.147794030037042,0.0375095624229934,0.1,0.0258909905038872,0,0.4,0.00193102323876725,0.0956595564734137,0.4,0.0937285332346464,1-5,1-5,0.01-0.05,0.05-0.15
Bungoma,Webuye West,Bokoli,1.07325587118786,-0.0800349066225259,-0.233542954106735,0.760800767560652,-0.370564239426103,1.28707908501202,0.458957467415732,-0.279477249913149,0.409124060834963,0.684552502825292,0,476236,2.32141142553004e-07,0,1,97,0,0.110553969164872,0.407432760571842,0.00287109091335939,0.0267590006234844,0.82145242752758,0.0267590006234844,0.0733019584429565,0.0175201780803857,,0.0160568473339008,0,0.2,0.00169482173698531,0.053592503495522,0.2,0.0518976817585367,0,1-5,0.01-0.05,0.05-0.15
Bungoma,Webuye West,Matulo,1.17146194238209,-0.00870960768321184,-0.166038239540908,0.734053431224657,-0.408388037888364,1.34160833668775,0.441332734242769,-0.408712075969074,0.352906010640588,0.827849057380744,0,417255,2.83198340819516e-07,0,1,98,0,0.118165923698647,0.494192665957317,0.00278724420130854,0.0271292332699057,0.797209003416324,0.0271292332699057,0.166668296068864,0.0261687728600967,,0.0206752040741454,0,0.2,0.00198453781705641,0.0755346465466393,0.2,0.0735501087295829,0,1-5,0.01-0.05,0.05-0.15
Bungoma,Webuye West,Misikhu,1.0489732926909,-0.0905745503597015,-0.233542916167874,0.93639136776707,-0.458681218585556,1.32470266575648,0.374911447112082,-0.377227839082551,0.374270920355886,0.702258826464127,0,358168,3.42178190577728e-07,0,1,99,0,0.122557278162844,0.634611659805377,0.00266093765508437,0.0282314110941178,0.665811856023623,0.0282314110941178,0.212183586538126,0.0334878510581276,,0.0189194259309498,0,0.2,0.00146539907815149,0.0765783953169413,0.2,0.0751129962387898,0,1-5,0.01-0.05,0.05-0.15
Bungoma,Webuye West,Sitikho,1.45874275683424,0.0488061806770473,-0.0981006434816909,0.804124150342555,-0.237058531623103,1.25658939137159,0.602407118860613,-0.139531436415445,0.346138839786435,1.05820930940529,0,262638,4.28185230091269e-07,0,1,100,0,0.112457712460711,0.562807349369054,0.0024026661739723,0.0256866822265615,0.685831027174248,0.0256866822265615,0.139678063195574,0.0266315474560624,,0.0238686099651792,0,0.3,0.00138513978089896,0.109355159005919,0.3,0.10797001922502,0,1-5,0.01-0.05,0.05-0.15
Busia,Bunyala,Bunyala Central,0.317113002952283,0.508226715986942,0.559459488329515,0.775570453382458,1.07693524868209,1.05495913059187,0.785268481520443,-0.352013419143928,-0.566736040074964,0.260239420406086,0,108694,4.23881465048541e-07,0,1,101,0,0.0460733719619861,0.179501197654422,0.000947717272433429,0.0136081689985657,0.299025655033563,0.0136081689985657,0.0490690450937716,0.00877972517527706,,0.0111299135631417,0,0.3,0.000698146236912131,0.0437005895015413,0.3,0.0430024432646291,0,1-5,0.01-0.05,0.01-0.05
Busia,Bunyala,Bunyala North,0.504445565301667,0.449744762050279,0.561297402666852,0.218282121984121,0.843183134203482,1.15696060358786,0.696380726373459,-0.522318516623454,-0.444847350976027,0.0872417307884095,0,371027,1.00148109682511e-07,0,1,102,0,0.0371576526911732,0.329060377635287,0.000899107542850231,0.00809041317897713,0.21231438251112,0.00809041317897713,0.155088449263511,0.0202144575795496,,0.00642504371058103,0,0.1,0.000544338708575508,0.0260003306370983,0.1,0.0254559919285228,0,1-5,<0.01,0.01-0.05
Busia,Bunyala,Bunyala South,0.131795000378752,0.596012605840975,0.602499964963833,0.283310040007947,1.15892400699583,0.783868012339125,0.852135888489111,-0.323074183291342,-0.667634310982709,0.381802307881465,0,95927,4.88145086777079e-07,0,1,103,0,0.0468262937392648,0.185695409159981,0.00175562778702033,0.0155246011753819,0.247997185341287,0.0155246011753819,0.0384823020467097,0.00830603892130759,,0.0146177336767495,0,0.3,0.00133244700236556,0.0588726593682777,0.3,0.0575402123659121,0,1-5,0.01-0.05,0.05-0.15
Busia,Bunyala,Bunyala West,0.22933344493055,0.546276088355654,0.578135531543634,-0.23526288453172,0.979243617062061,1.10690338098735,0.634435767075039,-0.370098780483738,-0.445742758991512,0.123962704823259,0,264546,1.0020878246178e-07,0,1,104,0,0.026509832565134,0.0932136588420735,0.000629482662391826,0.00792129807714032,0.167838065246041,0.00792129807714032,0.0236276464398137,0.00444201827976805,,0.00694227045467148,0,0.1,0.000469436594919357,0.0293915500584127,0.1,0.0289221134634933,0,1-5,<0.01,0.01-0.05
Busia,Butula,Elugulu,1.62292073786089,0.19872760768966,0.328754451618327,1.04148547145451,0.264672607792673,1.24253056931667,0.642905723958852,-0.193770884791326,-0.34581378409232,1.3421684996844,0,193638,1.02410965907232e-06,0,1,105,0,0.198306546163446,1.28673513325267,0.00435326398831275,0.0404525690216709,1.09324630251764,0.0404525690216709,0.458539298852489,0.069690709285797,0.1,0.0351650806555184,0,0.6,0.00290776422172992,0.134181000564709,0.6,0.13127323634298,1-5,1-5,0.01-0.05,0.05-0.15
Busia,Butula,Kingandole,1.64478147404997,0.195962464678654,0.531548156121957,0.984125272202431,0.39011760390878,1.11720429719801,0.484632464266212,-0.266645148594893,-0.422516767610814,1.03878474067923,0,159836,3.70595221510705e-07,0,1,106,0,0.0592344578253851,0.227887356749103,0.0026087755143039,0.0216814559571976,0.324690327925247,0.0216814559571976,0.0478539129149243,0.0102329781680753,,0.0202489017097938,0,0.2,0.0020367734623845,0.081829525475954,0.2,0.0797927520135695,0,1-5,0.01-0.05,0.05-0.15
Busia,Butula,Marachi Central,1.66630386158717,0.192705856044447,0.40956540839119,1.12058799369287,0.333204853569727,1.05181408599317,0.467339246493508,-0.191114953975522,-0.3934846281948,1.39891794978741,0,186177,5.76362786696519e-07,0,1,107,0,0.107305494538798,0.309919425143911,0.00395975501893069,0.0398338298380492,0.661959168810549,0.0398338298380492,0.0662679448195782,0.0139916655756126,0.1,0.0330708034489671,0,0.4,0.00302940677452779,0.120211829551049,0.4,0.117182422776521,1-5,1-5,0.01-0.05,0.05-0.15
Busia,Butula,Marachi East,1.5837842160439,0.196316718375095,0.328754377686167,0.877047045825942,0.15859377838423,1.26756862250717,0.636262238730298,-0.206854059531033,-0.0842109802328954,1.46850753813391,0,206488,6.26275860595525e-07,0,1,108,0,0.129318449902649,0.583869750169087,0.00484137892378904,0.0368102799977963,0.651937930557196,0.0368102799977963,0.144397250550439,0.0275960666661858,0.1,0.0321907975874954,0,0.3,0.00342285372247889,0.122143051855525,0.3,0.118720198133046,1-5,1-5,0.01-0.05,0.05-0.15
Busia,Butula,Marachi North,1.64707982414327,0.189402457862632,0.328754187019044,0.970125179033083,0.226258577015272,1.16720666241316,0.576333544248139,-0.194717055999336,-0.23592943480571,1.44379046281599,0,286659,6.0495459685345e-07,0,1,109,0,0.173415679779413,0.862113126477917,0.00450112800650898,0.0412398540369067,1.09599642061819,0.0412398540369067,0.211035924340589,0.0406094945846949,0.1,0.0331558831844843,0,0.4,0.00293544021690803,0.129189664418743,0.4,0.126254224201835,1-5,1-5,0.01-0.05,0.05-0.15
Busia,Butula,Marachi West,1.63863826727266,0.18688578348384,0.531928661551008,0.802195910937397,0.459990062345943,0.982477240819569,0.335402447416076,-0.349789229373365,-0.442280312252992,0.914437345879986,0,213949,1.89997199081898e-07,0,1,110,0,0.040649710746373,0.409636442643041,0.00127782135729236,0.0115497195401874,0.143009256235749,0.0115497195401874,0.200173697092733,0.0256139379230026,,0.0137369149353057,0,0.1,0.0010644672634302,0.0571650765910551,0.1,0.0561006093276249,0,1-5,0.01-0.05,0.05-0.15
Busia,Matayos,Bukhayo West,1.34691172556549,0.218671459455067,0.531595490208207,0.67925641192709,0.405254454313195,1.27410335218695,0.274922866862471,-0.373506482550291,-0.504918136674313,0.424527835826673,0,490495,9.40706977821968e-08,0,1,111,0,0.0461412069086786,0.148666672032515,0.00101047694059313,0.012374851390078,0.292860409957206,0.012374851390078,0.033078470535676,0.00679331912595012,,0.00927616448964216,0,0.1,0.000650306383187006,0.0362740634033392,0.1,0.0356237570201522,0,1-5,<0.01,0.01-0.05
Busia,Matayos,Burumba,1.25839855588967,0.254332390268168,0.531595671147423,0.164936471402499,0.783141231954506,1.14829626797925,0.177279601784726,-0.474332491423,-0.553213353931994,0.101910255138708,0,292543,1.97072011907903e-08,0,1,112,0,0.00576520375795738,0.0171750722344465,0.000213598029135666,0.00254298533564377,0.0248665570947415,0.00254298533564377,0.00387426162321366,0.000788153292002409,,0.00297934247232588,0,0,0.000162984620662175,0.0119674182135516,,0.0118044335928894,0,0,<0.01,0.01-0.05
Busia,Matayos,Busibwabo,1.48563786583745,0.210497879663756,0.531595583596182,0.673513739229989,0.338534845732743,1.25615952678745,0.54766756432618,-0.245657918724398,-0.487602267267045,0.794931389044378,0,153172,4.01125531767012e-07,0,1,113,0,0.0614411999518167,0.203216649126995,0.00178886126869242,0.0211307432182433,0.344075928927929,0.0211307432182433,0.0370147842238931,0.00876729520202914,,0.0208204760367779,0,0.2,0.00133405006888541,0.0803168104216713,0.2,0.0789827603527859,0,1-5,0.01-0.05,0.05-0.15
Busia,Matayos,Matayos South,1.5245833629541,0.201389631307859,0.531595702276732,0.669234676349114,0.422382102737227,1.2086202365037,0.470282662265332,-0.263030777105283,-0.435150577420722,0.831029070523485,0,374519,2.08725886995589e-07,0,1,114,0,0.078171810471701,0.253339524955746,0.00187203108842605,0.0200765693562215,0.537915941515189,0.0200765693562215,0.0362441118242547,0.010303578104742,,0.0162652024326767,0,0.1,0.00131143711737471,0.0655419723825883,0.1,0.0642305352652136,0,1-5,0.01-0.05,0.05-0.15
Busia,Matayos,Mayenje,1.26484329823534,0.238115287389136,0.531595527174276,0.683774442374329,0.799455648679174,1.14829626797925,0.177279601784726,-0.474332491423,-0.553213353931994,0.101910255138708,0,114331,6.19998727076249e-08,0,1,115,0,0.00708850744653546,0.0167391017686789,0.000329907961447128,0.00333716679941342,0.0346827107627227,0.00333716679941342,0.00415173855594765,0.000791915877470442,,0.00445129545004991,0,0,0.000268758567861858,0.0189429589181198,,0.0186742003502579,0,0,<0.01,0.01-0.05
Busia,Nambale,Bukhayo Central,1.46600748492127,0.206485763641326,0.371764170532648,0.841741583728182,0.214688864314432,1.28296664360561,0.66883743133849,-0.241206838940811,-0.222385131376491,1.31337253284285,0,191784,8.08914256561535e-07,0,1,116,0,0.155136811780398,0.779507654244053,0.00351765152127174,0.0396933015194738,0.899983708730442,0.0396933015194738,0.192021399718983,0.0367946960615743,0.1,0.0333577877432941,0,0.5,0.00249464507659484,0.142835509258947,0.5,0.140340864182353,1-5,1-5,0.01-0.05,0.05-0.15
Busia,Nambale,Bukhayo East,1.43157423452548,0.158052619161864,0.258323117330101,0.504735045219135,0.133958654513218,1.22988053260855,0.663369171876824,-0.265477574903025,-0.0659192533866562,1.11053251984378,0,226343,2.55309960717014e-07,0,1,117,0,0.0577876224385711,0.150039689882943,0.00256520772033213,0.0238342176335173,0.378870479372222,0.0238342176335173,0.0222346721319888,0.00615091573383735,,0.0212143251345982,0,0.2,0.00207207108712555,0.0770922515611475,0.2,0.0750201804740219,0,1-5,0.01-0.05,0.05-0.15
Busia,Nambale,Bukhayo North Walatsi,1.29452771909062,0.126744940158457,0.0996408102726055,0.355517097235774,0.072756916781885,1.20708784845624,0.688438252188848,-0.22366188762297,-0.208778001005102,1.10108902508628,0,234645,3.67352027087199e-07,0,1,118,0,0.0861973163958757,0.177394043100601,0.00421157826871428,0.0362305633434109,0.537382811221532,0.0362305633434109,0.0182729585974116,0.00676537557059531,,0.0319950964043907,0,0.2,0.00300186241256877,0.130623301496355,0.2,0.127621439083786,0,1-5,0.01-0.05,0.05-0.15
Busia,Nambale,Nambale Township,1.47234265445469,0.199795349375458,0.469735964180279,0.696059184839053,0.249930439020138,1.27243924591363,0.580785566037819,-0.317393860033979,-0.419187423325188,1.06617295500691,0,387399,5.25554265900187e-07,0,1,119,0,0.203599197055467,1.64267471786443,0.00391058711399112,0.0395374738056663,1.11713943338412,0.0395374738056663,0.737196054621453,0.0985703079261346,0.1,0.0277836274180737,0,0.3,0.00245063388642786,0.0948258448947093,0.3,0.0923752110082815,1-5,1-5,0.01-0.05,0.05-0.15
Busia,Samia,Ageng'a Nanguba,0.727749721577808,0.360273606690733,0.558556504396433,0.0638457397287348,0.735066110881815,1.17019465607373,0.496242068701898,-0.289880380321323,-0.473464033975913,0.0997206517126367,0,282895,1.98589837471882e-07,0,1,120,0,0.0561800720716079,0.882079514969946,0.000998249258875986,0.00896419153984783,0.167186584821705,0.00896419153984783,0.435546637168219,0.0554401914603866,,0.00855634802086403,0,0.1,0.000618790239806257,0.0382605725558549,0.1,0.0376417823160487,0,1-5,<0.01,0.01-0.05
Busia,Samia,Bwiri,0.747035658320233,0.384754992337195,0.560351160643682,0.0515386439504475,0.787685270630286,1.12433899711984,0.651215642147987,-0.415388705416945,-0.448314035991866,0.149105737178132,0,220875,8.26235510655616e-08,0,1,121,0,0.0182494768416059,0.0601226496055303,0.000935162946274784,0.00808690548961046,0.0832194335544763,0.00808690548961046,0.0170332231127701,0.00297852073578053,,0.00895311180721525,0,0,0.000736545889352014,0.0368082149929175,,0.0360716691035655,0,0,<0.01,0.01-0.05
Busia,Samia,Namboboto Nambuku,1.11622201222278,0.239845308114115,0.531595445459794,0.416397411151308,0.588599160581267,1.22823207196079,0.267647449251963,-0.359672748328671,-0.471223594018666,0.107079979728455,0,257014,6.28169319103599e-08,0,1,122,0,0.0161448309380092,0.0370863453090588,0.000763110353862287,0.00720856596508633,0.0955741283664096,0.00720856596508633,0.00549270078151169,0.00152016211218855,,0.0070415402485283,0,0,0.000535606801828465,0.0297929351627237,,0.0292573283608952,0,0,<0.01,0.01-0.05
Busia,Samia,Nangina,0.998324736415432,0.262621856615207,0.543399384433266,0.329362123709029,0.605888261923412,1.07852685599995,0.398978023406683,-0.355147173554642,-0.527910328859666,0.363223459801656,0,211473,1.27678240069934e-07,0,1,123,0,0.0270005004623092,0.0662925150768954,0.00116416086756394,0.0108229406760506,0.155579127288539,0.0108229406760506,0.00970835135366991,0.00271036344669593,,0.0115751705205976,0,0.1,0.00068931323550553,0.0459814562567457,0.1,0.0452921430212402,0,1-5,0.01-0.05,0.01-0.05
Busia,Teso North,Ang'urai East,1.05419081428509,-0.0510356990333358,0.138793933487146,-0.739206629791934,0.0850817244924945,0.976859583806249,0.661545885565048,-0.134082740361881,0.105826670564364,0.167881542067501,0,188285,5.76053737271922e-08,0,1,124,0,0.0108462277922244,0.0264496588689258,0.000526163553347707,0.00549105422117545,0.0538975530537588,0.00549105422117545,0.00600835446027091,0.00121641335528454,,0.00799931541051744,0,0,0.000377228015150107,0.0357856717514236,,0.0354084437362734,0,0,<0.01,0.01-0.05
Busia,Teso North,Ang'urai North,0.986065250047953,0.00121861521870045,0.200019223811182,-0.786966613093109,0.218736950995768,0.893561517881085,0.71115258590739,0.0559307134673239,-0.0868925847826667,0.229792016577112,0,264501,5.7682808075055e-08,0,1,125,0,0.0152571604186601,0.0224403350952817,0.00105115402362788,0.00861590937912656,0.0623901984827116,0.00861590937912656,0.0022389255854288,0.000851227790816636,,0.0105598982416241,0,0,0.000821211847215078,0.0450058724731459,,0.0441846606259308,0,0,0.01-0.05,0.01-0.05
Busia,Teso North,Ang'urai South,0.997274842675109,-0.0139716429854218,0.0856139202702012,-0.35903052058713,0.0877208915168776,0.984403773808296,0.754703309748545,-0.122888120095864,-0.105795376190311,0.332539992819662,0,218783,1.31151985686337e-07,0,1,126,0,0.028693824884414,0.0892478286839033,0.00111837252669935,0.0119486781551749,0.138862183548703,0.0119486781551749,0.018075337683169,0.00396544887976612,,0.0138928393676443,0,0.1,0.00097636159414068,0.0582966380555617,0.1,0.0573202764614211,0,1-5,0.01-0.05,0.05-0.15
Busia,Teso North,Malaba Central,1.00535990287799,0.0858698859787314,0.225646747156863,-0.169772465805971,0.110944367909723,1.00653961724872,0.69918179034901,-0.195272468209062,-0.291279311144572,0.57479144565387,0,267029,2.11265613628483e-07,0,1,127,0,0.0564140455416001,0.192429320456485,0.00276669173769836,0.0227046483443455,0.317084576876535,0.0227046483443455,0.0649696760340423,0.0101941925146258,,0.0225710410150333,0,0.1,0.00201153346717923,0.0807216965335049,0.1,0.0787101630663257,0,1-5,0.01-0.05,0.05-0.15
Busia,Teso North,Malaba North,0.902151461363512,0.0266060485370512,0.0856140613249695,-0.406071472302221,0.0925949965595318,0.911983304191477,0.64100421515771,-0.207516017536551,-0.255193137365414,0.345789063192295,0,167255,1.48843430473256e-07,0,1,128,0,0.0248948079638044,0.0485010802998433,0.00200446887564713,0.0137106507361025,0.110160770404485,0.0137106507361025,0.0102363771259551,0.0021811441613916,,0.017229893155298,0,0.1,0.00164681296418984,0.0661510404423681,0.1,0.0645042274781782,0,1-5,0.01-0.05,0.05-0.15
Busia,Teso North,Malaba South,1.08503909194791,0.0981426370077718,0.153135630475414,0.160725000684041,0.077441608739008,0.979823710190596,0.680667387814807,-0.216306031403978,-0.311205031512216,0.621794720109907,0,189673,3.60052902832442e-07,0,1,129,0,0.0682923142389377,0.289767539321817,0.00260861832924901,0.0256792116016283,0.315082685993603,0.0256792116016283,0.0770896290104402,0.0140388303954011,,0.0254461925884602,0,0.2,0.00199115735818523,0.0900793373896437,0.2,0.0880881800314585,0,1-5,0.01-0.05,0.05-0.15
Busia,Teso South,Amukura Central,1.39180469473522,0.184766785185244,0.472647221580127,0.250876978702229,0.210841783958783,1.20519116981778,0.690529934451129,-0.215953232428421,-0.427280987485265,1.08519480965824,0,216412,3.72534042661651e-07,0,1,130,0,0.0806208372404932,0.199658493146821,0.00393653300696163,0.0321581812591275,0.485372118743532,0.0321581812591275,0.025357703940114,0.00791751793907047,,0.0309071171442713,0,0.2,0.00304126494776595,0.120393842103533,0.2,0.117352577155767,0,1-5,0.01-0.05,0.05-0.15
Busia,Teso South,Amukura East,1.30180052372742,0.134505831930751,0.146616957905035,0.318723010899473,0.135456739826102,1.18816551903868,0.69952374726856,-0.22830946706409,-0.291395941721136,1.02474943827103,0,224518,3.86695091919019e-07,0,1,131,0,0.0868200086474744,0.253908226588993,0.00550785977010166,0.0376906659393904,0.417299404429362,0.0376906659393904,0.0577437541221878,0.0116813188002504,,0.0389243095999158,0,0.2,0.00421231874882321,0.156200256472479,0.2,0.151987937723656,0,1-5,0.01-0.05,0.15-0.30
Busia,Teso South,Amukura West,1.20810859042536,0.147585579895156,0.542027678451491,-0.165508837355871,0.228155265203016,1.01913264263429,0.662684356303632,-0.116592437946692,-0.482858188792127,0.819573824357883,0,171098,1.18482079684481e-06,0,1,132,0,0.202720468698553,0.791442738132275,0.00643272701958218,0.0653632716018285,1.16547407044718,0.0653632716018285,0.186292834061316,0.036809810249013,0.1,0.0873269892418909,0,0.7,0.00541807630199678,0.454254366647852,0.7,0.448836290345855,1-5,1-5,0.05-0.15,0.30-0.50
Busia,Teso South,Ang'orom,1.29912015267965,0.244464916613968,0.533660352899023,0.142622010033512,0.63925122025691,1.07040139826798,0.125464321301944,-0.537455598337537,-0.521301998073251,0.107046812371054,0,319672,1.75883102753778e-08,0,1,133,0,0.00562249032235056,0.0106961625242868,0.000260357168264377,0.00282228095355907,0.0284033645856908,0.00282228095355907,0.00160790909178469,0.000439935458011472,,0.00350813580092808,0,0,0.000193628225588864,0.0147102225083292,,0.0145165942827403,0,0,<0.01,0.01-0.05
Busia,Teso South,Chakol North,1.30188493887445,0.15988337420528,0.542027649267768,0.166262235785109,0.310247851211712,1.08656131602929,0.58900588679605,-0.204144674043169,-0.533979055370487,0.711568296525967,0,228540,1.07395952430667e-07,0,1,134,0,0.0245442709685047,0.0904365664952995,0.00138931133490877,0.0104592035976892,0.10239004797382,0.0104592035976892,0.0238443015092596,0.0043679013786052,,0.0113314815104584,0,0,0.00109603801630645,0.0423967846000271,,0.0413007465837207,0,0,0.01-0.05,0.01-0.05
Busia,Teso South,Chakol South,1.34018263451989,0.204048778806934,0.538765389257873,0.297572518500705,0.463533672591545,1.22654026944843,0.437280585731976,-0.303746324286196,-0.554801043916423,0.656027479173579,0,366338,6.33354918285448e-08,0,1,135,0,0.0232021974054854,0.0852160714144935,0.00103338570301515,0.00893887755792851,0.121289373215453,0.00893887755792851,0.0242695453528114,0.00422970961104644,,0.00966578345317996,0,0,0.00078850640242189,0.0393800033017796,,0.0385914968993577,0,0,<0.01,0.01-0.05
Elgeyo-Marakwet,Keiyo North,Emsoo,0.0732549364652863,0.51135165448488,-0.463473486369667,0.0335154865626159,-0.429404024963902,-1.01242035655684,0.651099431964701,0.698917102985747,-1.00871390900143,0.411554994975962,4,116587,2.77234018966137e-05,0,1,136,1,3.2321882569205,1.9116023938781,0.896211739305529,2.80781957522322,8.3519595136925,2.80781957522322,0.0863739537464867,0.0659129439399097,2.8,0.728531251955979,0.8,7.2,0.320481492665689,0.962736134524801,6.4,0.642254641859112,1-5,5-17,0.70-0.90,0.50-0.70
Elgeyo-Marakwet,Keiyo North,Kamariny,0.444950299743064,-0.647321273090641,-0.540208978122227,0.816155555253641,-0.819346237970951,-0.679977988485195,0.727434193293771,-0.582468303558242,-0.925888112683511,-0.366703690212061,2,329283,2.17084276108078e-06,0,1,137,1,0.714821616896963,0.685626004178532,0.110361677234844,0.523517154890981,2.6203115332513,0.523517154890981,0.0432723559583264,0.0244181820534402,0.2,0.287130112520083,0,0.8,0.0611434756123832,0.683813256678287,0.8,0.622669781065904,1-5,1-5,0.15-0.30,0.50-0.70
Elgeyo-Marakwet,Keiyo North,Kapchemutwa,0.354272151893659,-0.351995469366393,-0.499743859837738,0.704588570626237,-0.557168265822652,-0.860123935368048,0.645242935855065,-0.203788841723657,-1.01469111882182,0.0521243828085066,2,331690,3.37391426324475e-06,0,1,138,1,1.11909362197565,0.896831902301076,0.219036168529247,0.87122959454185,3.61644474940101,0.87122959454185,0.0473652507803738,0.031355956383951,0.3,0.414525589858944,0.1,1.1,0.110481245405785,0.818834225598161,1,0.708352980192376,1-5,1-5,0.30-0.50,0.70-0.90
Elgeyo-Marakwet,Keiyo North,Tambach,0.00010175154147458,0.507309374286314,-0.698271099502713,-0.0882712201342522,-0.72972034745818,-0.66342781463133,0.623894305427644,0.300500712389853,-0.997209026068265,-0.227403322976706,20,193746,6.20198676153611e-05,0,1,139,1,12.0161012710058,4.89640928102969,3.58126711405169,11.6290600129386,22.7391193114494,11.6290600129386,0.1202049378767,0.162440484638201,6.2,0.614179538525932,1.8,11.7,0.192604344289959,0.933580745871231,9.9,0.740976401581272,5-17,5-17,0.50-0.70,0.70-0.90
Elgeyo-Marakwet,Keiyo South,Chepkorio,0.997306380491704,-0.829329316343345,-0.193438020610748,0.698075773054936,-0.895824882677149,-0.39308838233476,0.623587622161,-0.534021467706867,-0.660097744279937,-0.502645590786924,0,240051,1.06179569681672e-06,0,1,140,0,0.254885118816551,0.514357124107029,0.0159156250118224,0.109977819553802,1.41681139688513,0.109977819553802,0.0597252450847037,0.0200427565947099,0.1,0.106049453160147,0,0.6,0.0111449584480967,0.403293265961083,0.6,0.392148307512986,1-5,1-5,0.05-0.15,0.30-0.50
Elgeyo-Marakwet,Keiyo South,Kabiemit,0.743816370539312,-1.08647365666712,0.143970733643876,0.672895829776667,-0.735038661136623,0.185860644264343,0.757904816918565,-0.619010001192535,-0.515628171911933,-0.604755652294846,0,174463,1.44853760166387e-06,0,1,141,0,0.252716215599083,1.23260448563834,0.0021103994303479,0.046934839575438,1.44685284510497,0.046934839575438,0.311913587313124,0.0587055236688399,0.1,0.0673933856330788,0,0.8,0.00154968318041449,0.41050944038244,0.8,0.408959757202025,1-5,1-5,0.05-0.15,0.30-0.50
Elgeyo-Marakwet,Keiyo South,Kaptarakwa,0.754004249565486,-0.719747564458747,-0.246772455714847,0.704966980291454,-0.820504624298291,-0.817063093034253,0.632056008857224,-0.400224818935527,-0.903792061614655,-0.407786874464848,0,171714,1.42862997982831e-06,0,1,142,0,0.245315768356238,0.745031308975125,0.0135687244133622,0.109710000640629,1.06797661085918,0.109710000640629,0.179297255529433,0.034899712758785,0.1,0.0965696121774974,0,0.6,0.0114895164743242,0.311158788852502,0.6,0.299669272378178,1-5,1-5,0.05-0.15,0.15-0.30
Elgeyo-Marakwet,Keiyo South,Metkei,0.778720479026877,-1.09096138458297,0.356654962493835,0.567356256483351,-0.595220348822744,-0.0757768256791692,0.807272548002269,-0.520421775821391,-0.750900097402854,-0.701943932794447,0,113359,3.51146157546604e-07,0,1,143,0,0.0398055772733255,0.0759857219795956,0.00302818538437252,0.022350859201527,0.17100371595174,0.022350859201527,0.0143011509864481,0.0033073637166612,,0.0246248230278308,0,0.2,0.00215085170111699,0.0900524775376229,0.2,0.0879016258365059,0,1-5,0.01-0.05,0.05-0.15
Elgeyo-Marakwet,Keiyo South,Soy North,0.432586061862108,0.0755637690842109,-0.388767397114097,0.141117951364182,-0.950689337640053,-0.685748536126934,0.516561479982054,-0.00813833707361164,-0.758337192667511,-0.584229236843285,1,179237,3.80065818116113e-06,0,1,144,1,0.681218570416777,1.89589359504114,0.080657889747584,0.444529167180338,2.38356524724517,0.444529167180338,0.764454911449747,0.10830179339022,0.4,0.358056550333334,0,1.3,0.0627695974475128,0.833096818730054,1.3,0.770327221282541,1-5,1-5,0.30-0.50,0.70-0.90
Elgeyo-Marakwet,Keiyo South,Soy South,0.654888212304087,-0.532769447069093,-0.000268139950234406,0.159146430969519,-0.724866445341394,-0.632398643109215,0.566033667503206,-0.278474563283879,-0.661139605336951,-0.722869811530718,2,176742,1.60337814111597e-06,0,1,145,1,0.283384259417118,0.272870599641672,0.0242767869351455,0.203817214984147,1.05237024832158,0.203817214984147,0.0143670152183826,0.00953757583900389,0.2,0.186694218849342,0,0.6,0.0181635565747209,0.616700083789807,0.6,0.598536527215086,1-5,1-5,0.15-0.30,0.50-0.70
Elgeyo-Marakwet,Marakwet East,Embobut/Embulot,0.496820067078299,-0.756420398157172,0.117965792509185,0.142381445801894,-0.811538105479577,-1.04132730681512,0.620791437635797,1.56446097744213,-0.830450768146016,1.73448190741596,0,123747,0.00010377861103917,0,1,146,0,12.8422917802641,69.6342678516346,0.227531111568086,1.64430571201354,76.2477372701631,1.64430571201354,18.5791296411133,3.37707622828335,10.4,0.53267138645521,0.2,61.6,0.0989007237121762,0.910543781107843,61.4,0.811643057395667,5-17,51-93,0.50-0.70,0.70-0.90
Elgeyo-Marakwet,Marakwet East,Endo,-0.270047472945469,0.211163315419057,-0.0737576289835982,-0.0805273936520704,-0.918040301264858,-0.931880496001049,-0.0117171916081071,1.59778015645401,-0.562854340973171,1.24073692414136,0,321197,0.000117855322529236,0,1,147,0,37.8547760304232,88.8753165306581,0.503711747508516,9.71031616558166,260.424215176781,9.71031616558166,11.5807047526289,3.54291235861782,11.8,0.607907203475252,0.2,81.1,0.171149221814513,0.934249512482953,80.9,0.763100290668439,5-17,51-93,0.50-0.70,0.70-0.90
Elgeyo-Marakwet,Marakwet East,Kapyego,0.555083810943209,-1.73063258421432,0.472848583572973,0.123620096844953,-0.381774050215542,-1.38883328515969,0.819871548118353,0.810969645114419,-0.915345162921326,1.09292760395919,1,184154,1.6901889226912e-06,0,1,148,1,0.311255050869275,0.426327411359934,0.0323462510911532,0.209433143482509,1.02305546887508,0.209433143482509,0.0639784985107976,0.0175280120200456,0.2,0.198624265743998,0,0.6,0.0253808086787325,0.597545258082161,0.6,0.572164449403429,1-5,1-5,0.15-0.30,0.50-0.70
Elgeyo-Marakwet,Marakwet East,Sambirir,0.125100166858896,-0.352642526019051,0.344736158251854,0.293229589009664,-0.863835382324813,-1.39548051851461,0.326230784974142,1.03718440813681,-0.752389866321915,0.559414842068295,0,284705,4.98811376040294e-05,0,1,149,0,14.2014092815552,60.1732383848002,0.12992782625624,1.87513655039726,105.255361205014,1.87513655039726,14.9942513977692,2.85116459936468,5,0.404889915951517,0,37,0.0510877379913005,0.851308961924267,37,0.800221223932966,5-17,17-51,0.30-0.50,0.70-0.90
Elgeyo-Marakwet,Marakwet West,Arror,0.126520065454139,0.00586516102933665,-0.207321799372168,0.127744283196184,-0.672678110855885,-1.35918392296795,0.21327209781312,0.961787919643725,-0.586641487953954,0.202997450674647,2,78778,1.35025079554533e-05,0,1,150,1,1.0637005717147,1.01416841405599,0.0969558570954484,0.841161774467404,3.47450432077395,0.841161774467404,0.0927637238005684,0.0379377142231479,1.4,0.448251994996605,0.1,4.4,0.0589795032243671,0.924625987225628,4.3,0.865646484001261,1-5,1-5,0.30-0.50,0.70-0.90
Elgeyo-Marakwet,Marakwet West,Cherangany,0.402155567651602,-1.40980795016777,0.245727028444308,0.090840559179107,-0.53252035528971,-0.535189266250121,0.586284894222003,-0.422893620345997,-0.760766880784335,0.96885008508526,0,235536,6.68879596341721e-07,0,1,151,0,0.157545224603944,0.930626211383549,0.00641186150632285,0.0629866990438474,0.545881885019701,0.0629866990438474,0.363300058128039,0.0524060979373767,0.1,0.0693027154676046,0,0.2,0.00523203483949504,0.281544895372677,0.2,0.276312860533182,1-5,1-5,0.05-0.15,0.15-0.30
Elgeyo-Marakwet,Marakwet West,Kapsowar,0.29495676052044,-0.160618853902879,-0.150826436052106,0.79722336311451,-0.496718469057797,-1.3560273906621,0.656385884989974,0.934420859533275,-1.02371569538154,0.823640765972139,0,230999,5.26327035038808e-05,0,1,152,0,12.158101876693,68.6977017732623,0.244392255886461,1.88905854135831,79.125768062782,1.88905854135831,24.4996362860535,3.72190512641772,5.3,0.44447512967354,0.1,34.3,0.114946378164107,0.799276500199215,34.2,0.684330122035108,5-17,17-51,0.30-0.50,0.50-0.70
Elgeyo-Marakwet,Marakwet West,Lelan,0.443013949321449,-1.82744373586523,0.754781057208694,-0.129692442376812,-0.611631603200501,-1.1407518627309,0.693478834908863,-0.107083981678766,-0.94487494565286,0.975280885749464,0,334385,7.27347563837499e-07,0,1,153,0,0.243214115133802,1.4957503621428,0.0112144838299577,0.0883877329699351,1.0558546152664,0.0883877329699351,0.671059644015055,0.0897413179721164,0.1,0.0843014925376732,0,0.3,0.00810335544546931,0.298647822037201,0.3,0.290544466591732,1-5,1-5,0.05-0.15,0.15-0.30
Elgeyo-Marakwet,Marakwet West,Moiben Kuserwo,0.423930105251923,-1.15657414975703,-0.155439111530103,0.656975480528448,-0.62710602148013,-1.32496117839766,0.687060105729267,0.155352327935072,-0.953865631361398,0.697683527609409,0,293673,3.46352303890765e-06,0,1,154,0,1.01714320140513,4.01562740275791,0.0422033304392754,0.321871793914712,6.07512699383997,0.321871793914712,1.18743027943987,0.202084973186617,0.3,0.22504037523212,0,2.1,0.0296828322637432,0.66450588461806,2.1,0.634823052354316,1-5,1-5,0.15-0.30,0.50-0.70
Elgeyo-Marakwet,Marakwet West,Sengwer,0.936499107016656,-0.999918535348505,0.605434312541459,0.551423666134837,-0.313693258849384,0.351757810035034,0.739941930315546,-0.0408458588217644,-0.846520196816918,1.46108899651493,1,160383,2.31907180221925e-06,0,1,155,1,0.37193969285533,0.370145241667126,0.051028128295521,0.267857279052457,1.23116691272918,0.267857279052457,0.0297034197003736,0.0135836294983977,0.2,0.238929663853196,0,0.8,0.043062096379244,0.660056065091608,0.8,0.616993968712364,1-5,1-5,0.15-0.30,0.50-0.70
Embu,Manyatta,Gaturi North,0.254020544836071,-0.569656446418048,0.212226464608477,1.63369500084614,-0.719012796749735,-0.308959452675364,-0.284611256962064,-0.80560328406042,-0.944154439333289,-1.23670854796399,0,215504,1.64626932746406e-06,0,1,156,0,0.354777625145816,1.50740075412707,0.00808301932090646,0.0781859460248209,2.23314301816479,0.0781859460248209,0.322045111186438,0.0680361185103964,0.2,0.0472087999062752,0,1,0.00465273611630849,0.17308207819513,1,0.168429342078822,1-5,1-5,0.01-0.05,0.15-0.30
Embu,Manyatta,Gaturi South,0.054391518214988,-0.328413256765621,0.207851969334002,1.61102714423425,-0.710354010261707,-0.297547073522136,-0.131793926549597,-0.760353571438899,-0.858674204904457,-1.17734280420799,0,160156,2.96074471406271e-06,0,1,157,0,0.474181030425427,1.65958224207221,0.00884992828363261,0.116614582305351,2.88890916660641,0.116614582305351,0.372498115773166,0.076039447892457,0.3,0.067485725483811,0,1.8,0.00548306092135183,0.241834259917548,1.8,0.236351198996196,1-5,1-5,0.05-0.15,0.15-0.30
Embu,Manyatta,Kirimari,-0.208640507660354,-0.577502218779002,-0.10478332382612,1.50828120291379,-0.643131885867019,-0.255054603932326,-0.404025083301218,-0.909701105012604,-0.766171199247143,-1.35101745191368,0,309144,9.77472420659283e-07,0,1,158,0,0.302179734012294,0.893161235766025,0.00660192105582119,0.0701228968482361,2.12861554061959,0.0701228968482361,0.130672663974372,0.0365087031495298,0.1,0.0382232903700256,0,0.7,0.00308779544335318,0.159187526356535,0.7,0.156099730913182,1-5,1-5,0.01-0.05,0.15-0.30
Embu,Manyatta,Kithimu,-0.0460407163676853,-0.23517557789679,-0.666236423425393,1.76357733260285,-0.686326082344023,-0.2771175185256,-0.11909840735348,-0.710209493912722,-0.826067456024475,-1.11772247309994,0,191882,3.70795907338934e-06,0,1,159,0,0.711490602920092,2.11096526000279,0.0143985020637189,0.165265292667867,6.01761819537747,0.165265292667867,0.264494882159888,0.0834827079726451,0.4,0.0783940361427084,0,3.1,0.00716009190731027,0.272396141848983,3.1,0.265236049941673,1-5,1-5,0.05-0.15,0.15-0.30
Embu,Manyatta,Mbeti North,-0.191742209413227,-0.112035730333738,-0.43118033960479,1.67375586429223,-0.621009341067201,-0.216703827339152,-0.333799647555838,-0.821348081992019,-0.80491948301007,-1.20345885192016,0,525296,2.91660409149497e-06,0,1,160,0,1.53208046284594,6.43016971128816,0.0134395433536761,0.28282271755393,10.7743693898622,0.28282271755393,2.07470251274515,0.334555528441963,0.3,0.0619252365788787,0,2.1,0.00498303311383214,0.255537682278961,2.1,0.250554649165128,1-5,1-5,0.05-0.15,0.15-0.30
Embu,Manyatta,Nginda,0.847132507928317,-1.79780918654764,0.964188082026571,0.330830523521004,-0.047092636069327,-0.44057167748273,-0.176777927872284,-0.796846841623276,-0.850428652744443,-1.3557433587453,0,199389,6.54767677154316e-09,0,1,161,0,0.00130553472380122,0.00263119141495856,3.21887987672671e-05,0.000532136581338822,0.00694001645106351,0.000532136581338822,0.000331495734399294,0.000104171209418143,,0.0011840472304499,0,0,3.07972831706967e-05,0.00607283241208121,,0.00604203512891051,0,0,<0.01,<0.01
Embu,Manyatta,Ruguru-Ngandori,0.209451817170867,-0.615532931448048,0.902178179951135,1.61149070937968,-0.658228415664117,-0.435305243278447,-0.310265795714128,-0.80029601852741,-0.93031478440946,-1.28312238541582,0,299965,2.46414555393292e-06,0,1,162,0,0.739157421085489,9.19114465077342,0.00660898594925933,0.0994295722211567,3.27950961753574,0.0994295722211567,4.46686298689031,0.573158734694694,0.2,0.0458045926652783,0,1.1,0.00324615035883896,0.171183036457084,1.1,0.167936886098245,1-5,1-5,0.01-0.05,0.15-0.30
Embu,Mbeere North,Evurore,-0.327506480248234,0.753169015722501,-1.06133451117488,-0.764526015169058,-0.931511433218367,-0.427660340352524,0.525671803832154,-0.0334108039221337,-0.801066052229762,-0.303890628125965,0,506863,5.07222727148663e-06,0,1,163,0,2.57092433150753,7.16659599437056,0.0925193984663055,0.687314774690863,16.6193357976106,0.687314774690863,1.02067662563199,0.291180921954344,0.5,0.280263571041965,0,3.3,0.0507975412135055,0.656593564332318,3.3,0.605796023118813,1-5,1-5,0.15-0.30,0.50-0.70
Embu,Mbeere North,Muminji,-0.439339846198243,0.678384727571916,-0.957383316759669,-0.782578178642328,-0.761627331218799,-0.619878501103511,0.568156769733691,0.198710613641689,-0.721077908203622,-0.0853809981781741,0,179076,1.25957063050204e-05,0,1,164,0,2.25558870227784,5.53644289990399,0.180886296497291,0.767518631757213,12.9373236246405,0.767518631757213,0.699953368727959,0.219346635013403,1.3,0.40367745466996,0.1,7.2,0.106197703408869,0.768776120689952,7.1,0.662578417281084,1-5,5-17,0.30-0.50,0.50-0.70
Embu,Mbeere North,Nthawa,-0.230138861617983,0.212760333172086,-0.775162576418298,0.728999985695561,-0.653282449581364,-0.488245816839734,0.294420736723471,-0.383640202643381,-0.76926227695329,-0.668044992220842,0,368652,3.92568912921676e-06,0,1,165,0,1.44721314886402,8.60539187622323,0.0252905538331918,0.287743128512004,7.59462449109114,0.287743128512004,2.80000803177167,0.449214441815023,0.4,0.118269644474033,0,2.1,0.0106790949215207,0.364061472542237,2.1,0.353382377620716,1-5,1-5,0.05-0.15,0.30-0.50
Embu,Mbeere South,Kiambere,-0.601425854651577,0.884754411706776,-1.03881908094171,-0.735174251692808,-0.954154267292518,-0.649039813059983,0.586698552016585,0.315691676020282,-0.450375321911374,-0.0124924562613963,0,159156,1.39398819931738e-05,0,1,166,0,2.21861585850558,5.6021032309156,0.171766028532659,0.728710625809762,11.8331845286361,0.728710625809762,0.948289066775557,0.23712912559574,1.4,0.396369158032193,0.1,7.4,0.114454664562745,0.73658304442351,7.3,0.622128379860765,1-5,5-17,0.30-0.50,0.50-0.70
Embu,Mbeere South,Makima,-0.744966925529989,0.406232166339505,-0.455440485890647,0.292568037372728,-0.634001953508714,-0.178873033799533,0.593643251288636,0.0407712054632302,-0.423983632384697,-0.547275850053222,0,174415,3.52732973087748e-05,0,1,167,0,6.15219215010995,21.579646298267,0.110798853494531,1.20487628643234,45.5616299765516,1.20487628643234,4.24210680512298,0.950702725671225,3.5,0.269787913534365,0.1,26.1,0.0471662500516272,0.665728898875854,26,0.618562648824226,1-5,17-51,0.15-0.30,0.50-0.70
Embu,Mbeere South,Mavuria,-0.689536366475372,0.565442125272327,-0.789779750434184,-0.511271222007313,-0.811847372209696,-0.358698608806272,0.317457042835702,-0.224757685127145,-0.54041607304693,-0.298234902152006,0,454405,8.95213951044035e-06,0,1,168,0,4.06789695424165,23.0770805583294,0.0833550332300565,0.794320150706171,23.4658514604547,0.794320150706171,7.79983310726867,1.22306612287826,0.9,0.252863896426855,0,5.2,0.0377805032191506,0.636057548760079,5.2,0.598277045540928,1-5,5-17,0.15-0.30,0.50-0.70
Embu,Mbeere South,Mbeti South,-0.498968425989316,0.272426686991995,-0.735921964232127,0.756184808311176,-0.601225306247359,-0.0546412000485478,0.0540171589739006,-0.413969829510803,-0.642783831911092,-0.616448268448989,0,501241,9.86136519590583e-06,0,1,169,0,4.94292055216103,17.8939480289265,0.0353081694599644,0.914793289047612,29.2947231253861,0.914793289047612,4.71356095186676,0.863968090999489,1,0.136543210983506,0,5.8,0.011039294557736,0.453525967025067,5.8,0.442486672467331,1-5,5-17,0.05-0.15,0.30-0.50
Embu,Mbeere South,Mwea,-0.529558947247914,0.177450148593051,-0.145308605370464,0.5881283392169,-0.383642096280546,0.172476285379505,0.378575151051962,-0.336676758444882,-0.489651690087054,-0.888889294728591,0,248747,5.12086707476753e-06,0,1,170,0,1.2738003222472,7.5961328001495,0.01049000912684,0.207053660813855,9.00079757376273,0.207053660813855,2.84145887716349,0.419920449166675,0.5,0.0624915964745997,0,3.6,0.00486294780170326,0.230334113186826,3.6,0.225471165385123,1-5,1-5,0.05-0.15,0.15-0.30
Embu,Runyenjes,Central,0.250610394257694,-0.225556292277837,-0.179071247004575,1.73755115673992,-0.789528935748959,-0.335598072525419,-0.128457511828951,-0.76313401419874,-0.965050442954567,-1.1636447070099,0,226126,3.71006100453024e-06,0,1,171,0,0.838941254710405,3.03411221377371,0.0140148251121783,0.157919881178697,6.6176219349845,0.157919881178697,0.660506541397667,0.137721154325745,0.4,0.0742669712114701,0,2.9,0.00794251573876616,0.26599508376554,2.9,0.258052568026774,1-5,1-5,0.05-0.15,0.15-0.30
Embu,Runyenjes,Kaagari North,0.460013140666729,-0.659972970350977,0.0204813459752478,1.87186423457664,-0.735058437840424,-0.51468082245853,-0.218274290934301,-0.773732386171607,-0.97854924193604,-1.28026304456999,0,219900,8.2924559168053e-07,0,1,172,0,0.182351105610549,0.865949231422983,0.00293971384422433,0.0430164611088677,1.13731016639302,0.0430164611088677,0.331694769978262,0.0483619383156277,0.1,0.030548272569725,0,0.5,0.00189102604518545,0.12323534421977,0.5,0.121344318174584,1-5,1-5,0.01-0.05,0.05-0.15
Embu,Runyenjes,Kaagari South,-0.0341076811899815,0.0696741084707305,-0.466791144906896,1.61372604073536,-0.743883877155733,-0.387911874868918,0.140187651766266,-0.614788895343204,-0.86199389926478,-0.980490021274194,0,245720,3.33058403457358e-06,0,1,173,0,0.81839110897542,3.72434647491305,0.00930321627401876,0.134795218862471,5.69278770705329,0.134795218862471,0.985667394520908,0.180113256204441,0.3,0.0524431520680996,0,2.3,0.00506122750869634,0.176952512967817,2.3,0.171891285459121,1-5,1-5,0.05-0.15,0.15-0.30
Embu,Runyenjes,Kyeni North,0.379437539597832,-0.345166229741089,-0.179071606937396,2.32770258461907,-0.818858554684564,-0.359163180937257,-0.166553761070124,-0.781704083656821,-0.99581326417915,-1.19321595051224,0,178215,2.45966369529999e-06,0,1,174,0,0.438348965457888,3.62923934452886,0.00297079550738838,0.0526900170038237,2.65703077470572,0.0526900170038237,1.40933477048129,0.203900782233908,0.2,0.0319929776784559,0,1.5,0.00164637924425091,0.141640797910249,1.5,0.139994418665999,1-5,1-5,0.01-0.05,0.05-0.15
Embu,Runyenjes,Kyeni South,0.0667785467850884,0.105979149668128,-0.186998298821465,1.68294360838584,-0.822789345053706,-0.36846336113384,0.0720141405939537,-0.688697920343598,-0.959709857715486,-1.02036840996347,0,296197,2.55649524976137e-06,0,1,175,0,0.75722622349357,2.15381536908132,0.00935225081107001,0.149398632340482,5.55035993088301,0.149398632340482,0.285245672303385,0.0861501426014257,0.3,0.0522033240312652,0,1.9,0.00355409534676249,0.209780917374104,1.9,0.206226822027342,1-5,1-5,0.05-0.15,0.15-0.30
Garissa,Balambala,Balambala,-1.84732514067674,1.86874827888924,-1.36591912045308,-2.33473665485562,-0.501589675790412,-0.843568703642564,0.517424763235518,1.75089196214256,-0.698040446414717,-0.267624220169334,3,368997,7.17600799253834e-06,1,1,176,1,2.64792542122267,1.62076271955295,0.72383646557733,2.23512664722076,6.87147562423746,2.23512664722076,0.0696339033503051,0.0556570521438604,0.7,0.646479513347645,0.2,1.9,0.28700863869796,0.905100883718735,1.7,0.618092245020775,1-5,1-5,0.50-0.70,0.50-0.70
Garissa,Balambala,Danyere,-1.59414366263411,1.78956514191857,-1.27319717970867,-2.13744577718129,-0.375123963073854,-0.82210423779053,0.881179376639541,2.16980695555225,-0.760478610502945,0.428126923273842,0,144528,0.00019065203123242,1,1,177,0,27.5545567699592,59.3304141934921,0.860998759400155,8.2807474928199,204.440126356719,8.2807474928199,5.55620395788551,2.22759762675338,19.1,0.723956423115734,0.6,141.5,0.341820859508524,0.932934413012413,140.9,0.591113553503889,17-51,93-191,0.70-0.90,0.50-0.70
Garissa,Balambala,Jarajara,-1.79154497836248,1.86191391836891,-1.30163940895748,-2.16557023729891,-0.806923399185479,-1.03855913721634,0.846165968970528,2.41324624002479,-0.654530081026068,0.191516103709576,0,105018,0.00059315605709821,1,1,178,0,62.2920628043398,201.344433264971,1.17112233547131,14.8175174198758,455.092293343868,14.8175174198758,40.6559291213941,8.9383767614103,59.3,0.834100135484701,1.1,433.3,0.506620130067886,0.97012702181025,432.2,0.463506891742364,51-93,258-788,0.70-0.90,0.30-0.50
Garissa,Balambala,Saka,-1.77151075715139,1.92053371557556,-1.386581546408,-2.33573270786328,-0.674941520508068,-0.699339678286598,0.589858169315506,1.82261711343738,-0.697598115546348,-0.44567423142826,0,356169,0.000130995180742024,1,1,179,0,46.6564225297059,157.371713212429,0.863664028155528,11.145627704801,306.609928776591,11.145627704801,29.4496073217011,6.83908723702382,13.1,0.591211308363998,0.2,86.1,0.201214414121676,0.878450185488809,85.9,0.677235771367133,5-17,51-93,0.50-0.70,0.50-0.70
Garissa,Dadaab,Abakaile,-1.61837918885364,2.06182517179709,-1.57899592804675,-2.29613674011699,-0.213837783051483,-1.0582893017769,0.719503171987162,2.19462343065039,-0.872276820712644,-0.389087279967253,0,83332,0.000183569325501018,1,1,180,0,15.2971990326509,133.96101580923,0.424644987440006,2.74534064813679,74.9819942401578,2.74534064813679,60.4865624073335,8.06172537709174,18.4,0.581767174501169,0.5,90,0.196457572673719,0.863280928598222,89.5,0.666823355924503,17-51,51-93,0.50-0.70,0.50-0.70
Garissa,Dadaab,Dadaab,-1.47089522104246,2.06629431016251,-1.77683320078582,-2.02880707662983,-0.683285755112374,-1.25645263214231,0.43840635376253,1.74507375210948,-0.68751498423817,-0.44136698333173,0,402226,6.4887859096374e-05,1,1,181,0,26.0995840128981,57.7832316258976,0.705565678868383,8.01600091479826,158.823433391917,8.01600091479826,7.24962656582598,2.2857728677026,6.5,0.622566999241824,0.2,39.5,0.267313660441859,0.895613202644525,39.3,0.628299542202666,5-17,17-51,0.50-0.70,0.50-0.70
Garissa,Dadaab,Damajale,-1.29452347752396,2.04596765395726,-1.82532868523008,-1.92515582611031,0.308028598165424,-1.26580669756848,0.747889685916591,2.06855098999774,-0.799978874116242,-0.522955030597549,0,221555,2.65616425709557e-05,1,1,182,0,5.88486471980809,14.2477859915716,0.168040527643468,1.40975568829095,48.8632618436941,1.40975568829095,1.71013071003886,0.558712716286544,2.7,0.335579656556023,0.1,22.1,0.070854676865657,0.706796352641653,22,0.635941675775996,1-5,17-51,0.30-0.50,0.50-0.70
Garissa,Dadaab,Dertu,-1.66593399873437,1.96840685861769,-1.56722980536801,-2.54664180960036,-0.564130944226562,-1.0809326400729,0.688592331498585,1.99706526921045,-0.751929823012801,-0.378534126611593,0,40396,8.52766628190578e-05,1,1,183,0,3.44483607123866,8.64624525816059,0.380747504427932,1.17409160373976,20.2039418222182,1.17409160373976,1.21592416332271,0.350320078604867,8.5,0.628985922613924,0.9,50,0.251185746206992,0.891278143907531,49.1,0.640092397700539,5-17,17-51,0.50-0.70,0.50-0.70
Garissa,Dadaab,Labisgale,-1.59252350760008,2.08291855927007,-1.76622314443591,-1.95038899156372,-0.416982379600207,-1.36696841438282,0.517795390840572,1.89866481213228,-0.550426276851246,-0.558111104920282,1,973383,1.79555643890446e-06,1,1,184,1,1.74776411317014,1.27661454503339,0.460951899873817,1.39616672412639,5.33498162982175,1.39616672412639,0.0851740833249331,0.0457569785825262,0.2,0.63440551129261,0,0.5,0.222700999730979,0.923797648282297,0.5,0.701096648551318,1-5,1-5,0.50-0.70,0.70-0.90
Garissa,Dadaab,Liboi,-1.36108564856378,2.12534321031197,-1.58261151952939,-1.83501608919239,0.219547454873929,-1.32263267943302,0.736656557971783,2.12028901998424,-0.927484859476162,-0.711562167696969,0,134874,4.6760835504456e-05,1,1,185,0,6.306820927828,13.0438452279743,0.236584282820948,1.79084252776363,47.8739192818283,1.79084252776363,1.1569754735159,0.485656157536412,4.7,0.423657022114848,0.2,35.5,0.10453173153385,0.791057445535497,35.3,0.686525714001648,1-5,17-51,0.30-0.50,0.50-0.70
Garissa,Fafi,Bura,-1.21449371612369,1.88924175000343,-1.30910110652971,-1.36428005399699,0.695604767247125,-0.76699975547922,0.840658971783385,2.24565753583056,-0.979008015976274,0.284121053989229,0,24241,0.000105803551325283,1,1,186,0,2.56478388767618,4.5938590637127,0.265711827082725,0.993421220215891,14.5450181544403,0.993421220215891,0.427986533418754,0.172338823981068,10.6,0.450956636604548,1.1,60,0.148682593273741,0.765929413447969,58.9,0.617246820174229,5-17,51-93,0.30-0.50,0.50-0.70
Garissa,Fafi,Dekaharia,-1.05034383861883,1.78067077861621,-1.38699517344025,-1.28191261742494,1.3508514617356,-0.850017789728275,0.724370665089137,2.03079956565458,-1.02775152388912,-0.483136470263418,0,31254,8.73713493515736e-06,1,1,187,0,0.273070415263408,1.31373628768957,0.0155639129582236,0.118642281597943,1.30008508854234,0.118642281597943,0.591719895952198,0.0789676413000685,0.9,0.100001782871822,0,4.2,0.0109790106005428,0.365140184889582,4.2,0.35416117428904,1-5,1-5,0.05-0.15,0.30-0.50
Garissa,Fafi,Fafi,-1.45636743914042,1.93595315136903,-1.67991404628032,-2.00350605290314,-0.154292259019007,-1.16246484329737,0.557279133049154,1.81237435995276,-0.81568446555171,-0.39292045433783,0,97743,5.3702280205736e-05,1,1,188,0,5.24902197414925,14.4655862314866,0.302408864626034,1.34370705109188,31.1808139735905,1.34370705109188,2.24099087367025,0.599174709339666,5.4,0.488468719696366,0.3,31.9,0.163705764070624,0.788374577026111,31.6,0.624668812955487,5-17,17-51,0.30-0.50,0.50-0.70
Garissa,Fafi,Jarajila,-1.23455457082456,1.94297747604976,-1.77018265952522,-1.62596843303067,0.813980614687564,-1.1757803842535,0.580556873195928,1.73921903118246,-0.770517096493369,-0.473404237308087,0,734125,6.11718331959026e-06,1,1,189,0,4.4907772044942,15.6410768091668,0.0553988567583347,1.01719447655052,29.6940839430171,1.01719447655052,3.54334302105348,0.718714967301876,0.6,0.148817091250755,0,4,0.0172576822225589,0.427733871139995,4,0.410476188917436,1-5,1-5,0.05-0.15,0.30-0.50
Garissa,Fafi,Nanighi,-1.52670045263125,1.91613676078511,-1.43272295142739,-1.89967171810115,0.682253616804823,-1.1782647284676,0.847655384365032,2.23693706892992,-1.03049443916753,-0.146216574788795,1,11204,6.90954916120508e-05,1,1,190,1,0.774145888021417,0.691281452755818,0.254018164898105,0.646909467706214,2.28675942559789,0.646909467706214,0.0948420565338495,0.027858577281813,6.9,0.510907291467994,2.3,20.4,0.206705076180399,0.810397212428633,18.1,0.603692136248234,5-17,17-51,0.50-0.70,0.50-0.70
Garissa,Garissa,Galbet,-1.71923330479574,1.91436857886985,-1.55654281191532,-2.23653721784608,-1.52979400695345,-1.18805030899425,-0.958620733098336,0.240592335120029,-0.0848959189633617,-0.380482485432073,3,399468,4.72438632365729e-06,1,1,191,1,1.88724115593873,1.4073321787413,0.456168730076115,1.51941202015693,5.4416144526944,1.51941202015693,0.103831609837447,0.0510706386968627,0.5,0.557860981397036,0.1,1.4,0.188767254754517,0.907191547043156,1.3,0.718424292288638,1-5,1-5,0.50-0.70,0.70-0.90
Garissa,Garissa,Iftin,-1.70572051490495,1.92997804897296,-1.56234616661467,-2.08915543490489,-1.60796979999199,-1.12791079243945,-1.04966238848203,0.0784676133614109,-0.117423872521654,-0.400056469081826,1,158283,6.51480194346109e-06,1,1,192,1,1.03118239601685,1.35867153627703,0.240233275297087,0.782345337641198,3.51800181491336,0.782345337641198,0.365032285837691,0.0660516353216495,0.7,0.569328951668692,0.2,2.2,0.180017672050364,0.9095976739374,2,0.729580001887037,1-5,1-5,0.50-0.70,0.70-0.90
Garissa,Garissa,Sankuri,-1.74419192198804,1.91508501312759,-1.44480993185479,-2.6894868012776,-1.01815227750128,-1.20397141932028,-0.354828404296934,0.985832298795835,-0.165258277050777,-0.313936729004212,0,64835,2.29149853531047e-05,1,1,193,0,1.48569307536854,5.12196880925713,0.169914521614107,0.666149543085609,7.7336009343649,0.666149543085609,1.14632823626908,0.234471038871409,2.3,0.459783543581632,0.3,11.9,0.129567404253898,0.811815402257943,11.6,0.682247998004045,1-5,5-17,0.30-0.50,0.50-0.70
Garissa,Garissa,Township,-1.74285452235988,1.89316288245275,-1.54633268083013,-2.73518509056947,-1.42384963995085,-1.44547992457815,-0.714367781935128,0.76886218589354,0.0215104159116535,-0.464862866481504,0,369655,1.94046837157764e-05,1,1,194,0,7.17303835895531,54.2501057597778,0.238952133189425,1.24054890061854,41.5410890746223,1.24054890061854,24.0615248127404,3.23732342275749,1.9,0.482531347589159,0.1,11.2,0.131489408472721,0.842095292952642,11.1,0.71060588447992,1-5,5-17,0.30-0.50,0.70-0.90
Garissa,Garissa,Waberi,-1.77621832583295,1.89412547041754,-1.63417723300622,-2.69403995836042,-1.01739888737978,-1.47796976927573,-0.05461469538064,1.5702144563631,-0.442944682916748,-0.327139508222691,63,634036,7.3152668682622e-05,1,1,195,1,46.3814254408549,10.8268655855953,22.5227368223274,46.5700791653269,66.9621742426089,46.5700791653269,0.250319792573087,0.358207165468777,7.3,0.73853613074359,3.6,10.6,0.394604622988669,0.949221262995504,7,0.554616640006835,5-17,5-17,0.70-0.90,0.50-0.70
Garissa,Hulugho,Hulugho,-1.0647425347743,1.68771734449545,-1.3091870176336,-1.06557751493282,2.63877008430213,-0.825670359619841,0.670768126592187,2.10781769775394,-0.991335278192642,-0.342769502263545,0,139510,7.55119904232116e-07,1,1,196,0,0.105346777839423,0.292267718099897,0.00174762647075706,0.0266089947210583,0.819901909056934,0.0266089947210583,0.0370983743518153,0.0115886239661831,0.1,0.0164955180199021,0,0.6,0.000995292293753362,0.0765274649396984,0.6,0.075532172645945,1-5,1-5,0.01-0.05,0.05-0.15
Garissa,Hulugho,Sangailu,-0.879554689996252,1.74217294211259,-1.19484561481721,-0.986948403942284,2.64698832766411,-0.785102161797421,0.760519570310779,1.87698341939667,-1.12775013636207,-0.562834198382325,0,463236,5.25148550870273e-07,1,1,197,0,0.243267714110942,0.868116055298914,0.00149124627023188,0.0393268298131066,1.77107077312084,0.0393268298131066,0.132534372961063,0.0358344498174364,0.1,0.0125029924727888,0,0.4,0.000767653218516481,0.0539216785652806,0.4,0.0531540253467642,1-5,1-5,0.01-0.05,0.05-0.15
Garissa,Ijara,Ijara,-0.816835754067608,1.75621050789305,-1.2065867756674,-0.799911576640386,1.62904660334067,-0.744038489494198,0.768575339179754,2.0155203305062,-1.09749596031732,-0.359040298430719,0,242045,9.71175726749318e-06,1,1,198,0,2.35068228781039,8.35704045527126,0.0237772000271072,0.456168879069642,18.2214454399175,0.456168879069642,2.01142906039054,0.391486767022006,1,0.101182683969256,0,7.5,0.00875035665408454,0.353776987864328,7.5,0.345026631210244,1-5,5-17,0.05-0.15,0.30-0.50
Garissa,Ijara,Masalani,-0.97599860012067,1.7571169764604,-0.800229159031688,-0.963326007619357,0.890782250474364,-0.604823275704282,0.155894913232798,2.06673756842133,-1.05203311394006,0.306397082667484,0,516164,9.51907734176297e-05,1,1,199,0,49.1340503703374,193.585046478207,0.323602659069374,8.61316548912703,365.472959457286,8.61316548912703,36.0760747525507,8.40334798333802,9.5,0.350231251762605,0.1,70.8,0.0708553177943453,0.741819571897248,70.7,0.670964254102903,5-17,51-93,0.30-0.50,0.50-0.70
Garissa,Lagdera,Baraki,-1.84310697683737,2.0510114549526,-1.41859610904935,-2.03596306418766,-0.161573325305218,-1.07273338825297,0.59513507085511,1.9311809587858,-0.951310207708948,-0.173866376144788,1,99375,1.78512134414711e-05,1,1,200,1,1.77396433574619,1.36654782579285,0.614583753201052,1.37835020391978,5.42935453218304,1.37835020391978,0.115334724392552,0.050508445058329,1.8,0.784861011637492,0.6,5.5,0.398719021843313,0.970144705238168,4.9,0.571425683394854,1-5,1-5,0.70-0.90,0.50-0.70
Garissa,Lagdera,Benane,-1.61260451733252,1.73753881271867,-1.22803107010183,-2.09073879461516,-0.235084271019596,-0.57850600209239,0.56281200104192,1.55755967964671,-0.829927103587919,1.05039170363057,0,31639,0.000206334344286633,1,1,201,0,6.52821231888479,17.9453445159758,0.623634890593216,1.75102875489685,43.1814704012699,1.75102875489685,2.90312309503705,0.751091246832046,20.6,0.77152403748611,2,136.5,0.374031079518798,0.960431677829413,134.5,0.586400598310615,17-51,93-191,0.70-0.90,0.50-0.70
Garissa,Lagdera,Goreale,-1.77301428908757,2.04116369323678,-1.39510568788736,-2.21285627713051,-0.125039274810628,-0.930708186406718,0.653770191991738,2.09130190078982,-0.957078644523962,-0.268288933383646,0,339887,0.00020083922339954,1,1,202,0,68.2626411235995,174.96658517629,1.0174487096502,16.2816703722429,543.468666804226,16.2816703722429,17.8222924879449,6.6601099835416,20.1,0.661786758181592,0.3,159.9,0.248328343324036,0.917790167855386,159.6,0.66946182453135,17-51,93-191,0.50-0.70,0.50-0.70
Garissa,Lagdera,Maalimin,-1.90912930387398,1.91055302103702,-1.39281725242935,-2.05878925677056,0.566037180832783,-1.08539162168706,0.711339191612675,1.92348403380538,-0.885702616958245,0.296983770666332,0,51468,0.000177013894844687,1,1,203,0,9.11055113986637,30.4167743270638,0.420879299829181,1.91707060712065,60.0010076077894,1.91707060712065,5.41670190472904,1.30444516799089,17.7,0.651992727166332,0.8,116.6,0.217444243635707,0.917700865448985,115.8,0.700256621813278,17-51,93-191,0.50-0.70,0.70-0.90
Garissa,Lagdera,Modogashe,-1.83406651011303,1.92210681243543,-1.320426348451,-2.0507716021973,-0.0805815856451364,-1.00183407716266,0.619909292548096,1.60256201164307,-0.914698766516335,0.420329286981439,11,468285,1.99212618167599e-05,1,1,204,1,9.32882808986139,3.27419057386087,4.28618745738481,8.85980926155744,16.7459369081344,8.85980926155744,0.0928630659298372,0.109412173045434,2,0.804704038892519,0.9,3.6,0.435610852747717,0.976956686514576,2.7,0.541345833766859,1-5,1-5,0.70-0.90,0.50-0.70
Garissa,Lagdera,Sabena,-1.806320635302,2.10218098125188,-1.12858750330742,-1.45135632251411,-0.468004826250038,-1.24959300169985,0.769632848681558,1.88185773621949,-0.945698622873542,0.304404897265724,17,204910,8.52442123490945e-05,1,1,205,1,17.467391552453,4.28544391359798,10.693556705211,17.0355611207829,26.7493127412217,17.0355611207829,0.153402863347928,0.145219684474175,8.5,0.95924727649872,5.2,13.1,0.836190299246648,0.997014552950552,7.9,0.160824253703903,5-17,5-17,>=0.90,0.15-0.30
Homa Bay,Homa Bay Town,Homa Bay Arujo,0.615260522033123,0.261246861228362,0.574824949091392,0.542233260932473,1.15034279292357,1.02847484705076,0.824108082355034,-0.2591833350983,-0.147018867249585,0.944615458566432,0,273782,2.7274841473611e-07,0,1,206,0,0.0746736064832816,0.348290409920686,0.0011165583441346,0.0163411574318534,0.472144489283739,0.0163411574318534,0.0772105513323863,0.0158971338575845,,0.0146659622158285,0,0.2,0.00069934927157229,0.0716606394395067,0.2,0.0709612901679344,0,1-5,0.01-0.05,0.05-0.15
Homa Bay,Homa Bay Town,Homa Bay Central,0.711942701042928,0.233500940082806,0.661116931954253,0.359390074920363,1.10679858288707,1.035309856838,0.894451036733327,-0.253290226353525,-0.124918807374735,1.03463270820845,0,397951,1.07689831845529e-07,0,1,207,0,0.04285527627276,0.11251090045846,0.000979376878261377,0.013024458469672,0.268380324066155,0.013024458469672,0.0151757611654208,0.0045177064806414,,0.01019079418976,0,0.1,0.000621840642856967,0.0407404787286022,0.1,0.0401186380857452,0,1-5,0.01-0.05,0.01-0.05
Homa Bay,Homa Bay Town,Homa Bay East,0.711512386112581,0.223293593327788,0.80940674260512,0.29328121451955,1.06011788992112,1.04389287289115,0.877701351651651,-0.233198080679332,-0.0962286629743551,0.980806854766021,0,387359,2.33583468361602e-07,0,1,208,0,0.0904806587210817,0.654111632294607,0.00217244997382723,0.0204059511206505,0.52851519005237,0.0204059511206505,0.301070944560524,0.0397262244628058,,0.0183538265258657,0,0.1,0.00139129566162043,0.080736964918717,0.1,0.0793456692570966,0,1-5,0.01-0.05,0.05-0.15
Homa Bay,Homa Bay Town,Homa Bay West,0.584710736528328,0.285806252837285,0.574824890723922,0.72271764014258,1.186564678378,1.06853848480753,0.952942161680393,-0.187649246583489,-0.242233728448367,1.17382633739284,0,150774,9.14716520226571e-07,0,1,209,0,0.137915468620641,0.426391282571533,0.00179387389680755,0.0314342978639669,1.0436696662815,0.0314342978639669,0.0621395124686413,0.0174137241155318,0.1,0.0329542900231191,0,0.7,0.00113355587490938,0.162608351209593,0.7,0.161474795334684,1-5,1-5,0.01-0.05,0.15-0.30
Homa Bay,Kabondo Kasipul,Kabondo East,1.17619327080714,-0.133355278978421,0.374022745184369,1.16108740786208,0.459537244024446,0.995881470307674,0.227998467420406,-0.234986651836213,-0.450671405130516,1.24674504059411,0,323923,9.11195529484299e-07,0,1,210,0,0.295157189497143,1.00293045726122,0.00516433091167996,0.0611978731114135,2.28296934367953,0.0611978731114135,0.136371524662498,0.0403403383154625,0.1,0.0443299260895271,0,0.7,0.00322276350498634,0.180560638954006,0.7,0.17733787544902,1-5,1-5,0.01-0.05,0.15-0.30
Homa Bay,Kabondo Kasipul,Kabondo West,1.0017374907428,-0.0553104538358434,0.450451827086858,0.857659804089405,0.568955097087464,0.913739357273501,0.455682496661089,-0.186399435957716,-0.361087754016757,1.0518964382521,0,329358,1.24867650739195e-07,0,1,211,0,0.0411261597121597,0.117079477010314,0.00157874081259957,0.0130266631119695,0.276942800882623,0.0130266631119695,0.0178367736123881,0.00483047476061786,,0.011150246139832,0,0.1,0.000944200725168,0.0420564551306244,0.1,0.0411122544054564,0,1-5,0.01-0.05,0.01-0.05
Homa Bay,Kabondo Kasipul,Kojwach,1.38066165838665,-0.202625625881496,1.21477840008844,1.19548383520853,0.574767572627678,1.12955851609813,0.555876736800417,-0.267127899702079,-0.546149737628651,1.01409334737855,0,174223,1.39087113926415e-07,0,1,212,0,0.0242321742496018,0.0816491336102723,0.000814945728644561,0.0087908704864345,0.146001568922673,0.0087908704864345,0.0188876818165291,0.00377653419709424,,0.0090144360185887,0,0.1,0.000636024475063783,0.0388739882613038,0.1,0.03823796378624,0,1-5,<0.01,0.01-0.05
Homa Bay,Kabondo Kasipul,Kokwanyo/Kakelo,0.866292934950183,0.0209365864093454,0.678592556359069,0.76075606093354,0.641670968162409,0.93480312740477,0.580945825933961,-0.169949595017458,-0.306999989661346,0.897738658831382,0,279738,1.14527944576179e-07,0,1,213,0,0.0320378181598512,0.0976783015870484,0.00110854959773218,0.010268556704946,0.196580276136915,0.010268556704946,0.0165356745327667,0.00413466699333479,,0.00888160910982782,0,0.1,0.000701416652544182,0.0328543023672083,0.1,0.0321528857146642,0,1-5,<0.01,0.01-0.05
Homa Bay,Karachuonyo,Central,-0.0820815088080813,0.52476566361035,0.329417107424358,0.484774600656388,0.953823562636775,0.852008377121634,0.66826659319936,-0.378256902823123,-0.168811540729405,0.717038518641385,0,219580,2.510012514458e-07,0,1,214,0,0.0551148547924688,0.333415073482611,0.00080548964663957,0.0119452108117278,0.284838653579968,0.0119452108117278,0.121470496225527,0.0182259791160456,,0.0104195446234629,0,0.1,0.000550176254657829,0.0513808382648877,0.1,0.0508306620102299,0,1-5,0.01-0.05,0.05-0.15
Homa Bay,Karachuonyo,Kanyaluo,0.174701070537449,0.374918594799351,0.329417338948721,0.306622949382458,0.884322599351169,0.982930890758276,0.753873604095723,-0.335454408025112,-0.159005741957206,0.714326244137388,0,214338,1.66001653623703e-07,0,1,215,0,0.0355804624343973,0.288273544327739,0.000756747458436976,0.00787333625148549,0.143482607492704,0.00787333625148549,0.113563183237179,0.0162983762398225,,0.00788135094870735,0,0.1,0.000496569041288629,0.0347242652339616,0.1,0.034227696192673,0,1-5,<0.01,0.01-0.05
Homa Bay,Karachuonyo,Kendu Bay Town,0.153288524880232,0.353703989427886,0.329417551017246,0.115988036930544,0.873390344370229,0.751033207616194,0.571808474784372,-0.287625061920559,0.0631021446308349,0.725590269612515,0,306980,5.7646700510791e-08,0,1,216,0,0.0176963841228026,0.0753068875079605,0.000577066098613132,0.00574145128686272,0.0843625678991013,0.00574145128686272,0.0222463883255084,0.00378839801665608,,0.00595420254287203,0,0,0.000352983067022759,0.0243508035166973,,0.0239978204496746,0,0,<0.01,0.01-0.05
Homa Bay,Karachuonyo,Kibiri,0.180456436599356,0.499336912385647,0.329417309764975,0.682806331008614,1.00988233444707,0.978824615202857,0.752469572175023,-0.378939004956936,-0.203725051703073,0.707112347195164,0,173718,1.45713997388721e-07,0,1,217,0,0.0253131441983739,0.0753822800077897,0.00079217419594039,0.00903621384585532,0.150395519350602,0.00903621384585532,0.0122522788299919,0.00315869915301665,,0.00818349386136332,0,0.1,0.000553970920317946,0.0344417334960241,0.1,0.0338877625757061,0,1-5,<0.01,0.01-0.05
Homa Bay,Karachuonyo,North Karachuonyo,0.317837304829521,0.609318865723337,0.329417278635642,0.631027009041219,1.10327543130056,0.740602685148888,0.797926052165153,-0.162738236682362,-0.275851560151238,0.809654323063265,0,161264,2.52362807054296e-07,0,1,218,0,0.040697035716804,0.325259101121841,0.000770857336235751,0.0112574689726504,0.184137395533355,0.0112574689726504,0.150975912241719,0.019834150982551,,0.0115645034341387,0,0.1,0.000631930987240437,0.0554780849946725,0.1,0.054846154007432,0,1-5,0.01-0.05,0.05-0.15
Homa Bay,Karachuonyo,Wang'chieng,0.379987066926053,0.334475519681534,0.372182819114354,-0.1637088633928,0.790960360975155,0.807427743861134,0.573703394600455,-0.21129804546651,-0.0900978402833206,0.834078567219374,0,372622,4.3358610446029e-08,0,1,219,0,0.0161563721416202,0.036175562876159,0.000681293377481258,0.00690396098509668,0.0964949875832638,0.00690396098509668,0.0073943861801178,0.00161163378783383,,0.00667804552194359,0,0,0.000537826200088549,0.0264998430490958,,0.0259620168490072,0,0,<0.01,0.01-0.05
Homa Bay,Karachuonyo,West Karachuonyo,0.294145557397637,0.577141756954888,0.331737674183855,0.0496737389336993,1.18820733821521,0.959134123801332,0.775331375027223,-0.183717979346117,-0.305107308024597,0.792266610177388,0,149462,8.81134914592286e-07,0,1,220,0,0.131696186604792,0.811554679056863,0.00280103348768062,0.0341006570476212,0.68836432018195,0.0341006570476212,0.254169220342898,0.0417386852637216,0.1,0.0402178288512963,0,0.5,0.00251465382435151,0.195750272478834,0.5,0.193235618654483,1-5,1-5,0.01-0.05,0.15-0.30
Homa Bay,Kasipul,Central Kasipul,0.343350304444493,0.242172719824992,0.335937166222516,0.800038283957418,0.751693715579599,0.979055511770058,0.726669545844825,-0.297757586638359,-0.21114951474356,0.871733600125957,0,294459,1.00805292120993e-06,0,1,221,0,0.296830255126554,1.2751310494063,0.00497922881789704,0.0633044783178522,1.88442947578099,0.0633044783178522,0.346859420683418,0.0622605002581683,0.1,0.0333548371078007,0,0.6,0.00294004490479548,0.129361663998284,0.6,0.126421619093488,1-5,1-5,0.01-0.05,0.05-0.15
Homa Bay,Kasipul,East Kamagak,0.842334832890009,0.01781578671698,0.872440079650653,0.851055464376871,0.663108233126666,0.999828231858428,0.647487921419119,-0.271927114700427,-0.270879287140002,0.890175109900849,0,164306,4.79972361517534e-07,0,1,222,0,0.0788623388314999,0.561119945501992,0.00222453276301703,0.0230982408267732,0.369565504694378,0.0230982408267732,0.255766400641718,0.0339202581827781,,0.0204515479149224,0,0.2,0.00159112875423381,0.0842844688249961,0.2,0.0826933400707623,0,1-5,0.01-0.05,0.05-0.15
Homa Bay,Kasipul,South Kasipul,0.824688983088457,0.121883036160105,0.814811363709258,0.94082530717759,0.71584042696668,1.10818361953717,0.679467792867601,-0.353802944690938,-0.248341008005678,0.839603094772212,0,259573,2.9285433168043e-07,0,1,223,0,0.0760170774372842,0.203156018886487,0.00213151377168751,0.0230420753477071,0.476193771130069,0.0230420753477071,0.0268230823549214,0.00812079808269134,,0.0175369025299696,0,0.2,0.00132206649465318,0.0755195383507687,0.2,0.0741974718561155,0,1-5,0.01-0.05,0.05-0.15
Homa Bay,Kasipul,West Kamagak,0.831605956029631,0.116855790386997,0.878839463669777,0.897293293469175,0.677701224176577,1.04713070308247,0.682145685611676,-0.401352052183632,-0.170519934415589,0.798676585579364,0,235765,3.16737445081138e-07,0,1,224,0,0.0746756037395545,0.303586008512705,0.0013309541988486,0.0202388849573815,0.409904780045295,0.0202388849573815,0.0727541518721328,0.014201609109589,,0.0167695309672009,0,0.2,0.000921111372807543,0.0751088264759025,0.2,0.074187715103095,0,1-5,0.01-0.05,0.05-0.15
Homa Bay,Kasipul,West Kasipul,0.79811803660969,0.0508905252477035,0.830844992113511,0.880967923468166,0.797900449609636,1.08400891630604,0.651422147605725,-0.239426780014607,-0.136678276885763,0.927294058615376,0,254281,2.85035706250463e-07,0,1,225,0,0.0724791644210741,0.374012963208297,0.00144743369898262,0.01804800895668,0.35794430253053,0.01804800895668,0.110871326113207,0.0188394467360905,,0.014510390088195,0,0.1,0.000881398155400457,0.0604941869896573,0.1,0.0596127888342569,0,1-5,0.01-0.05,0.05-0.15
Homa Bay,Mbita,Gembe,0.120848198236479,0.598325496657758,0.999719025042022,0.739993558191504,1.49833418446065,0.999233033425238,0.743203258411113,0.0819105457630474,-0.406056499527793,0.955007603836866,0,226246,4.42006749005738e-07,0,1,226,0,0.100002258935552,0.497865712407876,0.00128178907560682,0.0172202066180232,0.627842977364547,0.0172202066180232,0.121775918768603,0.0234456815504811,,0.0100014039729289,0,0.3,0.000732221875615288,0.0359811714108023,0.3,0.035248949535187,0,1-5,0.01-0.05,0.01-0.05
Homa Bay,Mbita,Kasgunga,0.0269543791345214,0.628931823491502,1.53754199895396,0.317912437172169,1.59806503292685,0.890115687320245,0.436732340183165,-0.0610646773244356,-0.480873766042221,0.682365957040864,0,224994,9.51384565138684e-08,0,1,227,0,0.0214055818848813,0.064646186390357,0.000478705966155083,0.00631522357889809,0.150799968929907,0.00631522357889809,0.00993257962811668,0.00267248340368981,,0.00517055440341432,0,0.1,0.000298054603961657,0.0228508357179613,0.1,0.0225527811139996,0,1-5,<0.01,0.01-0.05
Homa Bay,Mbita,Lambwe,0.212275385126366,0.46464137550723,0.574778541102622,0.694713728251633,1.3945334267434,1.04798829095406,0.889356497285784,0.0175276786507539,-0.340414409637542,1.14232151082709,0,384833,2.8184010589897e-07,0,1,228,0,0.108461373473418,0.605389298858432,0.00151358105126745,0.0195706705360147,0.75963191816376,0.0195706705360147,0.243556766914849,0.0345479730148034,,0.010057891813112,0,0.2,0.000768748662988118,0.0362981435746385,0.2,0.0355293949116503,0,1-5,0.01-0.05,0.01-0.05
Homa Bay,Mbita,Mfangano Island,0.0409356339086429,0.727286048124642,1.53701313504686,0.10136045431636,2.20099467386628,0.374373452890412,0.535325405801543,0.0798776890499596,-0.514615154576436,0.377228833441444,0,70702,1.12524069972628e-07,0,1,229,0,0.00795567679520475,0.0241508198493996,0.000275889951628051,0.00316982534401405,0.0467067349148488,0.00316982534401405,0.00710610688623085,0.001213145641987,,0.00445830573096486,0,0.1,0.000213226135859492,0.0227441024446821,0.1,0.0225308763088226,0,1-5,<0.01,0.01-0.05
Homa Bay,Mbita,Rusinga Island,-0.0155689982370391,0.799774702173138,1.19089822604423,-0.609842149799282,1.58213660290394,0.926780817679004,0.312584552971556,-0.160069350897857,-0.381446770905767,0.427514930555242,0,225608,7.57909765699704e-08,0,1,230,0,0.0170990506419979,0.0517438455741899,0.000354345903898228,0.00532260945454141,0.0960480769526704,0.00532260945454141,0.00959279971772901,0.00224298599402151,,0.00654879445430352,0,0,0.00029484808005963,0.0343345902869741,,0.0340397422069144,0,0,<0.01,0.01-0.05
Homa Bay,Ndhiwa,Kabouch North,0.970184451744484,0.114043577231388,0.67481935320615,0.497269038491152,1.08823814637046,0.935803240044843,0.850331700708039,-0.0079549638079457,-0.137927226587378,0.980092091039057,0,483896,1.15435959200919e-07,0,1,231,0,0.0558589989134878,0.205087156026223,0.00127904272151615,0.0141543889986768,0.330438482130413,0.0141543889986768,0.0506900854886685,0.00969134781754874,,0.010106989516339,0,0.1,0.00073544758871673,0.0397536279717615,0.1,0.0390181803830448,0,1-5,0.01-0.05,0.01-0.05
Homa Bay,Ndhiwa,Kabuoch South/Pala,0.700989269091918,0.121724148116059,0.300220365564306,0.317126345645423,1.1422426983179,0.794261804476589,0.724010527359193,0.245950802943336,-0.185105680938299,0.762006693947888,0,313311,1.34607839182994e-07,0,1,232,0,0.0421741167022631,0.158224406904419,0.00123409505155206,0.0129004849234624,0.236185353312634,0.0129004849234624,0.0363261730405005,0.00730096398218008,,0.0111453858384423,0,0.1,0.000832245667512452,0.042083046073995,0.1,0.0412508004064826,0,1-5,0.01-0.05,0.01-0.05
Homa Bay,Ndhiwa,Kanyadoto,0.464900002307224,0.284538936544311,0.332179570535567,0.385085741075695,1.32199997871213,0.962535956319815,0.800589702508304,0.139023602122951,-0.193307965986515,0.983258976997784,0,214630,3.68518296890938e-07,0,1,233,0,0.0790950820617021,0.868286467937233,0.0016453548382227,0.0142402371649576,0.245376395061231,0.0142402371649576,0.387058644532977,0.0519373670974779,,0.0128946184473305,0,0.1,0.000922670321664851,0.0508735329766043,0.1,0.0499508626549394,0,1-5,0.01-0.05,0.01-0.05
Homa Bay,Ndhiwa,Kanyamwa Kologi,0.77224680778516,0.287554231769445,0.574825131976194,0.632104225865955,1.25083930670672,1.0550313626191,0.998578668891653,-0.0599418465713347,-0.214693058661441,1.23155092711506,0,287851,1.18820912448392e-07,0,1,234,0,0.034202718469182,0.157855764310221,0.000697230356056313,0.00842966343197662,0.224862755416048,0.00842966343197662,0.0386636896998598,0.00743714401402115,,0.00800739453691722,0,0.1,0.000463957386376895,0.032402604610086,0.1,0.0319386472237091,0,1-5,<0.01,0.01-0.05
Homa Bay,Ndhiwa,Kanyamwa Kosewe,0.642847636085033,0.238077757542099,0.563065562020655,0.472744260188801,1.33417697261071,0.993961844298592,0.940265310702623,0.130723057229116,-0.242411491393229,1.26427588231072,0,392957,1.2524872563958e-07,0,1,235,0,0.0492173634811526,0.236896316190876,0.00100733325968318,0.0111435116177875,0.245934328141297,0.0111435116177875,0.063821223031912,0.0115277278414347,,0.00913273906620345,0,0.1,0.000601568801277691,0.0377357856990896,0.1,0.0371342168978119,0,1-5,<0.01,0.01-0.05
Homa Bay,Ndhiwa,Kanyikela,0.52699142255541,0.199124792725159,0.317964246938654,0.456618473344563,1.25719751697853,0.939756880118767,0.792337895007103,0.151477159312697,-0.177429124144512,0.916207469557213,0,103039,3.84702683274437e-07,0,1,236,0,0.0396393797819147,0.298514773369686,0.00128891664115969,0.0115995886743428,0.15618778568101,0.0115995886743428,0.129066224964395,0.0176027307883153,,0.0128930757525105,0,0.2,0.00101928994238988,0.0535600090887855,0.2,0.0525407191463956,0,1-5,0.01-0.05,0.05-0.15
Homa Bay,Ndhiwa,Kwabwai,0.487161436566221,0.297979672532832,0.796125759900815,0.319645351194577,1.43248117058207,0.791070784261932,0.731151661785534,0.0122371183445068,-0.240594755590658,1.01900053407471,0,348204,6.02118085657748e-08,0,1,237,0,0.020965992589837,0.0785965173032856,0.000388168418062615,0.00638911857105793,0.129049440490645,0.00638911857105793,0.0232365161242304,0.0039550464251481,,0.0065593789768107,0,0,0.000305193566002182,0.0293637122302186,,0.0290585186642165,0,0,<0.01,0.01-0.05
Homa Bay,Rangwe,East Gem,0.914247098034514,0.093072179298613,0.853421018498725,0.684752665953313,0.904562521291364,1.06697635938653,0.659513553495006,-0.23003674675152,-0.0469949569749349,0.850467623111561,0,265091,1.37151928223995e-07,0,1,238,0,0.036357741804827,0.193337107552256,0.0010210919097705,0.0101479617537746,0.190001611929998,0.0101479617537746,0.0755705510331326,0.0108933574669145,,0.00980886487917011,0,0.1,0.000739654852359092,0.043086082860298,0.1,0.0423464280079389,0,1-5,<0.01,0.01-0.05
Homa Bay,Rangwe,Kagan,0.672443792183734,0.303891710756005,0.705672624655807,0.403696471277013,0.920574490838946,1.11592157423228,0.81630391126155,-0.270805672247457,-0.066654208809019,0.80676677847873,0,253414,1.58450405422455e-07,0,1,239,0,0.0401535510397259,0.230572362728008,0.00104679725069003,0.0128562848264433,0.208708771622213,0.0128562848264433,0.100849788286089,0.0136696389676664,,0.0119459790833865,0,0.1,0.000832530805264966,0.0479390421617942,0.1,0.0471065113565292,0,1-5,0.01-0.05,0.01-0.05
Homa Bay,Rangwe,Kochia,0.557441756745905,0.36977939082833,0.717993333793105,0.179589600660741,1.04663580406054,1.11934212125924,0.786194351364024,-0.267678520896279,-0.103205747570633,0.839320343220279,0,310263,4.60136975658938e-08,0,1,240,0,0.0142763478478869,0.0459488909348882,0.000466763073852864,0.00532763464897462,0.0843285265866893,0.00532763464897462,0.0115128731454016,0.00218116954417022,,0.0055699679546028,0,0,0.000315081857592267,0.022260896960853,,0.0219458151032607,0,0,<0.01,0.01-0.05
Homa Bay,Rangwe,West Gem,0.93128012968741,0.058719040893909,0.853420631327719,0.540367291472226,0.953013229247439,1.01973336053106,0.714280349609931,-0.196585890706572,-0.0260884222789545,0.863575251897267,0,214709,3.32676593220839e-08,0,1,241,0,0.00714286586538532,0.0156941811154907,0.000315788610877868,0.00302020179815147,0.0396419873642587,0.00302020179815147,0.0021373560345459,0.000631471848158938,,0.00367698606642511,0,0,0.000238834233344196,0.0148194614722304,,0.0145806272388862,0,0,<0.01,0.01-0.05
Homa Bay,Suba,Gwassi North,0.346229608742377,0.430460874398946,1.54559964218593,0.414713461530018,1.98601031031655,0.316610786184115,0.422178018304016,0.178983625478836,-0.39386595665636,0.983178470325908,0,264913,5.29643111828958e-08,0,1,242,0,0.0140309345683945,0.0880093295123387,0.000351228648408706,0.00399724868894402,0.0666297009099428,0.00399724868894402,0.0354610180052846,0.00502585106693147,,0.00402350601749075,0,0,0.000240995153009057,0.0163747091778094,,0.0161337140248003,0,0,<0.01,0.01-0.05
Homa Bay,Suba,Gwassi South,0.335504603411858,0.323980981910054,1.55942856523761,0.382076027071794,1.68738208293157,0.431369785735558,0.517515381856096,0.055980891326865,-0.408917909492204,0.997058325474135,0,429542,6.29256278869144e-08,0,1,243,0,0.027029200053801,0.0943296995533414,0.000565517720604365,0.00654762722758356,0.172530279019325,0.00654762722758356,0.0181350566386788,0.00412992870536691,,0.006027886064853,0,0,0.000386504499330217,0.0269695655781098,,0.0265830610787795,0,0,<0.01,0.01-0.05
Homa Bay,Suba,Kaksingiri West,0.485235921977227,0.448660605440716,1.5453917605448,0.0522225489009323,1.74500389629738,0.534997370524117,0.497386909812178,0.165184849635949,-0.327501992416856,1.05648133401922,0,288735,3.77058375390724e-08,0,1,244,0,0.0108869950018441,0.0307900436092358,0.000357277998793936,0.00387835792165457,0.0634954720171824,0.00387835792165457,0.00745356036470226,0.00144507121921125,,0.00433339458991019,0,0,0.000258585568372067,0.0181338856146541,,0.0178753000462821,0,0,<0.01,0.01-0.05
Homa Bay,Suba,Ruma-Kaksingiri East,0.572587661140314,0.314142620193303,1.16457941968348,0.52231645855334,1.53951678328127,0.802920223946117,0.748332877987115,0.0399769355424994,-0.399644970691641,1.15470355361504,0,172175,9.26618135526953e-08,0,1,245,0,0.0159540477484353,0.0459065873277743,0.00071040440869657,0.00705433682975808,0.0843797896930567,0.00705433682975808,0.0140861469181463,0.00234257990995397,,0.00734354545505781,0,0,0.000469796314938738,0.0305162215032637,,0.0300464251883249,0,0,<0.01,0.01-0.05
Isiolo,Garbatulla,Garbatulla,-1.45903671042673,1.71140863917502,-1.41980151438761,-1.94578687007977,-0.697660435220761,-0.196998440112969,0.386185564191424,1.14895496725691,-0.916983924559663,1.38892850488972,12,377763,3.08084068706999e-05,1,1,246,1,11.6382762046962,3.47525505352822,6.15365480152437,11.2147549106966,19.7869143476898,11.2147549106966,0.093237320188816,0.115794060086137,3.1,0.916791855416148,1.6,5.2,0.685545146287471,0.992750746577889,3.6,0.307205600290418,1-5,1-5,>=0.90,0.30-0.50
Isiolo,Garbatulla,Kinna,-1.14597647032475,1.48049001566904,-1.58101360840679,-1.23091566143204,-0.748340284575016,-0.397155071975739,0.60832872245409,1.29886330819666,-0.787479588832274,0.914721899378594,2,407756,7.30300217324689e-06,1,1,247,1,2.97784295415446,1.74317570871326,1.19703485180621,2.47666832149973,7.48229055728077,2.47666832149973,0.0895551814011365,0.0607880230040642,0.7,0.859736191871947,0.3,1.8,0.601708294320825,0.982644090085097,1.5,0.380935795764273,1-5,1-5,0.70-0.90,0.30-0.50
Isiolo,Garbatulla,Sericho,-1.90768553577999,2.02771236471198,-1.16902435616362,-1.67717189106309,-0.339508591617433,-0.570529238863128,0.610671687540955,1.52302903116533,-1.00212550422985,1.13231589764307,56,253794,0.000217425855908751,1,1,248,1,55.1813776745054,7.3663004266009,42.201279332358,54.6396034795661,70.3621859055195,54.6396034795661,0.205323299383683,0.24592865842635,21.7,0.979796306613163,16.6,27.7,0.907466224653822,0.99908779958918,11.1,0.0916215749353579,17-51,5-17,>=0.90,0.05-0.15
Isiolo,Isiolo,Bula Pesa,-1.15098196499192,0.275159491200225,-1.78970810823788,-1.28855527710358,-1.5839026396652,-0.481058075955964,-0.372471859034353,-0.187746352805184,-0.751231353033307,-0.927078303569943,2,318432,3.64331451146264e-06,1,1,249,1,1.16014792651407,0.891282111066864,0.238287722840291,0.962339153430858,3.39062718924721,0.962339153430858,0.0513354026020591,0.0314315510238294,0.4,0.468281375066026,0.1,1.1,0.138083834755683,0.857811779037304,1,0.719727944281621,1-5,1-5,0.30-0.50,0.70-0.90
Isiolo,Isiolo,Burat,-1.10797743233603,0.522412086230411,-1.3178278415559,-1.3012591441975,-1.07893086196681,-0.513182558349841,0.114041850335547,0.852977867392143,-0.91575067624387,-0.583076563960955,6,177139,2.07952566524524e-05,1,1,250,1,3.68365096815876,1.92565709188766,1.10452863088804,3.28601842826016,8.5003357829399,3.28601842826016,0.0664203404194317,0.0650954152019944,2.1,0.590332283150693,0.6,4.8,0.234284999374509,0.898926697830056,4.2,0.664641698455547,1-5,1-5,0.50-0.70,0.50-0.70
Isiolo,Isiolo,Ngare Mara,-1.30257042179354,1.23077125371775,-0.775435615630555,-1.33920495840373,-1.06728033756251,-0.723602538593499,0.169597811786229,1.48153813708233,-0.831181331636195,-0.93325807632012,7,40045,0.000134949230658592,1,1,251,1,5.4040419417233,2.3783675958486,1.91710649043269,5.06053855931614,11.1788950486151,5.06053855931614,0.0771951893179087,0.0800928396132537,13.5,0.757659868327376,4.8,27.9,0.383985481505246,0.971535477149247,23.1,0.587549995644001,5-17,17-51,0.70-0.90,0.50-0.70
Isiolo,Isiolo,Oldonyiro,-1.33919566641261,0.462002851886728,-0.575727233991613,-1.78530950483564,-0.394097664504364,-1.26228476512609,0.647006929372529,2.09927900757819,-0.976809368464577,0.262045070874682,6,75258,6.61419195130642e-05,1,1,252,1,4.97770857871419,2.26467991170911,1.75253565607345,4.59117046028098,10.8704836757121,4.59117046028098,0.0710317641454975,0.0761079101406913,6.6,0.7868132201495,2.3,14.4,0.395705913359905,0.967032834819583,12.1,0.571326921459678,5-17,5-17,0.70-0.90,0.50-0.70
Isiolo,Isiolo,Wabera,-1.01729235414938,0.420284673909519,-1.78970798663895,-1.17910307560519,-1.59828567772188,-0.530910620837556,-0.202775172849531,0.21799128801046,-0.62807059990666,-0.93212396246718,8,455217,9.84863523695112e-06,1,1,253,1,4.48326618665918,2.3340857676424,1.22402671146508,4.06086505277134,9.65546214548649,4.06086505277134,0.095153295075612,0.0798282955855057,1,0.541572556796885,0.3,2.1,0.183166625779312,0.881496669147443,1.8,0.69833004336813,1-5,1-5,0.50-0.70,0.50-0.70
Isiolo,Merti,Chari,-1.67921053220227,1.84946446138714,-1.50678979315754,-1.90844033756556,0.507921290849613,-0.307204570397917,0.676927733749691,1.93250504571394,-1.10078670144774,1.82254615845406,1,89324,2.56713701789389e-05,1,1,254,1,2.29306946986354,2.12987019736392,0.964947999539483,1.64632876978664,7.00154685582128,1.64632876978664,0.230922710093242,0.0819572439888915,2.6,0.920502725594679,1.1,7.8,0.711171771730084,0.993807391437893,6.7,0.28263561970781,1-5,5-17,>=0.90,0.15-0.30
Isiolo,Merti,Cherab,-1.99119464395716,2.07574425549966,-1.01948020292795,-1.57687310535535,1.0246185361107,-0.582979639135681,0.850222137671779,2.19819113717354,-1.03973621076388,1.88463740499923,459,443516,0.000949633075997244,1,1,255,1,421.177463333994,45.1466106377199,304.825410732592,428.664903096286,484.953898729972,428.664903096286,2.18339969456056,1.56575150406636,95,0.917471295954769,68.7,109.3,0.682196887514097,0.994415205178812,40.6,0.312218317664715,93-191,17-51,>=0.90,0.30-0.50
Kajiado,Kajiado Central,Dalalekutuk,-1.03275595190479,-0.388209597139887,-0.631518732114373,-0.522820966233423,-1.13910647007747,-0.558681406306583,0.72047493041031,-0.140865543794675,0.511343804549776,-0.597913048605075,0,446311,3.70504857721832e-06,1,1,256,0,1.65360393554689,12.369549766524,0.0221514907823588,0.259908836958383,8.04423607146401,0.259908836958383,4.92380791048352,0.702568464095847,0.4,0.103180859298825,0,1.8,0.012424933055789,0.322020548943649,1.8,0.30959561588786,1-5,1-5,0.05-0.15,0.30-0.50
Kajiado,Kajiado Central,Ildamat,-1.19245643386618,-0.303083205531186,-0.359724646194598,0.0240988871159253,-1.42580039440749,-0.480162206551367,0.625751978478205,-0.124756781166674,0.604362179627679,-0.290863271217376,0,234436,2.59250402754532e-05,1,1,257,0,6.07776274201615,21.665937640077,0.0876766188203255,1.0282534044154,48.1830196136467,1.0282534044154,4.25858674443342,0.954473780374387,2.6,0.249651088632554,0,20.6,0.0452201979197368,0.626036928949159,20.6,0.580816731029422,1-5,17-51,0.15-0.30,0.50-0.70
Kajiado,Kajiado Central,Matapato North,-1.09023605061642,-0.0512286796113336,-0.772958400264296,-0.382250291155164,-0.697494208615543,-0.569253139334337,1.03860819273253,0.933431163522511,0.291443535178906,-0.129890187685562,0,286430,2.68544069543374e-05,1,1,258,0,7.69190778393087,22.9932599982759,0.095634589616284,1.44119879873116,53.6397185628578,1.44119879873116,3.13030314169159,0.925088478160435,2.7,0.250528995558909,0,18.7,0.0372449186602974,0.616374543126722,18.7,0.579129624466425,1-5,17-51,0.15-0.30,0.50-0.70
Kajiado,Kajiado Central,Matapato South,-1.08586438967149,-0.0911391816473311,-0.640799265638052,-0.254337179878459,-0.2048293239816,-0.620869758562822,0.650459387458779,0.920183292110052,0.0171011487970876,-0.0755401800228741,0,399363,8.06316288014779e-06,1,1,259,0,3.22012891730446,9.60008868036313,0.0526280200949241,0.679258429739575,23.83819556368,0.679258429739575,1.69867301018527,0.411014973936274,0.8,0.164890591033031,0,6,0.0193566758701693,0.511189807406273,6,0.491833131536104,1-5,5-17,0.15-0.30,0.30-0.50
Kajiado,Kajiado Central,Purko,-1.10887125024413,-0.22955381725691,-0.607551746259059,-0.534335317713077,-1.24278588237291,-0.376304844269841,1.03167747896345,0.327565647259773,0.402235695911133,-0.200294754163518,0,74957,1.85741058342033e-05,1,1,260,0,1.39225925101438,5.52667294091492,0.0490607352803253,0.377573519836596,8.05786737299196,0.377573519836596,1.07929759328412,0.243029517119441,1.9,0.268112315590712,0.1,10.7,0.0336274973105332,0.702437561574121,10.6,0.668810064263588,1-5,5-17,0.15-0.30,0.50-0.70
Kajiado,Kajiado East,Imaroro,-1.11075296661094,-0.228899675530349,-0.904595774306565,-0.396934289274998,-0.761784436671832,-0.809102835577905,0.892757149452914,0.399158874817613,-0.067490245623726,-0.901314118666822,0,276439,4.29294133881994e-06,1,1,261,0,1.18673641076204,3.90322247533807,0.0236062205797703,0.29757492713567,7.85084833229523,0.29757492713567,0.689200346033299,0.167019589517116,0.4,0.149253704949105,0,2.8,0.013551520434488,0.493900779067586,2.8,0.480349258633098,1-5,1-5,0.05-0.15,0.30-0.50
Kajiado,Kajiado East,Kaputiei North,-1.07599909819433,-0.417292843526753,0.832446924755929,0.402251489222086,-1.20153368148912,-0.335006878442625,0.285667465088462,-0.296615021921272,0.503366975130831,-0.580236975465778,0,868860,7.23483706314174e-06,1,1,262,0,6.28606053068133,34.6963163049708,0.0213914095288059,0.631562425250104,35.5365079364516,0.631562425250104,11.0662174574871,1.79708290438098,0.7,0.0811203569571026,0,4.1,0.00605375256014974,0.290591134094128,4.1,0.284537381533979,1-5,1-5,0.05-0.15,0.15-0.30
Kajiado,Kajiado East,Kenyawa-Poka,-1.22970088028009,0.343993299340329,-0.808941448104899,-0.167032056008254,-0.0794341958470726,-0.724311824607436,0.594199914861506,0.587716120217629,-0.201647755329805,-0.938735713344368,0,263292,5.19889658324212e-06,1,1,263,0,1.36882787919498,5.50574314487719,0.0173471999540547,0.228428299620984,9.83870198584559,0.228428299620984,1.22992742006028,0.251894325578407,0.5,0.0902358445569359,0,3.7,0.00800482138631822,0.306704835175149,3.7,0.29870001378883,1-5,1-5,0.05-0.15,0.15-0.30
Kajiado,Kajiado East,Kitengela,-1.04027458972263,-0.419170528416303,1.03492825425232,0.58883885525497,-1.21767096032372,-0.318358063758837,-0.139059873461141,-0.677825353016485,0.834158012099902,-0.883545134400571,0,912768,1.46178058733744e-06,1,1,264,0,1.33426654314282,9.4515764218156,0.00595047999568628,0.130867278980463,8.06442901925275,0.130867278980463,3.03654230340209,0.49093288752491,0.1,0.0326577506383793,0,0.9,0.0018624094526739,0.14211051741255,0.9,0.140248107959876,1-5,1-5,0.01-0.05,0.05-0.15
Kajiado,Kajiado East,Oloosirkon/Sholinke,-0.974812057696867,-0.45655200980608,1.37562121663746,0.486160506096913,-1.06592588908542,-0.654294809060251,-1.28256885269508,-0.793702960699822,0.164952075737247,-0.989751413875559,0,827175,1.54051406925118e-06,1,1,265,0,1.27427472523285,11.6306471228917,0.0035540260301417,0.0977695754914056,7.25771620274605,0.0977695754914056,5.12332898446704,0.691821131565686,0.2,0.0545597010779494,0,0.9,0.00191507849332079,0.279962245281364,0.9,0.278047166788043,1-5,1-5,0.05-0.15,0.15-0.30
Kajiado,Kajiado North,Ngong,-0.471222454802654,-0.63817310981331,0.018476269101211,0.710116225735793,-1.14827655255427,-0.789555485209535,-1.94523516877372,-1.13225702068254,0.357229669988768,-1.09230618296645,0,207652,8.68892997072785e-08,1,1,266,0,0.0180427368628158,0.0905892199053759,0.000277568147770492,0.00511983030711842,0.101263034065847,0.00511983030711842,0.0348591833395816,0.00506937099811796,,0.00966752118454626,0,0,0.000232745412217071,0.0518907109730669,,0.0516579655608498,0,0,<0.01,0.05-0.15
Kajiado,Kajiado North,Nkaimurunya,-0.532753285219681,-0.528660454936832,0.667575574537201,0.0517738859645446,-1.04143904787072,-0.795610349638389,-2.07808150624374,-1.14003536204102,0.448398193195882,-1.23901727226826,0,447520,2.07412169764605e-08,1,1,267,0,0.00928210942130561,0.026356589510096,9.87809044085001e-05,0.00279732967789662,0.0607411111477368,0.00279732967789662,0.00431039777207284,0.00110608203368136,,0.00549197368228386,0,0,8.88851647355969e-05,0.0291842486740938,,0.0290953635093582,0,0,<0.01,0.01-0.05
Kajiado,Kajiado North,Olkeri,-0.544495012350647,-0.540195937381823,0.0184763508156931,0.60500615539581,-1.05506276732338,-0.698161490696845,-2.04045153863002,-1.11864994890888,0.191756982777074,-1.10584349011431,0,1139288,1.40289923837507e-07,1,1,268,0,0.159830626748986,2.39742569633765,0.000282747792642474,0.00899151545303314,0.483501743416469,0.00899151545303314,1.09007240307132,0.144755489378392,,0.0114677565731019,0,0,0.000182529597779393,0.0609225882418827,,0.0607400586441033,0,0,0.01-0.05,0.05-0.15
Kajiado,Kajiado North,Oloolua,-0.434421679644545,-0.616175217951908,0.0184765842856426,0.785411233564976,-1.1250344502572,-0.789555485209535,-1.94523516877372,-1.13225702068254,0.357229669988768,-1.09230618296645,0,469714,3.73123955134468e-08,1,1,269,0,0.0175261545462031,0.0566259878034691,0.000309721392609655,0.00587128498758604,0.0877214119893874,0.00587128498758604,0.0141503903182111,0.00268562022587761,,0.00769472704177282,0,0,0.000241190248640175,0.0386427525583628,,0.0384015623097226,0,0,<0.01,0.01-0.05
Kajiado,Kajiado North,Ongata Rongai,-0.7825060929221,-0.496592989441134,1.60493764414272,0.0453819027307878,-1.0060642361476,-0.795610349638389,-2.07808150624374,-1.14003536204102,0.448398193195882,-1.23901727226826,0,521554,7.5913133508471e-08,1,1,270,0,0.0395927984338771,0.163328396216279,0.000333722742138882,0.00730271673277737,0.28029089631951,0.00730271673277737,0.0297943250073323,0.00704925595366836,,0.0105608939734339,0,0.1,0.000263901832756667,0.0499977329520003,0.1,0.0497338311192437,0,1-5,0.01-0.05,0.01-0.05
Kajiado,Kajiado West,Ewuaso Oonkidong'i,-0.987600235909111,0.140751429822558,-0.731127455549544,-0.331294848458867,-0.8074179020249,-0.7588430479762,0.667431208791393,0.467242302147372,0.870578087291056,0.646095997739871,2,506096,2.10287115364513e-06,1,1,271,1,1.06425467937518,1.04870972381419,0.12217463787606,0.780795926188434,3.8055418665146,0.780795926188434,0.069244607675657,0.0375425268349867,0.2,0.352883538474753,0,0.8,0.0588665974322142,0.833726502790706,0.8,0.774859905358492,1-5,1-5,0.30-0.50,0.70-0.90
Kajiado,Kajiado West,Iloodokilani,-1.17905652886831,0.474836375994793,-0.644918105483406,-0.313455839797017,-0.175198621779517,-0.575673821953979,0.978404101247069,1.5074446870167,0.0849852504732001,0.618414955372008,0,149882,0.000152650226261645,1,1,272,0,22.8795212125478,97.1387641644972,0.27195199213697,3.89274606324804,141.24912891026,3.89274606324804,28.1600547371256,4.85279567862416,15.3,0.390980499050726,0.2,94.2,0.0803677100391371,0.79689741107544,94,0.716529701036303,5-17,93-191,0.30-0.50,0.70-0.90
Kajiado,Kajiado West,Keekonyokie,-1.07191175686842,0.338349862583215,0.259267123878551,-0.12554164493801,-0.417870200160899,-0.679926314488936,-0.201542035858134,0.00409425427330307,0.397583086194756,-0.00549037243843422,7,865331,1.61713428348535e-06,1,1,273,1,1.39935642666266,1.22307894998334,0.169564318031267,1.04933429812436,4.75687788339254,1.04933429812436,0.0525120674763127,0.0419983071589372,0.2,0.184013162682661,0,0.5,0.0286059309406858,0.538645550486871,0.5,0.510039619546185,1-5,1-5,0.15-0.30,0.50-0.70
Kajiado,Kajiado West,Magadi,-1.2739171019351,1.30824920279683,-1.39563769196526,-1.15250901913358,0.557344296579591,-0.280206076135903,1.07180954454471,2.31635859997157,-0.0861529641553551,1.59147618268657,3,185096,1.74109652756803e-05,1,1,274,1,3.22270002866731,1.82115509248203,0.999321320565351,2.76732555541069,7.90057516810551,2.76732555541069,0.0703349486502309,0.0620383533834923,1.7,0.750897371533944,0.5,4.3,0.374852966626913,0.964261863208919,3.8,0.589408896582006,1-5,1-5,0.70-0.90,0.50-0.70
Kajiado,Kajiado West,Mosiro,-1.07451783752752,0.438180027369368,-1.17060011585216,-0.41848288354378,0.0530917126736722,-0.737674414913673,1.26223466400401,2.39680995621068,-0.408052356305029,1.92346598643248,0,17001,0.000895631350440197,1,1,275,0,15.2266285888338,56.2451643091329,0.597308966064134,2.9038275470098,107.686715145064,2.9038275470098,14.8537417957071,2.71806138288218,89.6,0.780683946294442,3.5,633.4,0.311542014751215,0.978437522784115,629.9,0.6668955080329,51-93,258-788,0.70-0.90,0.50-0.70
Kajiado,Loitokitok,Entonet/Lenkism,-1.32618250878488,0.116426968041209,-0.474652091653777,0.159962326914344,0.319351784024068,-0.881479943254441,0.34310697531347,0.713871857764167,0.00425860772561002,-0.383300809466113,0,184353,4.54032307113218e-06,1,1,276,0,0.83702217913243,2.69989727460098,0.0144067782285147,0.159460051315501,5.99782290939327,0.159460051315501,0.460280720727377,0.114488957173449,0.5,0.052234096051551,0,3.3,0.00564407382973258,0.178940925077441,3.3,0.173296851247709,1-5,1-5,0.05-0.15,0.15-0.30
Kajiado,Loitokitok,Imbrikani/Eselelnkei,-1.28063256533869,0.303528758552982,-0.229546389282355,-0.346316807390814,0.453756138428196,-0.823850085789393,0.450838180122181,0.719709160851297,-0.11926188640118,-0.663612156806186,0,137049,1.4795165312478e-06,1,1,277,0,0.20276626109098,0.692813234131615,0.00305987396246283,0.0457102327942384,1.379121963501,0.0457102327942384,0.106501199877294,0.028644405432696,0.1,0.0289661098956963,0,1,0.00165470361387983,0.114250098292994,1,0.112595394679114,1-5,1-5,0.01-0.05,0.05-0.15
Kajiado,Loitokitok,Kimana,-1.2742932589955,-0.242813989084124,0.754605960584929,0.451701808805555,0.431088626096498,-0.445116553581443,-1.16785850871363,-0.579337691829506,-0.544701030811294,-0.957767699676807,0,324495,1.58441354390447e-07,1,1,278,0,0.0514134272929282,0.293459130162452,0.000427892844888208,0.00804089052500858,0.292676023184411,0.00804089052500858,0.0693856528897299,0.0136683265162395,,0.00579986352567735,0,0.1,0.000254728658491145,0.0275058823870058,0.1,0.0272511537285147,0,1-5,<0.01,0.01-0.05
Kajiado,Loitokitok,Kuku,-1.2080918403651,0.129492335410017,0.735073779182677,0.321070641044695,0.928072418911663,-0.0469032398602973,-1.01473571100657,-0.484889491136376,-0.688009337447302,-0.985986776543862,0,467993,6.40636897536835e-08,1,1,279,0,0.0299813583588956,0.101405168139569,0.000268626399470556,0.00525387251508528,0.23180808961742,0.00525387251508528,0.0172289395113526,0.00429636678883661,,0.00346941668366425,0,0,0.000126994880084393,0.0159515312965104,,0.015824536416426,0,0,<0.01,0.01-0.05
Kajiado,Loitokitok,Rombo,-1.02430854388568,0.174695036924335,-0.32747003753568,0.433798933533538,0.852026901067572,0.429077672263245,-1.4311383650311,-0.595751396236185,-0.86520128007213,-1.13847109249504,0,508036,6.01556776486003e-08,1,1,280,0,0.0305612498498843,0.17458862120135,0.000149728552059298,0.00325303252917787,0.224306149968092,0.00325303252917787,0.0368199794394176,0.00784967693402887,,0.00257645225012096,0,0,7.94867931168318e-05,0.0134921222547858,,0.0134126354616689,0,0,<0.01,0.01-0.05
Kakamega,Butere,Marama Central,1.62553479208027,0.0863334322016943,1.10743267326468,1.04336634312379,0.180831999852393,1.17148024461499,0.325905972937914,-0.272762995730946,0.486875095899137,1.73550517540302,0,424785,9.98772917986011e-08,0,1,281,0,0.0424263753966688,0.184354135090219,0.000635550835482287,0.0107487187100108,0.283027635994721,0.0107487187100108,0.0498555156118009,0.00898292929466209,,0.00965697109005844,0,0.1,0.000453050229416552,0.0400696955057004,0.1,0.0396166452762838,0,1-5,<0.01,0.01-0.05
Kakamega,Butere,Marama North,1.72904966609537,-0.0269942193136698,1.52511987436271,1.02463107303266,0.240100905764891,1.16614113645188,0.627445053394383,-0.261272593179322,0.108763169408522,1.62051486533804,0,222680,2.03952882228302e-07,0,1,282,0,0.0454162278145983,0.363845624964736,0.000868587010349433,0.0110906085956703,0.209300868623825,0.0110906085956703,0.150472012908125,0.0210224946137585,,0.0119464333675196,0,0.1,0.000575365507439989,0.0513095018553448,0.1,0.0507341363479049,0,1-5,0.01-0.05,0.05-0.15
Kakamega,Butere,Marama South,1.55884792930284,0.088747057336915,1.06804180857551,1.08891813837861,0.31262003273479,1.10700355312609,0.368352782137624,-0.209817008823893,0.206718720819663,1.76629752665445,0,209068,1.44258855093675e-07,0,1,283,0,0.0301599103167244,0.0737698114684344,0.00122020604824199,0.0119182806556392,0.186412101632434,0.0119182806556392,0.0100019367884053,0.00296538429330244,,0.0115739828132269,0,0.1,0.000985856506125498,0.0441202882237891,0.1,0.0431344317176636,0,1-5,0.01-0.05,0.01-0.05
Kakamega,Butere,Marama West,1.7158316482023,-0.00526759458966647,1.47077588796803,0.942080818289045,0.207242253378303,1.16636798546974,0.506037386295757,-0.28359047552045,0.370247785540962,1.56627525832896,0,316594,8.02397852037153e-08,0,1,284,0,0.025403434556785,0.121840445245233,0.000552228776746656,0.00743545269913272,0.146995762056457,0.00743545269913272,0.0421292759683263,0.00651742254571382,,0.0082166297448869,0,0,0.00042204427135301,0.033811201543928,,0.033389157272575,0,0,<0.01,0.01-0.05
Kakamega,Butere,Marenyo-Shianda,1.64465372778759,0.0506798670594933,1.44512884848033,1.22932196193781,0.285608465120059,1.23107279771569,0.420170944742311,-0.225178244285239,0.0271519959000852,1.66830466081446,0,219546,2.60119297096656e-07,0,1,285,0,0.0571081512003823,0.174103435859945,0.00125924585753092,0.0155957104064795,0.433419859247838,0.0155957104064795,0.0251917751976386,0.00709890181633415,,0.0140967615597963,0,0.2,0.000901586385122613,0.0532734791724412,0.2,0.0523718927873186,0,1-5,0.01-0.05,0.05-0.15
Kakamega,Ikolomani,Idakho Central,1.94911944656128,-0.120916835428424,1.52511959225318,1.36908499050839,0.149681815989783,1.25194876696214,0.72482851540465,-0.33095646555391,-0.376862710206682,1.39348571200902,0,294430,3.08710656735363e-07,0,1,286,0,0.0908936786625929,0.304767719118121,0.0016033581888519,0.0220156305929091,0.692129368339702,0.0220156305929091,0.0481970449777999,0.0126858502694656,,0.0171505499645396,0,0.2,0.00100557290090348,0.0736568976037098,0.2,0.0726513247028063,0,1-5,0.01-0.05,0.05-0.15
Kakamega,Ikolomani,Idakho East,2.26976881275263,-0.168450105369739,1.60883007066987,1.25506659249427,0.111346551049934,1.29857666481745,0.424243686665685,-0.382856469467469,-0.430682460092338,1.47072663683895,0,265680,1.57859526349512e-07,0,1,287,0,0.0419401189605382,0.153328723480632,0.000967707639575664,0.0122406365381725,0.242093692773033,0.0122406365381725,0.0304263986796963,0.00677301438573298,,0.0129082697373764,0,0.1,0.000767274947618209,0.058744551436851,0.1,0.0579772764892328,0,1-5,0.01-0.05,0.05-0.15
Kakamega,Ikolomani,Idakho North,1.92284039522862,-0.120914310055556,1.52511990549202,1.20931840741321,0.116911647303815,1.16568869847107,0.642167111937376,-0.238174207180717,-0.0271808981033495,1.48440576031167,0,253775,2.05663197425869e-07,0,1,288,0,0.0521921779267498,0.246507716377736,0.00100943226700642,0.0140676835795068,0.291830753240888,0.0140676835795068,0.0810344513197992,0.0129203271478564,,0.0126876159104553,0,0.1,0.000742949971452323,0.0528290510690015,0.1,0.0520861010975492,0,1-5,0.01-0.05,0.05-0.15
Kakamega,Ikolomani,Idakho South,2.02696831646807,-0.132510191002031,1.52511953972244,1.20802191522691,0.176686905029135,1.25194876696214,0.72482851540465,-0.33095646555391,-0.376862710206682,1.39348571200902,0,186766,3.11120049666191e-07,0,1,289,0,0.0581066471959559,0.563248385082391,0.00105314041782882,0.0141775710769696,0.222601866997473,0.0141775710769696,0.266728894726089,0.0346808943549939,,0.0151511589036424,0,0.1,0.000780331328967918,0.0696207957047029,0.1,0.068840464375735,0,1-5,0.01-0.05,0.05-0.15
Kakamega,Khwisero,Kisa Central,1.64202086995076,-0.0440287713658232,1.52511981988639,1.15706753697411,0.338216202117199,1.26823329099419,0.533552074041641,-0.320667541966351,-0.263836982874399,1.58409413285744,0,429908,3.76457005821383e-07,0,1,290,0,0.161841878458659,1.05484641991385,0.0017816455635535,0.0213358702300676,1.0844671026034,0.0213358702300676,0.38191966341258,0.0575118930777943,,0.0154085553734025,0,0.3,0.00102748429470009,0.0641340729701782,0.3,0.0631065886754781,0,1-5,0.01-0.05,0.05-0.15
Kakamega,Khwisero,Kisa East,1.80852230050486,-0.12660965725533,1.52511963700159,1.15383748316516,0.281653465337644,1.3424345300185,0.725603981189515,-0.311489200343009,-0.541750912441466,1.38295160154309,0,225955,4.50993338188084e-07,0,1,291,0,0.101904199730289,0.983030057162967,0.00143027533259643,0.019247056871142,0.471101741425435,0.019247056871142,0.426682572199756,0.0580719152114143,,0.0174725744878715,0,0.2,0.00106038219561942,0.0660924468599931,0.2,0.0650320646643737,0,1-5,0.01-0.05,0.05-0.15
Kakamega,Khwisero,Kisa North,1.82994232099073,-0.0720247745762972,1.52511961560019,1.11535359276832,0.245474031600852,1.24702807127899,0.716663876626253,-0.234650338891066,-0.252317957621022,1.57016105798174,0,208131,2.79525075137644e-07,0,1,292,0,0.0581778334134729,0.174455749000609,0.00181484767161514,0.0171469184171402,0.37885116456354,0.0171469184171402,0.0222438271096467,0.00692359832843535,,0.015689071775366,0,0.2,0.001200567943337,0.0581620699689516,0.2,0.0569615020256146,0,1-5,0.01-0.05,0.05-0.15
Kakamega,Khwisero,Kisa West,1.53441103059142,0.0242878263775099,1.32668148168619,1.1643563138589,0.375364694340204,1.1468199028054,0.527008547979329,-0.258741839664278,-0.171107627608255,1.51433601859893,0,177093,2.60478925579867e-07,0,1,293,0,0.0461289943677153,0.207706567686103,0.00129201642168912,0.0146868553805683,0.238943954664421,0.0146868553805683,0.0592852583783471,0.0103177873515833,,0.0137464333510514,0,0.1,0.000881528807182857,0.0558317472586354,0.1,0.0549502184514525,0,1-5,0.01-0.05,0.05-0.15
Kakamega,Likuyani,Kongoni,0.359181235027077,-0.98045955517712,-0.0181146975162596,1.15453469365942,-0.644118589946712,1.25065093759262,-0.0472315403736551,-0.76799311863885,0.274919746184531,1.04856671043763,0,300378,2.44005334419731e-07,0,1,294,0,0.0732938343423301,0.204486488304466,0.00186092574158231,0.0203504960648754,0.531772908415726,0.0203504960648754,0.0254812262255324,0.00807800478664892,,0.0137406972248035,0,0.2,0.00102333682101842,0.0526613373846474,0.2,0.051638000563629,0,1-5,0.01-0.05,0.05-0.15
Kakamega,Likuyani,Likuyani,0.461920187073536,-0.892852756350215,-0.125675084391959,1.0430730889388,-0.490711380522856,1.2222617987667,0.0821156177613558,-0.747760101562718,0.298008903985392,1.00405041940745,0,408546,1.84341506688238e-07,0,1,295,0,0.0753119851914531,0.539301114329411,0.00114869224265918,0.0145058493998125,0.364782820253523,0.0145058493998125,0.223030243058378,0.0311598697627867,,0.0097781042086514,0,0.1,0.000686609114296393,0.0374945228042834,0.1,0.036807913689987,0,1-5,<0.01,0.01-0.05
Kakamega,Likuyani,Nzoia,0.336268198087729,-1.0331217872994,0.0536180060408816,1.04075952098566,-0.655183826211822,1.2686667902769,-0.106795702813884,-0.786161174037452,0.318185175713089,0.812980424607545,0,343367,1.50823554112703e-07,0,1,296,0,0.0517878313050165,0.319512925508877,0.000911078718452471,0.012004336256404,0.260511393476255,0.012004336256404,0.132058184980898,0.0184559788288672,,0.00888679029699359,0,0.1,0.000616475161426775,0.0348805887449204,0.1,0.0342641135834936,0,1-5,<0.01,0.01-0.05
Kakamega,Likuyani,Sango,0.423314971696406,-0.927049251486773,-0.0837010790213938,1.09436010578619,-0.525199735595897,1.23230929464405,-0.049301442823706,-0.778047805933301,0.342294086423381,0.899978086314507,0,247423,1.22206815692115e-07,0,1,297,0,0.0302367769589902,0.0890241228441671,0.000730830263427655,0.00969479962799662,0.196543464044015,0.00969479962799662,0.0139334793354272,0.00369642055747874,,0.00869357447775912,0,0.1,0.000525824760553506,0.0337208950942629,0.1,0.0331950703337094,0,1-5,<0.01,0.01-0.05
Kakamega,Likuyani,Sinoko,0.330800953572337,-1.05628226262829,0.0536180877553629,1.06449341776551,-0.71879346287526,1.32207933540936,-0.0582468236198981,-0.818065967868136,0.169309240968413,1.00195013633987,0,236728,3.66263319342252e-07,0,1,298,0,0.0867047830612526,0.469620971818881,0.00131083634701335,0.0221545182412535,0.469617652039254,0.0221545182412535,0.152340024686836,0.0244855482156278,,0.0153277896630723,0,0.2,0.00087439393568563,0.0604830669225939,0.2,0.0596086729869083,0,1-5,0.01-0.05,0.05-0.15
Kakamega,Lugari,Chekalini,0.972285136954211,-0.431470497353093,0.710057738921713,0.993554112749401,-0.342759643037853,1.25541605598252,0.160718759449746,-0.614510816350677,0.328726348010415,1.04268682188132,0,236954,1.31131316488399e-07,0,1,299,0,0.0310720899671921,0.102770320127871,0.000852197177062592,0.0101384796299096,0.19675981929549,0.0101384796299096,0.0176322505741664,0.00436504431647076,,0.00903430273287396,0,0.1,0.000668962566721999,0.0375429591245887,0.1,0.0368739965578667,0,1-5,<0.01,0.01-0.05
Kakamega,Lugari,Chevaywa,1.4092038251594,-0.0320743576188639,0.34625992126474,0.825854764450293,-0.276690790305732,1.28709402286082,0.494338071088734,-0.10173477133559,0.479620810022998,1.376164965349,0,310374,2.53472187399815e-07,0,1,300,0,0.0786711766920301,0.402818239133822,0.00159897286742418,0.01800190819953,0.417436804072315,0.01800190819953,0.107566697596383,0.0195413464829551,,0.0170625415906872,0,0.1,0.000951316588105996,0.0719009447138976,0.1,0.0709496281257916,0,1-5,0.01-0.05,0.05-0.15
Kakamega,Lugari,Lugari,0.921140890657065,-0.472650139562501,0.695942920245962,0.942902568673131,-0.401735904880762,1.25837856439813,0.0909588719556825,-0.613961662240419,0.357705024937244,0.892736844213574,0,293432,1.41818905493312e-07,0,1,301,0,0.0416142050767135,0.226478548967577,0.000690530784891777,0.00936786392389624,0.219974435020321,0.00936786392389624,0.0656435723818135,0.0113135446086083,,0.00848622513680542,0,0.1,0.000478678616065739,0.0342607009038039,0.1,0.0337820222877381,0,1-5,<0.01,0.01-0.05
Kakamega,Lugari,Lumakanda,0.684878649466768,-0.681095119015151,0.271298221328464,1.03457563645669,-0.328271161638206,1.25679612610543,-0.0231738846679191,-0.734397814623064,0.292221528072514,0.871508989725726,0,336114,1.10761642118268e-07,0,1,302,0,0.0372285385789395,0.189008532615517,0.000365067506810929,0.00762326234117833,0.22362477466747,0.00762326234117833,0.0483345176191038,0.00903391790835071,,0.0077882591245822,0,0.1,0.00024185727565167,0.0347695353064097,0.1,0.034527678030758,0,1-5,<0.01,0.01-0.05
Kakamega,Lugari,Lwandeti,1.10933882351253,-0.230031182881508,0.71005763386022,0.848351777879993,-0.349962113975338,1.28162383658413,0.277035240813288,-0.462216060237304,0.327648726807767,1.05648329230476,0,333165,1.54622591564004e-07,0,1,303,0,0.0515148357184214,0.158817363381979,0.000927780132686437,0.0140954555570734,0.382380598800962,0.0140954555570734,0.0242326591623198,0.00655485393700633,,0.0121035293664219,0,0.1,0.000634752893133215,0.0510990675697165,0.1,0.0504643146765833,0,1-5,0.01-0.05,0.05-0.15
Kakamega,Lugari,Mautuma,0.660482088492215,-0.711603938395814,0.141207879470488,0.93255830671383,-0.437894198003144,1.2143798921025,-0.0566234568303257,-0.722669195170183,0.387745755959275,0.856139934504213,0,264309,6.42179809447588e-08,0,1,304,0,0.0169733903255283,0.0845969702727122,0.000748751010344992,0.00645799916829879,0.0694032031403737,0.00645799916829879,0.0351842654358796,0.00490043942365959,,0.00605211882698657,0,0,0.000510688741502054,0.0220344357076873,,0.0215237469661852,0,0,<0.01,0.01-0.05
Kakamega,Lurambi,Butsotso Central,1.92144518535438,-0.0144416429390932,0.831523222310593,0.84842469225993,0.0618609759208626,1.239851667001,0.535956878321834,-0.302940817032584,0.22721594675825,1.47546558567867,0,339506,5.97007129244623e-08,0,1,305,0,0.0202687502421325,0.0473945132099414,0.000547513992655549,0.00761010175792304,0.145369136768327,0.00761010175792304,0.00577951374122139,0.00186427464719354,,0.00939203347733578,0,0,0.000399693164193129,0.0442590554619498,,0.0438593622977566,0,0,<0.01,0.01-0.05
Kakamega,Lurambi,Butsotso East,1.96559223452744,0.00474319397574258,0.701375752302093,1.03611482176161,-0.0116977919091587,1.19278275654177,0.120772482439371,-0.578420500108742,0.493373143554212,1.23956873288917,0,244086,2.44518598606166e-08,0,1,306,0,0.00596835666593847,0.0148092883659395,0.000330462182376978,0.00287821609515833,0.0263605337783641,0.00287821609515833,0.00299568255424598,0.000657774417990984,,0.00375467216006576,0,0,0.000285505649745024,0.0152946666340374,,0.0150091609842923,0,0,<0.01,0.01-0.05
Kakamega,Lurambi,Butsotso South,1.81952370515685,-0.0485364918169968,1.46539954396568,0.947644132255928,0.153627609375606,1.16614113645188,0.627445053394383,-0.261272593179322,0.108763169408522,1.62051486533804,0,177051,1.40103559708724e-07,0,1,307,0,0.0248054753499893,0.0624346991784614,0.000934926733209665,0.0115207245652173,0.116371123588059,0.0115207245652173,0.0105815789711337,0.00264359636010829,,0.0115155258454946,0,0.1,0.000792063563811716,0.0425211848207781,0.1,0.0417291212569664,0,1-5,0.01-0.05,0.01-0.05
Kakamega,Lurambi,Mahiakalo,2.13931491814885,-0.0650933274983762,1.15845875986983,0.367910945159532,-0.02477786511834,1.24155772505978,0.180717035484827,-0.349942926461689,0.141395720232948,1.54220241349526,0,156039,5.73365909008455e-08,0,1,308,0,0.00894674430757704,0.0161506349059131,0.000415975430964873,0.00544151278576463,0.0364936521155228,0.00544151278576463,0.00331069457775025,0.00072011462966225,,0.00712855368794917,0,0,0.000381786278962833,0.0302294928051382,,0.0298477065261754,0,0,<0.01,0.01-0.05
Kakamega,Lurambi,Sheywe,2.06737812584112,0.00734636237587315,0.68435714726483,0.517338056291176,-0.0284749153072282,1.19278275654177,0.120772482439371,-0.578420500108742,0.493373143554212,1.23956873288917,0,558013,9.89965519143198e-09,0,1,309,0,0.00552413629233653,0.0234069150469683,0.000167440759543691,0.00235694332132919,0.023844385462444,0.00235694332132919,0.00977605190803554,0.00135848345653341,,0.00317629961125168,0,0,0.000149408820911666,0.0134215387691189,,0.0132721299482073,0,0,<0.01,0.01-0.05
Kakamega,Lurambi,Shirere,2.07356245296087,-0.104476237049055,1.35259393564681,0.889494115924841,0.00699664882457767,1.18001923447051,0.119447009841905,-0.502155527991529,0.204481121733334,1.31535865087466,0,306932,3.25644046149347e-08,0,1,310,0,0.00999505783727113,0.0301483546573357,0.000401089036000095,0.0041153902611424,0.0494489597685212,0.0041153902611424,0.00580017571718679,0.00132021000614748,,0.00492171685045412,0,0,0.000292369820355754,0.0210759618988269,,0.0207835920784712,0,0,<0.01,0.01-0.05
Kakamega,Malava,Butali Chegulo,1.43010417989859,-0.228899815828845,0.935535696750235,1.06661112811414,-0.262305113668073,1.25684026642564,0.289658170663172,-0.272287144625432,0.433325419293902,1.40221041352743,0,367480,1.91067923154745e-07,0,1,311,0,0.0702136404009059,0.31206311509927,0.00115851610622201,0.0148104584257039,0.447754263733634,0.0148104584257039,0.0633818123590361,0.013876919960089,,0.0125841097311157,0,0.1,0.000734613930196844,0.0492631089898133,0.1,0.0485284950596164,0,1-5,0.01-0.05,0.01-0.05
Kakamega,Malava,Chemuche,1.64151002905663,-0.40560969691722,1.278094792207,1.19692509171119,-0.137751774111252,1.22902200614826,0.193867577597803,-0.246895095017746,0.413700936571249,1.53275718700479,0,373321,9.95262145223946e-08,0,1,312,0,0.0371552259317149,0.136367114745235,0.000846538583611612,0.0102190117106114,0.228891285688735,0.0102190117106114,0.0258029504438213,0.00594422868050332,,0.00816917842223567,0,0.1,0.000485041583973328,0.0296638406512451,0.1,0.0291787990672718,0,1-5,<0.01,0.01-0.05
Kakamega,Malava,East Kabras,1.73051900831191,-0.520383896051182,1.27809488170381,1.13384670196258,-0.0938526063392975,1.17215747112404,0.0355648418704275,-0.252355126840907,0.295583791726977,1.62320351946021,0,229858,8.38867610968227e-08,0,1,313,0,0.0192820431321935,0.0710143370822331,0.000827712467386834,0.00771002673985847,0.0895183869694334,0.00771002673985847,0.0199623257837614,0.00350819885448797,,0.0074897455076883,0,0,0.000601792271280693,0.0295431400087376,,0.0289413477374569,0,0,<0.01,0.01-0.05
Kakamega,Malava,Manda-Shivanga,1.21783291028624,-0.361163344582079,0.797851519166584,0.911924069413867,-0.23939098924976,1.23112807438343,0.27303596129668,-0.38410447143376,0.379915606346272,1.26128376532747,0,379596,9.7920857338431e-08,0,1,314,0,0.0371703657622391,0.122607357744858,0.00106551507365752,0.0109358990354877,0.222265455367533,0.0109358990354877,0.0233779227953324,0.00535573474362479,,0.00925886094328658,0,0.1,0.00082353850698983,0.0367410271774414,0.1,0.0359174886704516,0,1-5,<0.01,0.01-0.05
Kakamega,Malava,Shirungu-Mugai,1.80122451465304,-0.130399049419089,1.11534961583286,1.02497382384054,-0.186351659789952,1.28216426931161,0.374992729132368,-0.116128589403832,0.575199636379373,1.53618812029035,0,250075,1.60027708129687e-07,0,1,315,0,0.0400189291105314,0.164979147512657,0.000659703156682212,0.00963255129377762,0.266867986518415,0.00963255129377762,0.0320091968575729,0.00724153808858168,,0.01045394160455,0,0.1,0.000519886171431308,0.0434859450585441,0.1,0.0429660588871128,0,1-5,0.01-0.05,0.01-0.05
Kakamega,Malava,South Kabras,2.05826855813684,-0.135457862353251,1.25910314626363,1.11144495622638,-0.0959535401404289,1.26387061966162,0.243053110121191,-0.20922115843007,0.408399473422114,1.61545564293054,0,422409,5.6437132009842e-08,0,1,316,0,0.0238395524951454,0.0736023339309327,0.000717381873138643,0.00834004357480803,0.158038803347869,0.00834004357480803,0.0172885524392588,0.00342093422636677,,0.00783988541231768,0,0,0.000571029915773966,0.0299256286478239,,0.0293545987320499,0,0,<0.01,0.01-0.05
Kakamega,Malava,West Kabras,1.93325276410635,-0.00501070804783866,0.75925447564546,0.96167935206086,-0.0843396708336802,1.30587201380172,0.406371235456428,-0.0918681681190856,0.519906148926389,1.60524905176458,0,205902,1.01343402496787e-07,0,1,317,0,0.0208668092608934,0.105992197523494,0.000587186775233661,0.00766691085008344,0.0882749726365705,0.00766691085008344,0.0392217484113704,0.00583236875968741,,0.00828093424700789,0,0,0.000454163292548346,0.0332660889716949,,0.0328119256791466,0,0,<0.01,0.01-0.05
Kakamega,Matungu,Khalaba,1.46599763918426,0.165472936340854,0.496996510583059,0.758210976518573,-0.00183637724348212,1.17780149877016,0.607431511131671,-0.220922086663344,0.738080716788479,1.15816576451519,0,171814,7.97374050405177e-08,0,1,318,0,0.0137000025096315,0.0703228232925627,0.000275631743657127,0.0043134978676549,0.07863350004192,0.0043134978676549,0.0260209835614499,0.00386951443122003,,0.00565359346205131,0,0,0.000217258287822884,0.0248557352478408,,0.0246384769600179,0,0,<0.01,0.01-0.05
Kakamega,Matungu,Kholera,1.48289612141147,0.171459683511925,0.43452273485154,0.764052110239668,-0.0138913011427354,1.22472534659335,0.625621095596144,-0.276068605193249,0.507460125283724,1.1479685602934,0,288345,5.99154215125904e-08,0,1,319,0,0.0172763122160479,0.0534198651927041,0.000587287341821042,0.00690098039536025,0.105097348570788,0.00690098039536025,0.0144301150059732,0.00260192506942194,,0.0067619389249645,0,0,0.000435865152288191,0.0251969018617507,,0.0247610367094625,0,0,<0.01,0.01-0.05
Kakamega,Matungu,Koyonzo,1.62178916549941,0.189870984682124,0.32875460142821,0.827169884397893,0.11240648008034,1.21694569969045,0.590239447343922,-0.193258726874495,0.112558499010353,1.50615314655604,0,415936,9.95431372655489e-08,0,1,320,0,0.0414035743416834,0.188930202497862,0.00164979532968083,0.0130793554591802,0.265827731186841,0.0130793554591802,0.070968072196858,0.0104629125727676,,0.0113735024969212,0,0.1,0.00105515295600914,0.0434014706098726,0.1,0.0423463176538635,0,1-5,0.01-0.05,0.01-0.05
Kakamega,Matungu,Mayoni,1.60792974067694,0.191403886023535,0.328754412706673,0.811145751908158,0.0405839704529217,1.19832919383909,0.542617248177625,-0.254301539716683,0.461672653705744,1.4394648789378,0,348711,5.33888431504181e-08,0,1,321,0,0.0186172768838254,0.0337542571133694,0.00085545103949878,0.00914906039369691,0.104687190608708,0.00914906039369691,0.00376094831227434,0.00130526658863094,,0.00856777168409397,0,0,0.000609681250114458,0.0328693002374421,,0.0322596189873277,0,0,<0.01,0.01-0.05
Kakamega,Matungu,Namamali,1.47308109912071,0.175181872697237,0.328754743455747,0.675584081842756,0.094099389958958,1.2583611278277,0.677896761768625,-0.260132971538979,0.118964013984046,1.24566004626273,0,340286,9.86956865642393e-08,0,1,322,0,0.0335847603981987,0.153579947051929,0.00061367213640746,0.010168155107566,0.201606078023014,0.010168155107566,0.0518717115440313,0.00813727944832935,,0.0100302103042982,0,0.1,0.000450618176457381,0.0402842521329978,0.1,0.0398336339565404,0,1-5,0.01-0.05,0.01-0.05
Kakamega,Mumias East,East Wanga,1.69695814007955,0.145114642825282,0.496996755726502,0.793615431862083,0.119444599789695,1.19046742527181,0.434052662010649,-0.206931662611966,0.850054410877196,1.42533008857867,0,362262,3.1122434119874e-08,0,1,323,0,0.0112744752291338,0.116673436522554,0.000206772467762905,0.00315698166790404,0.0441190974797704,0.00315698166790404,0.0570674753343739,0.00729880206594546,,0.00377133292634429,0,0,0.000168438191220484,0.0162024077660107,,0.0160339695747902,0,0,<0.01,0.01-0.05
Kakamega,Mumias East,Lusheya Lubinu,1.77796421974911,0.143695453412933,0.489112055358061,0.666773150749108,0.123637260995364,1.16455547114659,0.4118790852944,-0.234108508003447,0.766666960867823,1.48738329111109,0,426175,2.06579749910375e-08,0,1,324,0,0.00880391249180542,0.0271633938334976,0.000272155077290925,0.003378382981537,0.0520300790417217,0.003378382981537,0.00616533031840624,0.00124891166160935,,0.00376305318215158,0,0,0.000208101156814778,0.0141425736709534,,0.0139344725141386,0,0,<0.01,0.01-0.05
Kakamega,Mumias East,Malaha Isongo Makunga,1.76190574170141,0.112487105743018,0.507952465306284,0.851390231858475,0.130077646881237,1.22472700145196,0.427275151967937,-0.270945102676844,0.658414193592002,1.45102918505468,0,358018,1.03354486024176e-07,0,1,325,0,0.0370027663774036,0.153121588165047,0.00105229623529298,0.0112585880946043,0.176978537978776,0.0112585880946043,0.0342810971718945,0.00701025673049319,,0.0122102152204533,0,0,0.000803619596636539,0.0535851951388288,,0.0527815755421923,0,0,0.01-0.05,0.05-0.15
Kakamega,Mumias West,Etenje,1.7185210283337,0.160379399529517,0.638969643943636,0.858032891537104,0.198723608705136,1.10915472451492,0.376472843173282,-0.207052634937537,0.389997035533818,1.69148707520848,0,250295,1.20229698556193e-07,0,1,326,0,0.0300928924001222,0.0730213159580091,0.00111322964351806,0.0111066541106367,0.226273459173799,0.0111066541106367,0.00873337784486973,0.00286148407483391,,0.011324091231697,0,0.1,0.000917435351376213,0.0463483709034233,0.1,0.0454309355520471,0,1-5,0.01-0.05,0.01-0.05
Kakamega,Mumias West,Mumias Central,1.70507398009105,0.171242290996041,0.332400258003312,0.801050569728489,0.10956732966321,1.10237323020655,0.513281885943004,-0.115871907835655,0.272182227981202,1.71694960124607,0,301070,4.67195165680591e-07,0,1,327,0,0.140658448531456,1.03435144886326,0.00305785542950427,0.0327100796111335,0.586411349126668,0.0327100796111335,0.410784116193159,0.0586893334708237,,0.0321839969869706,0,0.2,0.00233212766655611,0.138571673146139,0.2,0.136239545479583,0,1-5,0.01-0.05,0.05-0.15
Kakamega,Mumias West,Mumias North,1.68379329820217,0.174619416036273,0.48378386842353,0.762634271494066,0.0628556077309626,1.18227845595008,0.490593150920429,-0.23316471872165,0.760025162770607,1.46078858336107,0,161224,1.75620646036844e-07,0,1,328,0,0.0283142630366442,0.0802095767685702,0.000935400891300536,0.0107926764745195,0.163298906387493,0.0107926764745195,0.0135077357728824,0.00339075374894897,,0.0137210010856068,0,0.1,0.000838338045521655,0.0632077677561557,0.1,0.062369429710634,0,1-5,0.01-0.05,0.05-0.15
Kakamega,Mumias West,Musanda,1.5246279626033,0.107825828590557,1.06804189807231,0.964301076408031,0.251325037615711,1.10859332928399,0.269066690182074,-0.220323892799901,0.278749996465849,1.82378100058869,0,290813,1.19065406805037e-07,0,1,329,0,0.0346257681491932,0.129585728688359,0.000856600164587886,0.0108953733922287,0.181931338366884,0.0108953733922287,0.0312901882299617,0.00607682581351981,,0.00995003274841991,0,0.1,0.000583204392474404,0.0392289268400505,0.1,0.0386457224475761,0,1-5,<0.01,0.01-0.05
Kakamega,Navakholo,Bunyala Central,1.68223843545215,0.0723527574604267,0.496996685685539,0.911932584961895,-0.00974228507648693,1.25286959355479,0.492359040864688,-0.181059800282062,0.545220345441728,1.36427724673227,0,313202,5.66020215052091e-08,0,1,330,0,0.0177278663394745,0.0565518661395191,0.000645722909186024,0.0070591432128306,0.0975610604109476,0.0070591432128306,0.0172107777391132,0.00287683218850876,,0.00718689969366446,0,0,0.000456457702001205,0.0258044365034011,,0.0253479788013999,0,0,<0.01,0.01-0.05
Kakamega,Navakholo,Bunyala East,1.56405164343893,0.0657834909438084,0.496996531984484,0.860331025059451,-0.107731590186472,1.25702246144409,0.479745077320326,-0.121204996098646,0.535918793687493,1.42565959829049,0,207486,1.61348485605313e-07,0,1,331,0,0.033477551884304,0.352808926852305,0.000968871722590632,0.00970933795689401,0.122646725914842,0.00970933795689401,0.170011001600553,0.0219092377238158,,0.00969829088955279,0,0.1,0.000823996180791801,0.0393145874609647,0.1,0.0384905912801729,0,1-5,<0.01,0.01-0.05
Kakamega,Navakholo,Bunyala West,1.62836436954968,0.132840488811324,0.496996530038897,0.775149998198881,0.0465821083245026,1.21831749339289,0.536550794598613,-0.246355612199561,0.667311494549842,1.27429432479292,0,355819,3.78231485680319e-08,0,1,332,0,0.0134581949003286,0.0447846039340695,0.000388358442766586,0.00436522098811769,0.0889437498576983,0.00436522098811769,0.0108706919737013,0.00210373645298211,,0.0046600803761064,0,0,0.000294569391965724,0.0179145378321904,,0.0176199684402247,0,0,<0.01,0.01-0.05
Kakamega,Navakholo,Ingoste-Matiha,1.86162334252234,0.0446789497406121,0.530018357910917,1.18956925488574,0.025067270944482,1.29312229618547,0.39487427330831,-0.226026440956344,0.416165227182235,1.52295555030459,0,245378,9.20311170861273e-08,0,1,333,0,0.0225824114483597,0.0845605688434757,0.000571361604201292,0.00642697986275405,0.142404931619778,0.00642697986275405,0.0166568414143574,0.00372751112772033,,0.00734641493506682,0,0.1,0.000444594691862838,0.0330342099432557,0.1,0.0325896152513928,0,1-5,<0.01,0.01-0.05
Kakamega,Navakholo,Shinoyi-Shikomari-Esumeiya,1.81561500964445,0.038945511499812,0.496996555331472,1.06577766885153,0.0888633371390006,1.24739900833528,0.419651087209077,-0.238377298383734,0.501958476620299,1.43873342607916,0,285393,5.90183430462064e-08,0,1,334,0,0.016843421976986,0.096429618936692,0.000359492868764901,0.00515162903286977,0.0733721672634005,0.00515162903286977,0.0391109200895844,0.00552296407477898,,0.00618244828094618,0,0,0.000323191222752204,0.023126549385437,,0.0228033581626848,0,0,<0.01,0.01-0.05
Kakamega,Shinyalu,Isukha Central,2.04374394618587,-0.251052947973475,1.74302023819156,1.3526872383492,0.0896561101792655,1.17990086556396,0.21604870473894,-0.24819794722318,-0.172814121798595,1.59743000218981,0,285391,1.48671097998232e-07,0,1,335,0,0.0424293933288133,0.187562435522866,0.000751288604398875,0.0106490086447374,0.274878158747488,0.0106490086447374,0.0398700312965941,0.00845284718299599,,0.0109417795254483,0,0.1,0.00062514854064094,0.0457659341386479,0.1,0.0451407855980069,0,1-5,0.01-0.05,0.01-0.05
Kakamega,Shinyalu,Isukha East,2.06754969031844,-0.426434202327147,1.47435100159856,1.07963938436552,0.143181418037206,1.15538795073265,0.178567220428814,-0.0740728901964129,-0.05628076864935,1.77859137760523,0,173458,1.45974605808444e-07,0,1,336,0,0.0253204631743211,0.187454830735234,0.000564305133548956,0.00755011376462392,0.111807742379928,0.00755011376462392,0.0850216992483195,0.0113050866384971,,0.00922265149870936,0,0.1,0.00046116679285869,0.0403929050602652,0.1,0.0399317382674065,0,1-5,<0.01,0.01-0.05
Kakamega,Shinyalu,Isukha North,1.90021660086766,-0.345024879008759,1.27809497509178,1.04508169382841,-0.0728468485933029,1.15639660746484,0.0880382926515892,-0.0981606171517403,0.0759775808199175,1.76939151591338,0,241380,1.56346363816663e-07,0,1,337,0,0.037738885298066,0.164118734087606,0.00102314305470004,0.0129660182100162,0.180412770034707,0.0129660182100162,0.0457916182255053,0.00808600629095302,,0.0139416559613393,0,0.1,0.000785950447997868,0.0633436733818222,0.1,0.0625577229338243,0,1-5,0.01-0.05,0.05-0.15
Kakamega,Shinyalu,Isukha South,2.06604036192679,-0.219260046629818,1.69831473560711,1.3570142011877,0.0730278235261919,1.19570395110073,0.174944947401266,-0.352243317892944,-0.202833116519727,1.52495474780179,0,360766,1.13171517399768e-07,0,1,338,0,0.0408284356462448,0.104826870890144,0.00117201304032556,0.0117330774158115,0.324803125819146,0.0117330774158115,0.0126895291347813,0.00411747301003206,,0.0109492412798094,0,0.1,0.000704896556668687,0.0464627216249547,0.1,0.045757825068286,0,1-5,0.01-0.05,0.01-0.05
Kakamega,Shinyalu,Isukha West,2.09373284444037,-0.120914450354026,1.52511987047154,1.23818930853711,0.0460679140256883,1.19112768755156,0.305468624051121,-0.408847312372442,-0.140455894665066,1.43484277609061,0,186989,1.42311652892137e-07,0,1,339,0,0.0266107136626478,0.102537795820024,0.000969553150530378,0.00952137881599906,0.117425133693673,0.00952137881599906,0.0220099906029429,0.00463456384212973,,0.0114529224230393,0,0.1,0.000823287234865137,0.0476447951142448,0.1,0.0468215078793796,0,1-5,0.01-0.05,0.01-0.05
Kakamega,Shinyalu,Murhanda,2.09625419746495,-0.172492104971285,1.53501280539507,1.21092944265455,0.0153403719624093,1.20983861344342,0.151119707111262,-0.367129957974708,-0.0170322666515675,1.5097577822401,0,210386,9.59533976597884e-08,0,1,340,0,0.0201872515200522,0.0683764174179357,0.000736829339244316,0.00740305117405079,0.0988248474474037,0.00740305117405079,0.0118929848536452,0.00291443057913892,,0.00820910047217647,0,0,0.000617366145545385,0.0342863783120963,,0.033669012166551,0,0,<0.01,0.01-0.05
Kericho,Ainamoi,Ainamoi,0.850486140395386,-0.713364544192423,0.115196008169521,0.71832255291991,0.0333001763454973,0.877902588015657,0.57763083879027,-0.404111072330467,-0.16026642230601,0.417456478314807,0,224041,1.21266882050024e-07,0,1,341,0,0.0271687535213694,0.0648931826583638,0.0014069374221695,0.0118406102155512,0.154888885144081,0.0118406102155512,0.00963122511942334,0.0026612347788818,,0.0119706291890969,0,0.1,0.00105096403266464,0.0456022057108152,0.1,0.0445512416781506,0,1-5,0.01-0.05,0.01-0.05
Kericho,Ainamoi,Belgut,1.67100452783706,-0.734872583863301,-0.0806418172395844,1.15216843575292,0.0340261177660285,0.982153352662948,0.378028351240577,-0.572149483390198,-0.365078400917666,0.526591496114956,0,196701,4.86213503412424e-08,0,1,342,0,0.00956386823347273,0.108401756100926,0.00016307407494357,0.00239044917062336,0.0262386562921797,0.00239044917062336,0.0504751567645075,0.00662029372900777,,0.00367528644322595,0,0,0.00012739743009993,0.0163538752410547,,0.0162264778109547,0,0,<0.01,0.01-0.05
Kericho,Ainamoi,Kapkugerwet,1.54123281279198,-1.00522967512346,0.273443142809815,0.807718243829433,-0.0587636191327296,0.690628267619708,0.375433954587064,-0.699596582408517,-0.232616046377536,0.229538403709614,0,333360,8.42180140428443e-09,0,1,343,0,0.00280749171613226,0.00878206492759391,9.2780313641506e-05,0.00131532423461744,0.0107002831821283,0.00131532423461744,0.0019655613882048,0.000402026294658976,,0.00168929439240234,0,0,8.21627779140546e-05,0.00608581842960988,,0.00600365565169582,0,0,<0.01,<0.01
Kericho,Ainamoi,Kapsaos,1.01914227527053,-0.991885815244797,0.27382647517082,0.750471407810398,-0.0810419054749746,0.824493175111518,0.66905571353623,-0.58220826249665,-0.205485815326605,0.213821174385747,0,323432,6.31588328372573e-08,0,1,344,0,0.0204275876222198,0.0608888684500208,0.000534201660189382,0.00676266615101966,0.1335882203947,0.00676266615101966,0.0132336001763952,0.00276244144855262,,0.00603550565102406,0,0,0.000383492348810525,0.0264538970375991,,0.0260704046887885,0,0,<0.01,0.01-0.05
Kericho,Ainamoi,Kapsoit,1.30073168949316,-0.603413807269558,-0.187833932511502,1.04425887900081,0.0709181947949325,0.859643913433821,0.435629714644719,-0.392376692467176,-0.271065941154234,0.813753007243794,0,320650,3.84618212881325e-08,0,1,345,0,0.0123327829960397,0.0370385524286051,0.000874716109677406,0.00550259727425234,0.0703974672786757,0.00550259727425234,0.0106955431943349,0.00184770741523576,,0.00517637648330152,0,0,0.000678351424403723,0.0169853237031777,,0.016306972278774,0,0,<0.01,0.01-0.05
Kericho,Ainamoi,Kipchebor,1.68314051094613,-0.984877695040098,0.119442729232963,0.93092757926768,-0.00818913187286172,0.690628267619708,0.375433954587064,-0.699596582408517,-0.232616046377536,0.229538403709614,0,294291,7.75689117427922e-09,0,1,346,0,0.0022827832605698,0.00410426493681465,0.000135092023795399,0.00132225664267459,0.00928699292858976,0.00132225664267459,0.000674947224266535,0.000172475663792828,,0.00175602863945653,0,0,0.000110881715719487,0.00627622536917002,,0.00616534365345054,0,0,<0.01,<0.01
Kericho,Ainamoi,Kipchimchim,1.40044573608502,-0.918211779223602,0.223064760206133,0.936865577347529,-0.0168158664616208,0.773785720180789,0.509029475807055,-0.583494116380043,-0.269838640582326,0.366800872661492,0,151760,2.20515265362542e-08,0,1,347,0,0.00334653966714194,0.00533805602629375,0.000199922044508563,0.00214680377486928,0.0117747982536641,0.00214680377486928,0.000926981146044786,0.000227431588597453,,0.00266443233389128,0,0,0.00017750145607698,0.0094391263823946,,0.00926162492631762,0,0,<0.01,<0.01
Kericho,Belgut,Chaik,1.65913678287744,-1.12879799428607,0.181365449738878,0.889805465649384,0.30299474509294,0.909952044273439,0.497683040988111,-0.618824125657375,-0.344653582629989,0.203284241109812,0,188017,6.24007557919907e-09,0,1,348,0,0.00117324029017427,0.00156935372824063,3.95251352658529e-05,0.000645939747326767,0.00588267863531738,0.000645939747326767,0.000105342482202433,5.62897659198818e-05,,0.000999289352059107,0,0,3.72206830283925e-05,0.00449986958292162,,0.00446264889989323,0,0,<0.01,<0.01
Kericho,Belgut,Cheptororiet/Seretut,1.57983094531258,-0.787276947354305,-0.0806419086819975,1.19401969317056,0.12049344704641,1.1428086683017,0.238135439752601,-0.558087748673657,-0.291284936491392,0.415021655063994,0,170769,2.03585856776543e-08,0,1,349,0,0.00347661531758735,0.0152738825557522,0.000135639847970729,0.00156892696789431,0.0156732148232931,0.00156892696789431,0.00656005333489979,0.000897896778110241,,0.00205781320357051,0,0,0.000120644675870383,0.00848525918529318,,0.0083646145094228,0,0,<0.01,<0.01
Kericho,Belgut,Kabianga,1.45247384305352,-0.517257554568326,-0.0806417938925965,1.29659000131308,0.211769243171488,0.999429382515929,0.17902866599107,-0.370374714972895,-0.249839129173829,0.73624305715516,1,366027,6.0424856998156e-08,0,1,350,1,0.022117129132464,0.0376662305184082,0.00194027513798085,0.0126227205801362,0.110487102925943,0.0126227205801362,0.00578469469836296,0.0015569670094217,,0.0141530684371745,0,0,0.0016329332668678,0.0590948256479113,,0.0574618923810435,0,0,0.01-0.05,0.05-0.15
Kericho,Belgut,Waldai,1.40976436468677,-0.588769029608672,-0.0806419125731458,1.05936492896946,0.118711497838473,0.922395408958915,0.257447449623125,-0.503318710857283,-0.291089644729748,0.652973944126201,0,262615,1.20590380453596e-07,0,1,351,0,0.0316688427628212,0.116574010660622,0.00061974757016192,0.00896751356976257,0.174652631167085,0.00896751356976257,0.023385320162451,0.00516541140719523,,0.0141053598802847,0,0.1,0.000440661188492842,0.0649523618970766,0.1,0.0645117007085837,0,1-5,0.01-0.05,0.05-0.15
Kericho,Bureti,Cheboin,1.32718144254617,-0.533374203725916,0.220105468310208,1.35304116581386,0.355088799257742,1.33609837099732,0.289900821852217,-0.389883239205682,-0.445290592205548,0.750995901048333,0,256437,1.81195499276983e-07,0,1,352,0,0.0464652302480918,0.280113992114977,0.000753992352809657,0.0104613612794723,0.221173081196115,0.0104613612794723,0.102277347681283,0.0153265696299336,,0.0104967300578735,0,0.1,0.000499981232463748,0.0482655281737775,0.1,0.0477655469413137,0,1-5,0.01-0.05,0.01-0.05
Kericho,Bureti,Chemosot,1.39378712317257,-0.578538533602214,0.144309002413857,1.23120443027235,0.25730783149296,1.20958426846813,0.173674882885896,-0.510569249312503,-0.288074825834843,0.535491129756263,0,275536,7.4841694192543e-08,0,1,353,0,0.0206215810510365,0.109943141211722,0.000399555442125569,0.00521986718589001,0.11404089527833,0.00521986718589001,0.03187296663089,0.00549253080022879,,0.0057109639625466,0,0,0.000283529221451776,0.0246915690025089,,0.0244080397810571,0,0,<0.01,0.01-0.05
Kericho,Bureti,Cheplanget,1.16839601275835,-0.618337919231255,0.220105378813382,1.41551654831819,0.34087480486773,1.43201992395149,0.403239996394872,-0.396673825616782,-0.563502749089254,0.790289145661323,0,282624,2.86954197546743e-07,0,1,354,0,0.0811001431274506,0.328561543373045,0.00111369951376032,0.0161639271386621,0.548883322002791,0.0161639271386621,0.0744971775552026,0.0151016434925585,,0.013345036176323,0,0.2,0.000763327896342282,0.0578675910355161,0.2,0.0571042631391738,0,1-5,0.01-0.05,0.05-0.15
Kericho,Bureti,Kapkatet,1.25620113045727,-0.675409382262178,0.22010515118019,1.45659768086164,0.346406826289394,1.46324361465182,0.367181587929715,-0.454094122088288,-0.300135170660003,0.791776473436524,0,258165,1.6282156757746e-07,0,1,355,0,0.042034829993635,0.248094794422839,0.00071257933819066,0.00832114918952472,0.204028394962918,0.00832114918952472,0.0627898022560394,0.0118166220392874,,0.00659834769341645,0,0.1,0.000459597289607629,0.027130900931044,0.1,0.0266713036414364,0,1-5,<0.01,0.01-0.05
Kericho,Bureti,Kisiara,1.39343589189924,-0.463444664350516,0.0649359656454186,1.4128032818298,0.292900442691125,1.20658222543783,0.182530982892403,-0.432538166511468,-0.520028824841302,0.766918478467417,0,215844,4.62294985473556e-07,0,1,356,0,0.0997835988445543,0.402194882487987,0.00392796431340509,0.0319468403660417,0.57675480600272,0.0319468403660417,0.101624294818133,0.0191458036639331,,0.0330254837376957,0,0.3,0.00310305080639631,0.13732914196159,0.3,0.134226091155194,0,1-5,0.01-0.05,0.05-0.15
Kericho,Bureti,Litein,1.30444547304627,-0.588837565422803,0.220105256241659,1.45570887053688,0.36095020509098,1.37405880235958,0.305114798876957,-0.512480080796583,-0.312194562641121,0.680319645226588,0,267026,7.77498477777236e-08,0,1,357,0,0.0207612308526944,0.0662376851921109,0.000663939655567402,0.00682844587799606,0.110012488055308,0.00682844587799606,0.0114602000483417,0.00281942621332141,,0.00534491673389238,0,0,0.000493059735315884,0.0192187668946795,,0.0187257071593637,0,0,<0.01,0.01-0.05
Kericho,Bureti,Tebesonik,1.30806073965958,-0.510183985116353,0.220105548079103,1.49350459820921,0.394648514944966,1.31640325866163,0.249740393233939,-0.385970501430098,-0.612465007002971,0.793070841368611,0,278239,2.92331790352418e-07,0,1,358,0,0.0813381050158665,0.523635195425452,0.00164503322373737,0.0181831801004593,0.439115781477919,0.0181831801004593,0.193456595306461,0.0287940681967152,,0.0133873004133002,0,0.2,0.00103988908044794,0.0467928397777241,0.2,0.0457529506972761,0,1-5,0.01-0.05,0.01-0.05
Kericho,Kipkelion East,Chepseon,1.08677992559351,-1.16779908148633,0.274251476080673,0.741084080560032,-0.0676152284828109,0.749082496994356,0.872468874657044,-0.458841414159303,-0.108404024022189,0.11584080442227,0,362586,5.54207663904971e-08,0,1,359,0,0.0200947940024648,0.0892408445410981,0.000533176014897359,0.00649601780279516,0.100823684646691,0.00649601780279516,0.0274994860341346,0.00456126349770586,,0.00757959604452958,0,0,0.000438126240439178,0.0340273324005424,,0.0335892061601032,0,0,<0.01,0.01-0.05
Kericho,Kipkelion East,Kedowa/Kimugul,0.488256492856143,-1.44132095601663,0.43986338908129,0.731392322467896,-0.206546231702474,0.742769093442868,0.861366305285817,-0.330454511322681,0.0229305410798891,0.240384875207961,0,425503,1.40639967374798e-07,0,1,360,0,0.0598427280378787,0.268464156002774,0.000953650016619537,0.0116133236832745,0.338326324426424,0.0116133236832745,0.05677584844955,0.0120804019746177,,0.00833373748035182,0,0.1,0.000429918150211279,0.0363145589435194,0.1,0.0358846407933082,0,1-5,<0.01,0.01-0.05
Kericho,Kipkelion East,Londiani,0.243859626861592,-1.41864373884903,0.460980025954825,0.857108954576758,-0.387735106767498,1.05130115853758,0.840608822436686,-0.58048923432146,-0.125369317379727,0.0371246476068754,0,262165,1.62912832667399e-07,0,1,361,0,0.0427100427762485,0.159678269128271,0.00082397476803942,0.010694147370807,0.286652933732278,0.010694147370807,0.035008798297277,0.00726362104808326,,0.00947125114812099,0,0.1,0.000510054888054438,0.042635555194937,0.1,0.0421255003068826,0,1-5,<0.01,0.01-0.05
Kericho,Kipkelion East,Tendeno/Sorget,0.531044143544752,-1.49045566311351,0.409808791083385,0.760684743218858,-0.239131931478864,0.917246582956795,0.828939868614474,-0.488924873055298,-0.486366720806951,-0.0960995072546465,0,168374,8.13562596686328e-08,0,1,362,0,0.0136982788654464,0.0520353573615909,0.000407369052346839,0.00468216083211809,0.083701156349607,0.00468216083211809,0.01428267718217,0.00254881830084583,,0.00483719875481984,0,0,0.000255135665195076,0.0202771993481875,,0.0200220636829924,0,0,<0.01,0.01-0.05
Kericho,Kipkelion West,Chilchila,0.530384988823096,-0.860053634210248,0.275451632236256,0.813116569053418,-0.0213186468415425,1.26020965620749,0.919255176364719,-0.343169040936731,-0.286251519545325,0.17590438795475,0,383296,4.270199301793e-07,0,1,363,0,0.163675031158005,0.569714065399228,0.00220588884890644,0.0280684822295855,1.20212307250562,0.0280684822295855,0.0979231101666613,0.0242091418908416,,0.0153139306930432,0,0.3,0.00123122931827104,0.0589877046581199,0.3,0.0577564753398488,0,1-5,0.01-0.05,0.05-0.15
Kericho,Kipkelion West,Kamasian,0.499360539149107,-1.07187812377753,0.275452064155675,0.697603692361488,-0.200213424265728,1.30121541378829,0.98300789606953,-0.329368892120029,-0.384920016540184,0.202443447050206,0,348521,8.08119015999437e-07,0,1,364,0,0.28164644757514,2.08364540656433,0.00218198447375132,0.0365186131506123,1.81670377013976,0.0365186131506123,0.898635448532883,0.122725349279527,0.1,0.0212878692711867,0,0.5,0.0013165567434134,0.0984246170544879,0.5,0.0971080603110746,1-5,1-5,0.01-0.05,0.05-0.15
Kericho,Kipkelion West,Kipkelion,0.381904298562893,-1.15226628451002,0.359851508495852,0.79531375147065,-0.213444124352553,1.25733453077709,0.990669253046507,-0.484260098471504,-0.309107540592331,0.140299275644341,0,383059,4.58494300282217e-07,0,1,365,0,0.175630368171806,0.759444350177061,0.00183679642544082,0.0299034690593836,1.25183839569205,0.0299034690593836,0.148593991059717,0.0334136481943282,,0.0165810782972876,0,0.3,0.00111453848777069,0.0720259830661497,0.3,0.0709114445783791,0,1-5,0.01-0.05,0.05-0.15
Kericho,Kipkelion West,Kunyak,0.786596345832538,-0.471990806791651,0.144988300735955,0.87135865974748,0.129020275183219,1.28779870318142,0.694247092151965,-0.302185088771114,-0.281293104401028,0.416649707566045,0,155506,3.23486582859117e-07,0,1,366,0,0.0503041045540898,0.160883661796046,0.00163505384406751,0.0174632573489688,0.286031286650482,0.0174632573489688,0.035192743612075,0.00731337263432717,,0.0153847954941502,0,0.2,0.00124933243220793,0.0603662806324658,0.2,0.0591169482002579,0,1-5,0.01-0.05,0.05-0.15
Kericho,Sigowet/Soin,Kaplelartet,1.16085689842155,-0.347689427999826,-0.0806417938925965,0.783498960812363,0.285496965427942,0.899288798914551,0.171256689543012,-0.282158640523132,-0.168258134983639,1.08130645857143,0,308399,1.34164028433588e-07,0,1,367,0,0.0413760522048902,0.174084524217423,0.0019341031790239,0.016221217583123,0.259907786476152,0.016221217583123,0.0685861648665746,0.00984280595822187,,0.014724902532064,0,0.1,0.00114906028057024,0.0570031543354299,0.1,0.0558540940548596,0,1-5,0.01-0.05,0.05-0.15
Kericho,Sigowet/Soin,Sigowet,1.36996866324723,-0.496078093969499,-0.073702979505652,1.36778690165685,0.305470413333319,0.946175894251318,0.150728246552848,-0.302375169860195,-0.305237088129165,0.986893776845296,0,360481,1.50606184166287e-07,0,1,368,0,0.0542906678744473,0.17805730955587,0.001711917493344,0.0169545779233233,0.322641110601236,0.0169545779233233,0.044461186171847,0.0084426388378985,,0.0143216311992845,0,0.1,0.00128400170617228,0.0546948176473889,0.1,0.0534108159412166,0,1-5,0.01-0.05,0.05-0.15
Kericho,Sigowet/Soin,Soin,1.02772128291344,0.0370768057138674,-1.16536328376244,0.0543008748399711,0.207310619397474,1.04677873223812,0.347518546502266,-0.221247764810546,0.194855868335344,0.934665453060597,0,313068,7.01841531789771e-08,0,1,369,0,0.021972412467436,0.0530102647834458,0.00125638293345831,0.0106902531104945,0.104923835819873,0.0106902531104945,0.012534956610975,0.00246911202608433,,0.0127453204941362,0,0,0.00103342989086114,0.0540246174468084,,0.0529911875559472,0,0,0.01-0.05,0.05-0.15
Kericho,Sigowet/Soin,Soliat,1.11251803792859,-0.316113568425825,-0.197002637821539,0.674921465762321,0.190796560257721,0.932972159101313,0.258494334569913,-0.186689724856117,-0.0184877067108674,1.03920994013536,0,195250,1.86480804417096e-07,0,1,370,0,0.0364103770624379,0.171529866422998,0.00174437840199856,0.0131720552480719,0.167838917838206,0.0131720552480719,0.0465940334972531,0.00837111607092114,,0.0137009265138021,0,0.1,0.0013483697173822,0.0459576088718311,0.1,0.0446092391544489,0,1-5,0.01-0.05,0.01-0.05
Kiambu,Gatundu North,Chania,-0.033530382808056,-0.851282593283777,0.304094227339467,1.42948949817821,-0.78931122151833,-0.944253598670821,-0.749130591651904,-0.897381038073879,0.557187230024585,-1.08817731448034,0,229568,8.04543278540232e-08,0,1,371,0,0.0184697391367924,0.0668972487656858,0.000607735008493424,0.00592568744939954,0.111278902614891,0.00592568744939954,0.0176599217019003,0.00323238827054939,,0.00691627014013583,0,0,0.000396471105779422,0.030286696717225,,0.0298902256114456,0,0,<0.01,0.01-0.05
Kiambu,Gatundu North,Githobokoni,0.761746414939694,-1.5379857763387,0.296689124828089,0.333450118981164,-0.846946503501396,-1.30033285588184,-0.737633107226888,-0.83619448566177,-0.130603488061297,-0.951711829419524,0,170244,3.42471197637218e-08,0,1,372,0,0.00583036665705506,0.00913336577920012,0.000262408524904299,0.00335100370986359,0.0263380211493758,0.00335100370986359,0.00134390760864083,0.000373818565819813,,0.00534857536812228,0,0,0.000238063134015901,0.0255470875312425,,0.0253090243972266,0,0,<0.01,0.01-0.05
Kiambu,Gatundu North,Gituamba,0.400702590793556,-1.18836817348861,0.303428098667976,0.838459904409345,-0.852619433937637,-1.16180490535688,-0.702041283133396,-0.876144062303269,-0.0593904438333123,-1.02814980578614,0,228019,4.86292303551986e-08,0,1,373,0,0.011088388476362,0.0165060267423776,0.00065427526712022,0.00609757481294249,0.0530876117758557,0.00609757481294249,0.00152651987957549,0.000618511990515317,,0.00817387506208603,0,0,0.00058381075334667,0.0372881162321908,,0.0367043054788442,0,0,<0.01,0.01-0.05
Kiambu,Gatundu North,Mang'u,-0.178442041612156,-0.785810126603366,0.344067356349465,1.53147329795074,-0.795321293607719,-0.802865208774348,-0.543792593136995,-0.885596882925487,1.39494859571382,-1.14215449357873,0,196689,4.09794370757087e-08,0,1,374,0,0.00806020449898408,0.0212228542248738,0.000204032581997718,0.00275496198203437,0.0451623211622463,0.00275496198203437,0.00370885419558834,0.0009056941133539,,0.0035643786125533,0,0,0.00016285191425047,0.0162476194803396,,0.0160847675660892,0,0,<0.01,0.01-0.05
Kiambu,Gatundu South,Kiamwangi,-0.18706662996402,-0.723569295425283,0.363570733396953,1.33053563683613,-0.928430060801891,-0.919796064391656,-0.487012515817914,-0.902115037419045,1.59816342114751,-1.03327591293655,0,148152,6.97730033762122e-08,0,1,375,0,0.0103370099961926,0.0748758234940535,0.000183925467146847,0.00276830449978459,0.0542102246256225,0.00276830449978459,0.0345003009102045,0.00454977205596809,,0.0043559421039346,0,0,0.000134980734204133,0.0210463494554947,,0.0209113687212906,0,0,<0.01,0.01-0.05
Kiambu,Gatundu South,Kiganjo,0.0203627489219708,-1.1019964924504,0.325885607925593,1.04613655733958,-0.993051889624488,-1.21345077243281,-0.752041239407062,-0.832421983193618,0.415024328545434,-0.956880402252007,0,211728,4.4808806696535e-08,0,1,376,0,0.00948727902424396,0.0356448103463116,0.000418225377327155,0.00468758866831731,0.036301386646658,0.00468758866831731,0.0110025443487859,0.00182304987857435,,0.00539329475445727,0,0,0.000403762316035496,0.0206281682713248,,0.0202244059552894,0,0,<0.01,0.01-0.05
Kiambu,Gatundu South,Ndarugu,0.14335621734423,-1.19172656867994,0.303395033486686,0.798839720573368,-0.960937847184857,-1.18437698441304,-0.766185007869882,-0.839351373540205,0.200312301604948,-1.00014799643762,0,173472,1.98974243920544e-07,0,1,377,0,0.0345164600413846,0.141137791293655,0.00108771852583681,0.0138444354814792,0.15845163758826,0.0138444354814792,0.0474317291182326,0.00746301479160923,,0.0223489108904264,0,0.1,0.000971071667567154,0.106594318475479,0.1,0.105623246807912,0,1-5,0.01-0.05,0.05-0.15
Kiambu,Gatundu South,Ngenda,-0.163831726820929,-0.764951598808749,0.350242661749867,1.38715658007559,-0.865734286867296,-0.887599795865117,-0.554170533064846,-0.890070861210149,1.59248988552976,-1.10728456258537,0,381550,3.62487610582511e-08,0,1,378,0,0.0138307147817757,0.0599768585886823,0.000208532696978587,0.00323425275064791,0.091070413824077,0.00323425275064791,0.0173170375935749,0.00299186042286984,,0.00404393126043284,0,0,0.000136902244606975,0.0201709437723757,,0.0200340415277687,0,0,<0.01,0.01-0.05
Kiambu,Githunguri,Githiga,0.196221040397376,-1.15264242477146,0.170183830746888,0.944188948646148,-1.17815058493307,-1.3447313093976,-0.503462098368062,-0.877182079025305,1.00891751432447,-0.673465813941399,0,260302,3.08501024237679e-08,0,1,379,0,0.00803034336111164,0.0179360684374604,0.00035349586922523,0.00401235170841607,0.0333355055110556,0.00401235170841607,0.00292413358594754,0.000752126731594121,,0.00535515885880452,0,0,0.000279474607635956,0.0217569794562812,,0.0214775048486453,0,0,<0.01,0.01-0.05
Kiambu,Githunguri,Githunguri,-0.123774468960249,-0.98767980670418,0.362795002258683,1.21313869514441,-1.08372522086117,-1.23336197965031,-0.51855072221328,-0.906907049868722,1.17990442029682,-0.82777984615975,0,334731,3.77750812031973e-08,0,1,380,0,0.0126444907062274,0.040030662910339,0.00020307938695214,0.00405966901952856,0.0715852232949035,0.00405966901952856,0.00892244895515437,0.00183018593052851,,0.00524659273383606,0,0,0.000147552893491227,0.0249322214170047,,0.0247846685235135,0,0,<0.01,0.01-0.05
Kiambu,Githunguri,Ikinu,-0.273145258857902,-0.937360629574816,0.363570741179299,1.17863901677821,-1.05437637931044,-1.23336197965031,-0.51855072221328,-0.906907049868722,1.17990442029682,-0.82777984615975,0,195477,4.36642839923035e-08,0,1,381,0,0.00853536324196351,0.0150545973207135,0.000320616018417228,0.0042233890306209,0.0422927800198645,0.0042233890306209,0.00169565989816932,0.000583311116205715,,0.00516991370145812,0,0,0.000275839527469997,0.0236706668747685,,0.0233948273472985,0,0,<0.01,0.01-0.05
Kiambu,Githunguri,Komothai,-0.194657672364329,-0.839655075026984,0.361609453539455,1.30916533685406,-0.985049485116041,-1.08444868856423,-0.61640615916392,-0.864733601815185,0.94758238536284,-0.935610628529042,0,245295,7.06277418168078e-08,0,1,382,0,0.0173246319289539,0.0700334389221123,0.000294091543540819,0.00425839588601693,0.0970310471026393,0.00425839588601693,0.0126548427005628,0.00301501432098032,,0.00481963334423261,0,0,0.000192732698459366,0.021630122893296,,0.0214373901948366,0,0,<0.01,0.01-0.05
Kiambu,Githunguri,Ngewa,-0.396582348277927,-0.7635722541686,0.363570706158817,1.13447206252041,-0.998597251796777,-1.03465584262119,-2.73269672191579,-1.17298788057981,0.186226773687045,-1.47208382795382,0,219205,2.57335456211712e-08,0,1,383,0,0.00564092186788882,0.0150906302714212,8.8942807032039e-05,0.00199382288817485,0.035714257375249,0.00199382288817485,0.00248320536299349,0.000634259326751853,,0.00309194751131119,0,0,7.06219269269869e-05,0.0170748749217129,,0.0170042529947859,0,0,<0.01,0.01-0.05
Kiambu,Juja,Juja,-0.608158180408317,-0.46572107755895,0.208214797196887,0.407314514742709,-0.839119958216828,-0.456506746144086,-0.00934894911343269,-0.792478491487367,3.45162242336629,-1.15383843829837,0,698926,2.27297866065145e-09,0,1,384,0,0.00158864388337448,0.00996722805312826,2.3823115877904e-06,0.00014263651764747,0.00941329380583825,0.00014263651764747,0.00319598226320237,0.000517323092326496,,0.000333041435859074,0,0,1.92175623953655e-06,0.0023301832940769,,0.00232826153783737,0,0,<0.01,<0.01
Kiambu,Juja,Kalimoni,-0.815737773191077,-0.343926832848327,-0.754748073173264,0.050230975107365,-0.716736003724721,-0.247089473560534,0.226427765672266,-0.688383498349459,3.14011581526771,-1.16839280300736,0,712259,2.47734778624405e-09,0,1,385,0,0.0017645132568824,0.0112304345101743,5.89321567310451e-06,0.000214085061622742,0.0100046442951872,0.000214085061622742,0.00288743395185981,0.000537754879278643,,0.000390712963936187,0,0,4.98700148537321e-06,0.00228116139846126,,0.00227617439697589,0,0,<0.01,<0.01
Kiambu,Juja,Murera,-0.592188306526556,-0.574351675805964,0.363570877370101,0.648019785118425,-0.887430353869214,-0.590131320050865,-0.248970729534691,-0.916082116278182,4.23416420467236,-1.16766146068585,0,629610,7.25625123124262e-10,0,1,386,0,0.000456860833770267,0.00274531645025012,5.12152494888094e-07,4.22762636225721e-05,0.00239178630645441,4.22762636225721e-05,0.000617729318142123,0.000125883161263025,,0.000130216605839506,0,0,4.07420420079463e-07,0.000887153852483978,,0.000886746432063899,0,0,<0.01,<0.01
Kiambu,Juja,Theta,-0.825483736341584,-0.407776256405144,-0.271757644867838,0.0648032066594111,-0.873884505187768,-0.122657363267599,0.192521151675982,-0.645484215547185,3.56811827360914,-1.1007763793642,0,1139771,6.72685387991552e-09,0,1,387,0,0.00766707297356519,0.154401741407746,3.434215981097e-06,0.000175402700854602,0.0132241935814889,0.000175402700854602,0.0732182043365435,0.00951333761327002,,0.000329312346958464,0,0,2.70677141910144e-06,0.00221594356121908,,0.00221323678979998,0,0,<0.01,<0.01
Kiambu,Juja,Witeithie,-0.662582548871573,-0.430983661580193,-0.422296310038288,0.347830218480984,-0.785373867329393,-0.449495258539491,-0.0498973282345684,-0.88530338836283,2.80266094533115,-1.22545344906394,0,548489,3.41283487398022e-09,0,1,388,0,0.00187190238719454,0.0108710673860016,8.61606035982626e-06,0.000255498869038791,0.00828355313253879,0.000255498869038791,0.0024950068062971,0.000501571421079805,,0.000486030966778008,0,0,7.38741517789681e-06,0.00273943664103369,,0.0027320492258558,0,0,<0.01,<0.01
Kiambu,Kabete,Gitaru,-0.400071433254351,-0.962702746479712,0.0990499503665576,1.4085747800153,-1.21404057126575,-1.41243903019591,-0.205926920451836,-1.00746449575874,3.71070496821574,-0.459424230863525,0,422066,2.0515866000601e-08,0,1,389,0,0.00865904949940966,0.0834602264625578,7.83661606315948e-06,0.000375829458938511,0.0348731671478014,0.000375829458938511,0.0272552104941107,0.00436301496192566,,0.00111836497228323,0,0,5.04762721131841e-06,0.00744109824995207,,0.00743605062274075,0,0,<0.01,<0.01
Kiambu,Kabete,Kabete,-0.445010463288416,-0.931681416701813,0.132313265933058,0.813465174300542,-1.16382142534119,-1.4412669100022,-2.51746300399743,-1.19799107436968,1.60253404389117,-1.35143879534015,0,341686,4.03972896494341e-09,0,1,390,0,0.00138031883111566,0.00466803428719059,1.5635993546992e-05,0.000447758141159944,0.00636167725335628,0.000447758141159944,0.000973426909947088,0.000209181128855477,,0.000841563457397294,0,0,1.2396238352036e-05,0.00468525541098349,,0.00467285917263146,0,0,<0.01,<0.01
Kiambu,Kabete,Muguga,-0.233420753609283,-0.95631663964653,0.0990498433595018,1.40690679704655,-1.2326625968707,-1.41243903019591,-0.205926920451836,-1.00746449575874,3.71070496821574,-0.459424230863525,0,323371,6.04668696390471e-09,0,1,391,0,0.00195532321020483,0.00879881470076709,5.2633358704133e-06,0.000292352022733687,0.013145218498746,0.000292352022733687,0.00193424308679948,0.000400575225696391,,0.000857701083550062,0,0,4.45938866696767e-06,0.00513301614237251,,0.00512855675370554,0,0,<0.01,<0.01
Kiambu,Kabete,Nyadhuna,-0.244279487399359,-0.941443456038014,0.121848662333138,1.14212062130911,-1.19511119692997,-1.4412669100022,-2.51746300399743,-1.19799107436968,1.60253404389117,-1.35143879534015,0,375632,4.17559396449936e-09,0,1,392,0,0.00156848671207283,0.00624703555623345,1.53116043856398e-05,0.000443254818849367,0.00821012269284199,0.000443254818849367,0.0016595547875077,0.000302508070424767,,0.000932879582139166,0,0,1.43014183390619e-05,0.00485931828458022,,0.00484501686624116,0,0,<0.01,<0.01
Kiambu,Kabete,Uthiru,-0.408072721905815,-0.90962319648811,0.0811707789944753,1.01778031464925,-1.18840050101069,-1.32171863136872,-2.40339831339327,-1.20954985468579,2.16881649909244,-1.33480910914712,0,236777,4.72116340262232e-09,0,1,393,0,0.00111786290698271,0.0103777909440832,8.05350019042268e-06,0.000223119856377149,0.0046193321866976,0.000223119856377149,0.00466002996958806,0.00062290073801459,,0.000526742674806172,0,0,7.03118756140378e-06,0.00317483421393031,,0.00316780302636891,0,0,<0.01,<0.01
Kiambu,Kiambaa,Cianda,-0.0830458188475902,-1.02576130742794,0.317270321724337,1.13044580497144,-1.1347529526646,-1.39028502809539,-0.383400854864827,-0.879378011640793,1.82868862209571,-0.664810909933551,0,278143,2.18577406072646e-08,0,1,394,0,0.00607957754572641,0.0235206879461176,8.91399918479776e-05,0.00185508862883771,0.0329484449192247,0.00185508862883771,0.00578846948241073,0.00110988441505387,,0.00293875269225875,0,0,7.87371447188889e-05,0.0151175921808602,,0.0150388550361413,0,0,<0.01,0.01-0.05
Kiambu,Kiambaa,Karuri,-0.284664555718735,-0.840793106258088,0.325292298530665,0.929373491753733,-1.17465313453707,-1.45628051805671,-0.269858899162631,-0.99134273410894,3.18881471828009,-0.636901865014814,0,552254,5.2940197118306e-09,0,1,395,0,0.0029236435619373,0.0122872879923628,9.88133897216819e-06,0.000442273144766736,0.0201408616693515,0.000442273144766736,0.00196624825118526,0.000512914621604408,,0.00104253603450803,0,0,9.32894573259821e-06,0.0058798859926119,,0.0058705570468793,0,0,<0.01,<0.01
Kiambu,Kiambaa,Kihara,-0.525528917229084,-0.715984337964024,0.363570764526287,0.250355401385905,-1.15349781546859,-1.42010116641355,-2.54243780884426,-1.20681607645669,1.70643428314111,-1.43314414644009,0,406799,2.14829696687041e-09,0,1,396,0,0.000873925057825917,0.00186035857209492,1.19368810186942e-05,0.0003080314299465,0.00543311032467891,0.0003080314299465,0.000247102274076377,7.44578235461557e-05,,0.000683218899423994,0,0,1.12742819999223e-05,0.00435277832250385,,0.00434150404050393,0,0,<0.01,<0.01
Kiambu,Kiambaa,Muchatha,-0.436194509341793,-0.718802794402609,0.363570743124885,0.157593940120826,-1.14438591230362,-1.35916336101842,-2.55111914719829,-1.19216660670202,1.4869143477385,-1.43312871965636,0,359522,2.61638236710623e-09,0,1,397,0,0.000940647021386767,0.00230166589149921,1.60399458403219e-05,0.000377474388527989,0.00453092027172905,0.000377474388527989,0.000462325128639067,0.000102025074819191,,0.000770778218286483,0,0,1.50576834551184e-05,0.00366124807369069,,0.00364619039023558,0,0,<0.01,<0.01
Kiambu,Kiambaa,Ndenderu,-0.32492117281159,-0.827464468765978,0.24404738532989,0.792565890568417,-1.18665264956792,-1.42010116641355,-2.54243780884426,-1.20681607645669,1.70643428314111,-1.43314414644009,0,666557,1.88616406705512e-09,0,1,398,0,0.00125723586204406,0.0041066073901029,1.37409349318359e-05,0.000374450245504901,0.00839660806176925,0.000374450245504901,0.00112997816153624,0.000201328422022132,,0.00084423322186716,0,0,1.17668545047252e-05,0.00468524107358931,,0.00467347421908458,0,0,<0.01,<0.01
Kiambu,Kiambu Town,Kiambu Township,-0.608167866613826,-0.548968381293185,0.363571081656305,-0.323412112099573,-1.06916010473429,-1.08876293683946,-2.40855128496269,-1.17659379425781,1.36466441127543,-1.44410277192963,0,485715,2.45069244025398e-09,0,1,399,0,0.00119033807861796,0.00477473776367467,1.91449478608225e-05,0.000440222477017632,0.00633391347173695,0.000440222477017632,0.00186262961033661,0.000268793505751019,,0.000856942921607481,0,0,1.62642535125893e-05,0.00476118404444469,,0.0047449197909321,0,0,<0.01,<0.01
Kiambu,Kiambu Town,Ndumberi,-0.317547329519869,-0.912912214074354,0.363570945465502,0.7527535746802,-1.09418436935033,-1.35916336101842,-2.55111914719829,-1.19216660670202,1.4869143477385,-1.43312871965636,0,330032,3.65036984178306e-09,0,1,400,0,0.00120473885962335,0.0123010163034047,1.18726220201313e-05,0.000324466871860207,0.00470632902529149,0.000324466871860207,0.00601084316284218,0.000769151391588871,,0.000697984957953297,0,0,1.00028984388879e-05,0.00371776239132448,,0.0037077594928856,0,0,<0.01,<0.01
Kiambu,Kiambu Town,Riabai,-0.49714492362695,-0.690437455407665,0.36357098243157,0.579249283739079,-1.04706228081422,-1.08876293683946,-2.40855128496269,-1.17659379425781,1.36466441127543,-1.44410277192963,0,216527,6.68082572963731e-09,0,1,401,0,0.00144657915276118,0.00457751367481536,1.57956323243795e-05,0.000450805448355345,0.00751564679772664,0.000450805448355345,0.000997127013954278,0.000207817541941399,,0.00100845345353234,0,0,1.27428886031407e-05,0.00573994745270219,,0.00572720456409905,0,0,<0.01,<0.01
Kiambu,Kiambu Town,Ting'ang'a,-0.500163267418234,-0.67379552868992,0.363570776199781,0.702326095961245,-1.00297936871019,-1.15322399328716,-0.935876471543335,-1.00553134564699,2.14633671822224,-1.04177574040259,0,251382,9.22885077578518e-09,0,1,402,0,0.00231996696571843,0.00863514781398181,3.55592702435932e-05,0.000711403772947423,0.0112977940385619,0.000711403772947423,0.00196266474389327,0.000397197167724341,,0.00121189598250012,0,0,2.89423253846013e-05,0.00690576684694183,,0.00687682452155723,0,0,<0.01,<0.01
Kiambu,Kikuyu,Karai,-0.419148112778594,-0.73079305441472,0.0309093765079113,1.31388401490155,-1.23992120125411,-1.00559438492275,-1.97232041770316,-1.1350714143457,0.573588201174475,-1.07532128342958,0,305022,6.32163010022325e-08,0,1,403,0,0.019282362564303,0.0547877447276959,0.000358402735669688,0.00635897020738341,0.0968610944355074,0.00635897020738341,0.00858599542893818,0.00227556664273879,,0.00779671114685881,0,0,0.000265729850127128,0.0368597871469232,,0.0365940572967961,0,0,<0.01,0.01-0.05
Kiambu,Kikuyu,Kikuyu,-0.383967604326381,-0.824821595892171,0.062853781430084,1.46494770791862,-1.24061253344299,-1.25995107470256,0.0122289354513873,-0.942253594473859,3.25013212158804,-0.295202235502172,0,485444,4.00456401918456e-08,0,1,404,0,0.0194399157572903,0.146273043731325,3.92877749765363e-05,0.00159283641367555,0.0687462974753221,0.00159283641367555,0.0447197100023776,0.00745388258295854,,0.00283234039988564,0,0,2.36222900096046e-05,0.0189408863069794,,0.0189172640169698,0,0,<0.01,0.01-0.05
Kiambu,Kikuyu,Kinoo,-0.373491686771645,-0.890322122271317,0.0746703413997828,1.39429899597875,-1.21405510543815,-1.25995107470256,0.0122289354513873,-0.942253594473859,3.25013212158804,-0.295202235502172,0,315398,3.72311920939432e-08,0,1,405,0,0.0117426435240455,0.120294885852679,3.02373870447348e-05,0.00115333828548007,0.0524071290622425,0.00115333828548007,0.0533061191299993,0.00717543329514573,,0.0026484078950421,0,0,2.61641780428927e-05,0.015816742943185,,0.0157905787651421,0,0,<0.01,0.01-0.05
Kiambu,Kikuyu,Nachu,-0.687012987939096,-0.611856269123897,0.00591539721138697,0.500308024691389,-1.28838245820628,-1.15631839192078,0.384205295549797,-0.452560747545704,2.03135832763887,0.149747532192318,0,333788,3.90984201246662e-07,0,1,406,0,0.130505834565721,0.515851125909762,0.00130159811784185,0.0217422062714371,1.09768389496069,0.0217422062714371,0.105787723134831,0.0230032479861585,,0.0234144974691328,0,0.3,0.000911516047798236,0.118231187910745,0.3,0.117319671862947,0,1-5,0.01-0.05,0.05-0.15
Kiambu,Kikuyu,Sigona,-0.307553085637279,-0.894638194980177,0.099049537902978,1.30216928193253,-1.28230178243188,-1.255087371036,0.15974701206842,-0.688079277299991,1.84166791380561,-0.12898751190302,0,350010,6.14188131984076e-07,0,1,407,0,0.214971988075746,2.17876856851649,0.00228455957312916,0.0354513917459248,1.01630007978203,0.0354513917459248,0.760045962867901,0.116968239090534,0.1,0.0341374616707167,0,0.3,0.00141869599928472,0.16757924866371,0.3,0.166160552664426,1-5,1-5,0.01-0.05,0.15-0.30
Kiambu,Lari,Kamburu,0.226226818059983,-1.22334143123518,0.230709743360524,0.90320680934845,-1.1158623645367,-1.30693031283568,-0.634448134239613,-0.876729264837924,0.703013774809009,-0.802506783058234,0,152503,9.60595186077191e-08,0,1,408,0,0.014649364766233,0.0194663831873757,0.000830443691350839,0.00857334038591812,0.0656586514151882,0.00857334038591812,0.00177375860536943,0.000727763431022978,,0.0120316062639002,0,0,0.00080613898147275,0.0497654247099569,,0.0489592857284842,0,0,0.01-0.05,0.01-0.05
Kiambu,Lari,Kijabe,0.123777292430798,-1.4109177112524,0.263659115779975,0.176290358024104,-1.0390673351919,-1.60559628986442,-0.501311772821944,-0.843290330502876,0.529201368477019,-0.700230137118176,0,230961,5.15829616999268e-08,0,1,409,0,0.0119136524171768,0.0466843736903628,9.58326786934613e-05,0.00406094224146584,0.0602023215529477,0.00406094224146584,0.0181532686090192,0.00262440303562661,,0.00874458327354872,0,0,9.00712787556567e-05,0.0510532445273997,,0.050963173248644,0,0,<0.01,0.05-0.15
Kiambu,Lari,Kinale,0.493025236922465,-1.72810019640425,0.291662244479691,0.0277153339163806,-0.936482120180871,-1.61116788835592,-0.591463347851801,-0.90858205271649,-0.155672149690755,-0.90443736083971,0,216501,2.8291250475119e-08,0,1,410,0,0.00612508401911373,0.00949223747231039,0.000153622197560085,0.00291715029025924,0.0323361034466421,0.00291715029025924,0.000817832261458289,0.000351895158840494,,0.00577607819403761,0,0,0.000142862535013576,0.031056360291044,,0.0309134977560305,0,0,<0.01,0.01-0.05
Kiambu,Lari,Lari/Kirenga,0.0954714668260743,-1.22163217468725,0.10330292064224,0.484589919708679,-1.26729471664615,-1.51482208127049,-0.346437469652742,-0.797483819096807,0.886511097392223,-0.490663424486694,0,274342,8.5385547710091e-08,0,1,411,0,0.0234248419298818,0.0299523263950568,0.00175773293993146,0.0147194214029199,0.0978567242354645,0.0147194214029199,0.00269535841533721,0.00111764516035095,,0.017749915485257,0,0,0.00157210309428497,0.0636762023308369,,0.0621040992365519,0,0,0.01-0.05,0.05-0.15
Kiambu,Lari,Nyanduma,0.230197113014333,-1.32325696765472,0.252097588652877,0.654180251890335,-1.10180935422052,-1.36224197957118,-0.695226286645059,-0.814942993138774,0.407335060162693,-0.821474401933133,0,139023,5.10271370005798e-08,0,1,412,0,0.0070939456672316,0.0159982744405001,0.000292212593154332,0.00363436223066939,0.0325869772184477,0.00363436223066939,0.00445019878822978,0.000787365142870912,,0.00580547090397348,0,0,0.000277451302840245,0.0259871124947133,,0.025709661191873,0,0,<0.01,0.01-0.05
Kiambu,Limuru,Bibirioni,-0.1117484727232,-1.00252429927074,0.0990497519170887,0.713626760407724,-1.33665046607433,-1.39007117310888,-0.209449035663458,-0.853942238166816,1.24935989640912,-0.465611501053105,0,191458,7.00345670817047e-08,0,1,413,0,0.013408678144329,0.0212051315969949,0.000597146261769475,0.00725153893865646,0.0652679757224867,0.00725153893865646,0.00329596506607212,0.000879020273243782,,0.0102108257665146,0,0,0.000528423875438223,0.0420933124624684,,0.0415648885870301,0,0,0.01-0.05,0.01-0.05
Kiambu,Limuru,Limuru Central,-0.163239335564614,-1.00935157471716,0.0990498764343976,0.853688897602564,-1.32201694130608,-1.30410334904855,-0.0297536734921877,-0.784359387158505,1.56334478551644,-0.349078625488266,0,300170,9.44554221514829e-08,0,1,414,0,0.0283526840672106,0.15841466711476,0.000509954587554725,0.00813788717145514,0.141925854757069,0.00813788717145514,0.0538177974423921,0.00841324800003103,,0.0111462802852996,0,0,0.000421294564578576,0.0510684501887139,,0.0506471556241353,0,0,0.01-0.05,0.05-0.15
Kiambu,Limuru,Limuru East,0.20719625825864,-1.20153974681708,0.0990497441347674,0.948254590604734,-1.24375894734653,-1.42564024669069,-0.26146438703423,-0.821548154946333,1.33681864521945,-0.442047040396116,0,224367,4.1279947835744e-08,0,1,415,0,0.00926185805606236,0.0356372589741678,0.000376407173170841,0.00414733482356299,0.0406881522533278,0.00414733482356299,0.0138677449642716,0.00200402228118503,,0.00620039288181529,0,0,0.000337450309757899,0.0291520502009696,,0.0288145998912117,0,0,<0.01,0.01-0.05
Kiambu,Limuru,Ndeiya,-0.621673830452946,-0.7829407418116,0.0990496585291138,0.429772143762804,-1.34093774857836,-1.10016488522226,0.429426854846558,-0.300281766389195,1.50777678388791,0.0852186434901383,0,271180,9.97895071347875e-07,0,1,416,0,0.270609185448117,1.95112356932273,0.00529549854877911,0.0598681421493795,1.19018488868852,0.0598681421493795,0.776898378815235,0.110835312505941,0.1,0.0525234302535246,0,0.4,0.00385323294762291,0.19518555775699,0.4,0.191332324809368,1-5,1-5,0.05-0.15,0.15-0.30
Kiambu,Limuru,Ngecha Tigoni,0.080789947435564,-1.12235969641326,0.0990498394683296,1.15685784160408,-1.25278697000918,-1.37385244723159,-0.0865595784595377,-0.843705140589717,2.2848833820766,-0.356609708244756,0,296084,3.23691304257957e-08,0,1,417,0,0.00958398161299129,0.0345866799568581,0.00015322148886409,0.00267217403801829,0.0635173771423966,0.00267217403801829,0.00735256168277196,0.00155874368475846,,0.00577218808458937,0,0,0.000132122009051688,0.034384466110354,,0.0342523441013023,0,0,<0.01,0.01-0.05
Kiambu,Ruiru,Biashara,-0.663156237274883,-0.599939525522472,0.363570885152422,0.114497283805006,-0.966953758516533,-0.76752333858865,-0.428785579843374,-1.09216665313969,5.69753430592852,-1.20559294948737,0,727861,3.19772475003713e-10,0,1,418,0,0.000232749913428677,0.00525406396426155,2.96873944822873e-08,4.49981633309973e-06,0.000389575682242053,4.49981633309973e-06,0.00260828864930397,0.000331110749532094,,3.80245561266126e-05,0,0,2.66257971768311e-08,0.000292517036317489,,0.000292490410520312,0,0,<0.01,<0.01
Kiambu,Ruiru,Gatongora,-0.895515637206378,-0.338558310989456,-0.436802044957147,0.239652421966196,-0.810832878451387,-0.335632085897506,0.0139135961740988,-0.843059877942847,4.15461902128395,-1.17183780881304,0,832155,8.47574692835616e-10,0,1,419,0,0.000705313518516622,0.00410834796992156,7.88525578305249e-07,6.77308083408896e-05,0.0044072307384751,6.77308083408896e-05,0.000948753703755295,0.000189921822902558,,0.000223006663976242,0,0,7.30507314272502e-07,0.00168182788576308,,0.00168109737844881,0,0,<0.01,<0.01
Kiambu,Ruiru,Gitothua,-0.579843222402493,-0.613053155573095,0.363570933792009,0.388825131100704,-0.949409435402078,-0.686735771547417,-0.317640960132196,-0.981045751687089,5.54870583750602,-1.19465773598323,0,496649,1.52158080408495e-08,0,1,420,0,0.00755691584767985,0.147381713264182,1.85658983136437e-07,3.30928391083469e-05,0.00393778367517981,3.30928391083469e-05,0.0553742384178866,0.00816279333568106,,0.000337043286220511,0,0,1.84411900754035e-07,0.0028608360310123,,0.00286065161911155,0,0,<0.01,<0.01
Kiambu,Ruiru,Kahawa Wendani,-0.822998536003195,-0.461928388380575,0.363570867642194,-0.838000824608605,-1.00457740309723,-0.776274966531344,-2.7759306284463,-1.21523154504683,2.47529214242636,-1.55964526026967,0,162262,2.95203753353799e-09,0,1,421,0,0.000479003514266942,0.00135902727021288,5.92182312501853e-06,0.000132433371107746,0.00290900753197054,0.000132433371107746,0.000264327474405291,5.96937531071497e-05,,0.000445439658085458,0,0,5.81369572188209e-06,0.00282888304483228,,0.0028230693491104,0,0,<0.01,<0.01
Kiambu,Ruiru,Kahawa/Sukari,-0.822999543396612,-0.461927406291122,0.363570723669046,-0.379230997159737,-0.974543622688593,-0.76752333858865,-0.428785579843374,-1.09216665313969,5.69753430592852,-1.20559294948737,0,372330,3.74586162735918e-10,0,1,422,0,0.000139469665971464,0.000681412241954049,9.18405035392514e-08,1.10626704797091e-05,0.000935133173356147,1.10626704797091e-05,0.000153618119715562,3.12638100644373e-05,,9.15860834034236e-05,0,0,9.04697672645064e-08,0.000691382215999691,,0.000691291746232426,0,0,<0.01,<0.01
Kiambu,Ruiru,Kiuu,-0.817349900694297,-0.461929019723799,0.363570729505805,-0.789247183297657,-0.991255448866349,-0.776274966531344,-2.7759306284463,-1.21523154504683,2.47529214242636,-1.55964526026967,0,545690,1.19460814289355e-09,0,1,423,0,0.000651885717495579,0.00358853635159671,5.26624275119908e-06,0.00016412832358983,0.00338852742346412,0.00016412832358983,0.00144363764486717,0.000204783144848395,,0.00044872085665646,0,0,5.1649768658825e-06,0.00291593367192494,,0.00291076869505906,0,0,<0.01,<0.01
Kiambu,Ruiru,Mwihoko,-0.851317486884997,-0.406908229625046,0.172470122172541,0.04556764812201,-0.879893639588615,-0.18963294607286,-1.67891746404064,-1.04140262157115,1.56927684937876,-1.44286197409662,0,557577,9.67717861687124e-09,0,1,424,0,0.00539577222165922,0.0298901782115003,9.84615309019237e-05,0.00138860203000587,0.0262749399825397,0.00138860203000587,0.00939884630414561,0.00153964566214591,,0.00196797714208927,0,0,8.19798848066647e-05,0.00949838381464681,,0.00941640392984015,0,0,<0.01,<0.01
Kiambu,Ruiru,Mwiki,-0.760101622167975,-0.461929580917761,0.363570799546793,-0.838000558497734,-1.00974304403211,-0.776274966531344,-2.7759306284463,-1.21523154504683,2.47529214242636,-1.55964526026967,0,213951,2.12776721287825e-09,0,1,425,0,0.000455237922962514,0.00124003874552177,5.50767296904571e-06,0.000133633868033937,0.00256869566502488,0.000133633868033937,0.000282394353121302,5.70736553117309e-05,,0.000433070204205319,0,0,5.44303463218234e-06,0.00242985919592544,,0.00242441616129325,0,0,<0.01,<0.01
Kiambu,Thika Town,Gatuanyaga,-0.624233421111134,-0.313669779114494,-0.728240622997384,0.272454312945591,-0.647263512073029,0.0506321751051939,0.10040039102771,-0.768467861593097,0.391465157958928,-1.03871032903983,0,208215,2.8009043615276e-07,0,1,426,0,0.058319030163547,0.188230495354147,0.00175716889270543,0.0170217995972934,0.442020177979331,0.0170217995972934,0.0326325361233021,0.00801623370375559,,0.0179440307500369,0,0.2,0.00126346866813778,0.0834095354939089,0.2,0.0821460668257711,0,1-5,0.01-0.05,0.05-0.15
Kiambu,Thika Town,Hospital,-0.666139721807542,-0.344577888008031,-0.7770670763846,-0.0859054944494886,-0.740371466365265,-0.283281870215007,-0.148857221103516,-0.95150616478735,1.23341528850831,-1.22081831748968,0,478632,2.23234155971008e-08,0,1,427,0,0.0106847010540716,0.0468625229558372,0.000366272388251045,0.00403867708380449,0.0370913528479901,0.00403867708380449,0.010832930788329,0.00216705779494538,,0.00480645427473738,0,0,0.000320616811587532,0.0187159592270791,,0.0183953424154916,0,0,<0.01,0.01-0.05
Kiambu,Thika Town,Kamenu,-0.707010614897962,-0.340915746577973,-0.777066897390971,-0.0111166295058549,-0.714415991782352,-0.175112117120681,0.0522277380828979,-0.816157815920589,1.46364853299874,-1.18087126726542,0,1101855,2.8613399663002e-08,0,1,428,0,0.0315278174856771,0.371106595973565,0.000353993181691004,0.0047285224102545,0.120228134560754,0.0047285224102545,0.168309702874186,0.0223802612476557,,0.00395683002117297,0,0,0.000219836881010975,0.017130467369613,,0.016910630488602,0,0,<0.01,0.01-0.05
Kiambu,Thika Town,Ngoliba,-0.488777411527179,-0.191137073282636,-0.124412046997211,0.309666725578458,-0.687316537177885,-0.0241215544390433,0.227764192245648,-0.73756803706181,0.0891981157112551,-1.0027196638046,0,145262,4.98463164930928e-07,0,1,429,0,0.0724077562641964,0.162122820891502,0.00456835560108558,0.0317618022638964,0.420868519744452,0.0317618022638964,0.0191992192017011,0.00634103898657106,,0.0304491066230462,0,0.3,0.00291245388571117,0.121048839758478,0.3,0.118136385872766,0,1-5,0.01-0.05,0.05-0.15
Kiambu,Thika Town,Thika Township,-0.557677559898045,-0.483780299659374,-0.414506100794303,0.488793939322606,-0.758845806024813,-0.481043642086332,-0.236325658385632,-0.980187202184506,2.16118385105826,-1.26737249676148,0,861302,9.06860603722444e-09,0,1,430,0,0.00781080851707349,0.0413134302411172,8.57969900115911e-05,0.00143323619805488,0.0372687846184937,0.00143323619805488,0.00846530024112731,0.00184183797194679,,0.00168937078253819,0,0,6.03759042763036e-05,0.00840972787555674,,0.00834935197128044,0,0,<0.01,<0.01
Kilifi,Ganze,Bamba,-0.667894228012653,1.26436993697295,-0.876814570465333,-1.80261389674826,2.78100209216819,0.805979396004741,0.443662131795193,1.86620111575706,0.371064376949929,1.87838865332635,0,447416,2.89294042594316e-07,0,1,431,0,0.129434783361378,1.19940512090998,0.00103425967120317,0.0151437338181066,0.632780424993995,0.0151437338181066,0.436909867005742,0.0655611264322396,,0.0105197591573374,0,0.1,0.00050431012909557,0.0506494599540656,0.1,0.0501451498249701,0,1-5,0.01-0.05,0.05-0.15
Kilifi,Ganze,Ganze,-0.373793864513321,1.31115801146533,-0.899274573960194,-1.65785224148897,2.35279178681867,0.818617899377308,0.0509047140464898,1.69491150829183,0.240116264424829,1.63615605012728,0,372846,2.4078992344154e-07,0,1,432,0,0.0897775597954845,0.445177037085034,0.00110043300554658,0.015707033156207,0.648612310919862,0.015707033156207,0.102122596910045,0.0205365341280798,,0.012673935072139,0,0.2,0.00074408774425253,0.0571986471290914,0.2,0.0564545593848389,0,1-5,0.01-0.05,0.05-0.15
Kilifi,Ganze,Jaribuni,-0.138165640260425,1.27697470438715,0.0153448456498395,-1.47589068080799,2.28379632290175,0.951547858639347,0.111100973271511,1.50869432694014,0.165434537262061,1.42612174214131,0,339648,2.741536078061e-07,0,1,433,0,0.0931157245841261,0.833913803564874,0.000711024241429274,0.0111768164067975,0.468357679255922,0.0111768164067975,0.33622477726276,0.0476353919538547,,0.011982291827682,0,0.1,0.000465987954260361,0.0628757991135319,0.1,0.0624098111592715,0,1-5,0.01-0.05,0.05-0.15
Kilifi,Ganze,Sokoke,-0.348483287871545,1.35087714635601,-1.28667379466422,-1.73537512956932,2.31837691242958,0.687844246983322,0.0465365189609886,1.87881310269224,0.28516059667412,1.86466782135201,0,434965,3.53422506543003e-07,0,1,434,0,0.153726420558478,1.04350351105492,0.00166480207878187,0.0229980260411595,0.859205332738584,0.0229980260411595,0.404771223885171,0.0585984583885842,,0.0201729008365467,0,0.2,0.00115315618723197,0.100902297844967,0.2,0.0997491416577355,0,1-5,0.01-0.05,0.05-0.15
Kilifi,Kaloleni,Kaloleni,0.0332589620425799,1.24183533322413,-1.62381829109496,-1.63989028960257,2.40952228460287,0.979953780263727,-0.00648773408628344,1.16567707559073,0.269747271550038,1.16411515838044,0,448801,1.32428998713798e-08,0,1,435,0,0.00594342670517511,0.0145723663151673,0.000177806653596722,0.00208492937306784,0.0402371564594119,0.00208492937306784,0.00191870965695891,0.000582168538233448,,0.00277236607490965,0,0,0.000141174062179255,0.0122928662307679,,0.0121516921685887,0,0,<0.01,0.01-0.05
Kilifi,Kaloleni,Kayafungo,-0.342719005134373,1.20052486266944,-1.38219667728553,-1.6174081783819,2.59923952220413,1.00297997679739,-0.0204363504155721,1.33444396407215,0.133992708900315,1.26203619231186,0,348760,4.63739800947136e-08,0,1,436,0,0.0161733892978323,0.0552938056925724,0.000250269311135447,0.00339795221816665,0.133660167502921,0.00339795221816665,0.0078677667371973,0.00224614492464223,,0.00460389964205437,0,0,0.000201292482914645,0.0242717176552869,,0.0240704251723723,0,0,<0.01,0.01-0.05
Kilifi,Kaloleni,Mariakani,-0.323463228867911,1.2099576214411,-1.43130995725822,-1.54369386915425,2.37031735616228,0.993238791087512,-0.314484968345725,1.161553663451,0.0394286503309616,1.02154131582012,0,680303,4.7709345190115e-08,0,1,437,0,0.0324568106608708,0.20372806661931,0.000258108372033005,0.00424529504839151,0.141689396193685,0.00424529504839151,0.0525945767092349,0.00976882023766791,,0.0045628550430981,0,0,0.000190083719985785,0.0201170890561828,,0.019927005336197,0,0,<0.01,0.01-0.05
Kilifi,Kaloleni,Mwanamwinga,-0.216144725602889,1.1847715164611,-0.0390478951065832,-1.80284674376448,2.58501666239518,1.03589130373203,0.371348872706916,1.50813675438464,0.260528051978914,1.4873503533047,0,189766,1.0814229819799e-07,0,1,438,0,0.0205217313598397,0.189339318903037,0.000335917264697919,0.00415176097481352,0.0697206092292349,0.00415176097481352,0.0708704070799946,0.0104696730851078,,0.00521541813861378,0,0,0.000272723222008682,0.023803069724747,,0.0235303465027383,0,0,<0.01,0.01-0.05
Kilifi,Kilifi North,Dabaso,0.107643180389165,1.4612701041308,-1.34331343560222,-1.47301881223769,1.61530520397596,0.340056806904286,-0.706685561657127,0.978791623918136,0.145637119001517,0.845325490460045,0,351645,6.26307048969516e-08,0,1,439,0,0.0220237742234885,0.10065942586272,0.000706493274033107,0.0077820303237239,0.114757964856389,0.0077820303237239,0.0410133819785924,0.00577704456888764,,0.0112927441995611,0,0,0.00056488953850392,0.056315289742887,,0.0557504002043831,0,0,0.01-0.05,0.05-0.15
Kilifi,Kilifi North,Kibarani,-0.083204347554052,1.40960279877611,-1.85705681137533,-1.32519661579724,1.99739282628658,0.73820678142841,-0.39625795937336,1.4365398899443,0.158444952163193,1.08812728219429,0,383758,1.15570700443082e-07,0,1,440,0,0.0443511808606361,0.218371327759577,0.000868483801726702,0.010379930338162,0.266109038995035,0.010379930338162,0.0768119001645402,0.0117635188324624,,0.0119899324389146,0,0.1,0.000664684213012283,0.055633110478237,0.1,0.0549684262652247,0,1-5,0.01-0.05,0.05-0.15
Kilifi,Kilifi North,Matsangoni,0.0644976041288639,1.39639306425735,-1.34331342198314,-1.27606376648846,1.75065321403124,0.461751787551698,-0.526943267672455,1.24244189228636,0.0817879757377207,0.898346854771873,0,261349,1.52600062076294e-07,0,1,441,0,0.0398818736235775,0.27150530861894,0.000445183921263812,0.00869910604401421,0.180708284846806,0.00869910604401421,0.0999954506452742,0.0149100193145084,,0.0144989352227249,0,0.1,0.000344937360453073,0.084733347194998,0.1,0.0843884098345449,0,1-5,0.01-0.05,0.05-0.15
Kilifi,Kilifi North,Mnarani,-0.0425790006660382,1.39847965360391,-1.86069688704592,-1.07687684882491,2.05588788341849,0.582170687066737,-0.695124629634362,1.08696964826075,0.331287670505899,0.796465594533582,0,501215,3.17938000308764e-08,0,1,442,0,0.0159355294824757,0.0758681712031694,0.000134525682775821,0.00324275829768615,0.081976448222616,0.00324275829768615,0.0196628164326514,0.00364274793195543,,0.00546818603050048,0,0,9.3745679062746e-05,0.0323330887575314,,0.0322393430784687,0,0,<0.01,0.01-0.05
Kilifi,Kilifi North,Sokoni,0.015626009043753,1.42176106623432,-1.86069671680741,-1.44496700038912,1.92750331896682,0.524833528693457,-0.926784418310411,0.808616209864031,0.429859833325699,0.663773604389162,0,589231,8.23492973294754e-09,0,1,443,0,0.00485227588147441,0.0157527408431808,9.11814906775597e-05,0.00161865695785334,0.0264123209459047,0.00161865695785334,0.00341236416666228,0.000713962264000029,,0.00289276910615728,0,0,6.99402350214594e-05,0.0177641340879581,,0.0176941938529367,0,0,<0.01,0.01-0.05
Kilifi,Kilifi North,Tezo,0.0907070042288578,1.40061703100515,-1.80957786286425,-1.33383084926945,1.85593415573465,0.600626889002919,-0.553771628168582,1.21724430325487,0.161329475452624,0.89830129862699,0,372156,6.15438559653239e-08,0,1,444,0,0.0229039152606311,0.120851049818861,0.00022379790236846,0.00561798777420535,0.13606393274868,0.00561798777420535,0.0467219676798835,0.00677660244316489,,0.00897913713623025,0,0,0.000187078508849542,0.0525462922686922,,0.0523592137598427,0,0,<0.01,0.05-0.15
Kilifi,Kilifi North,Watamu,0.116309658381031,1.46420374563266,-1.34331357082023,-1.31519031465005,1.56554122059425,0.15760415860919,-1.05677211266564,0.963082850432925,0.0807640776544875,0.706995647886072,0,343339,8.2953365198363e-08,0,1,445,0,0.0284811254538408,0.117948207297328,0.000321630773476811,0.006340320235328,0.163069607245147,0.006340320235328,0.0207140045418773,0.00503991848624058,,0.0116034795880508,0,0,0.00028123624744209,0.0636782637621444,,0.0633970275147023,0,0,0.01-0.05,0.05-0.15
Kilifi,Kilifi South,Chasimba,-0.0302600152539996,1.3253974667781,-0.830352685140358,-1.09286399190294,2.20799153527978,0.943137809122146,0.00554437901646198,1.32600328165717,0.165246246174959,1.20068299300024,0,328287,9.00245353966005e-08,0,1,446,0,0.0295538846517438,0.165072176891031,0.000478169350907337,0.00722577570912791,0.187551174369843,0.00722577570912791,0.0659568603823311,0.00939151869541653,,0.00754181903087928,0,0.1,0.000336521465635048,0.0358990839961945,0.1,0.0355625625305595,0,1-5,<0.01,0.01-0.05
Kilifi,Kilifi South,Junju,0.0473933540660124,1.38529748773916,-1.65333712420321,-1.4144060290938,2.2456845688126,0.328571517140721,-0.807857678887906,1.19783092440686,0.220385358682585,0.612775859172592,0,294269,1.80675233549139e-08,0,1,447,0,0.00531671203012716,0.0482290721955097,6.44474569583556e-05,0.00120277677409776,0.0258289530663063,0.00120277677409776,0.022446417088345,0.00294477324193099,,0.0030465579310188,0,0,4.69800224444422e-05,0.0173110772213445,,0.0172640971989001,0,0,<0.01,0.01-0.05
Kilifi,Kilifi South,Mtepeni,0.1911575372446,1.41706478460771,-1.65333732848941,-1.44285594281238,2.31209474017411,0.193956324916874,-1.04566061728826,0.851784084934601,0.42423472357247,0.270395963406217,0,596520,2.1733654114535e-09,0,1,448,0,0.00129645593524024,0.00366975617915527,2.2567729633183e-05,0.000410506912242491,0.00834579276491972,0.000410506912242491,0.000852275729918336,0.000169950529856565,,0.000907245245231741,0,0,1.97744090875768e-05,0.00540490350628222,,0.00538512909719464,0,0,<0.01,<0.01
Kilifi,Kilifi South,Mwarakaya,0.0151927853624281,1.33764229840687,-1.65333712128483,-0.886048739877262,2.34375178731601,0.806307315028756,-0.162227624418627,1.29453779513232,0.167393363872914,1.04263208200839,0,198173,8.27188869218126e-08,0,1,449,0,0.0163926499779564,0.066468876683544,0.000171492490539941,0.00362651888412123,0.107431770821984,0.00362651888412123,0.0151955075955002,0.00306297872241197,,0.00682031929878942,0,0.1,0.000130828173823299,0.0430857461349799,0.1,0.0429549179611566,0,1-5,<0.01,0.01-0.05
Kilifi,Kilifi South,Shimo La Tewa,0.29281341646336,1.41296140441518,-1.65333731487033,-1.51679564795173,2.31215782103968,0.323411449865572,-0.832543093821337,0.920825875148186,0.365236402065978,0.386062718026234,0,759708,4.67632308132633e-09,0,1,450,0,0.00355264005546826,0.0502506102823711,2.66614101333574e-05,0.00057610949524585,0.0154686837980291,0.00057610949524585,0.0248244250257824,0.00315909831676882,,0.00128720731390054,0,0,2.5116022355399e-05,0.00698606604789146,,0.00696095002553606,0,0,<0.01,<0.01
Kilifi,Magarini,Adu,-0.791163801238703,1.45762837613156,-1.36588261450843,-1.71974510728646,3.26844396637734,0.458271494375373,-0.223599721945075,1.43316171847492,-0.157370023471088,1.06811912996114,0,358761,2.61537029618171e-08,0,1,451,0,0.00938292862828446,0.0393400848715159,0.000124031077577169,0.00234198017276574,0.0505062815781199,0.00234198017276574,0.00795029524206557,0.00174686353609777,,0.00320137829349485,0,0,0.000102160530452309,0.0162904800943925,,0.0161883195639402,0,0,<0.01,0.01-0.05
Kilifi,Magarini,Garashi,-0.539270266787209,1.44655440558139,-1.64445570269058,-1.37089317536842,1.7714412575466,0.652970462188758,-0.294053821531655,1.5344286642568,0.455193763391824,1.58775075147364,0,293797,2.30566368565753e-07,0,1,452,0,0.0677397073855124,0.4562762279567,0.000719224535624471,0.0141047925049052,0.405963277131301,0.0141047925049052,0.19279285963233,0.0266220122864396,,0.0128582740846455,0,0.1,0.000479058480855126,0.0642614842460735,0.1,0.0637824257652184,0,1-5,0.01-0.05,0.05-0.15
Kilifi,Magarini,Gongoni,-0.67950958820174,1.39946026992515,-1.66480697838269,-1.24341142982119,1.3215785303346,0.756540469854812,-1.40094955054161,0.886990537292731,-0.0198453267868305,0.789896310956156,0,340652,1.07436473087447e-07,0,1,453,0,0.0365984494301848,0.161035592241075,0.000636741110474401,0.00901254577797244,0.206251640167464,0.00901254577797244,0.0428758327314302,0.00780409831851372,,0.00941681800957108,0,0.1,0.000428693556779375,0.0441640412701587,0.1,0.0437353477133794,0,1-5,<0.01,0.01-0.05
Kilifi,Magarini,Magarini,-0.50673706615228,1.44225741346766,-1.85877661326628,-1.06494842882271,1.42326215781225,0.604157336075099,-1.3893735959213,1.04062866201263,-0.0463802479735295,0.982340205480431,0,609245,1.21037146087613e-07,0,1,454,0,0.0737412760681475,0.325474278115347,0.00131177784428509,0.0147351022785024,0.442268395675579,0.0147351022785024,0.0699950016842877,0.0147192729894293,,0.0119223968331988,0,0.1,0.000805356844941035,0.0581866736523963,0.1,0.0573813168074553,0,1-5,0.01-0.05,0.05-0.15
Kilifi,Magarini,Marafa,-0.620411005221297,1.3966015478189,-1.47188418966818,-1.81089606553194,2.17692881218485,0.47748523380008,-0.104030270052549,1.69937643695328,0.354122502838847,1.56386057109701,0,228220,2.30582795601902e-07,0,1,455,0,0.0526236056122662,0.201210798012648,0.000977702402708796,0.0147173462037689,0.314702096704649,0.0147173462037689,0.0456860707817954,0.00925228493568334,,0.0194146366019281,0,0.1,0.000757195467896729,0.0899083858471674,0.1,0.0891511903792707,0,1-5,0.01-0.05,0.05-0.15
Kilifi,Magarini,Sabaki,-0.217507712819212,1.46250830848635,-1.87848112661904,-1.00206749334384,1.41062109332967,0.23650086575785,-1.35951180758126,0.846400191886347,0.0200482290967792,0.870390726677561,0,295777,6.37217594781077e-08,0,1,456,0,0.0188474308531563,0.0530459848341466,0.000435318588729343,0.00686695209856037,0.115210811626868,0.00686695209856037,0.00932298017360569,0.00226709836661024,,0.00977697270734185,0,0,0.000308708042345771,0.0435524471931215,,0.0432437391507758,0,0,<0.01,0.01-0.05
Kilifi,Malindi,Ganda,-0.0293633192007442,1.47022872414322,-1.87848094081586,-1.17392642074065,1.50862284412395,0.383043222320834,-1.03537915066393,1.17205595385647,0.0580823154139768,1.0760947505298,0,298998,1.61965523553075e-07,0,1,457,0,0.0484273676113223,0.234711159303339,0.000436614160575257,0.00943566228719483,0.311797962859646,0.00943566228719483,0.0663286958721339,0.0116172136202627,,0.0175673477481313,0,0.1,0.00032952421085303,0.107942162442128,0.1,0.107612638231275,0,1-5,0.01-0.05,0.05-0.15
Kilifi,Malindi,Jilore,-0.312289761699756,1.41729003383925,-1.47655075390122,-1.72916862561591,1.88435498398398,0.625098707835529,-0.233732167911159,1.43322293652755,0.422946152625067,1.52778413250378,0,238863,1.20621298060373e-07,0,1,458,0,0.0288119651185949,0.184820211129427,0.000556826481860534,0.00750451154163814,0.127263519123627,0.00750451154163814,0.0728880920489304,0.0104543759515945,,0.0103439218557676,0,0.1,0.000459296613146599,0.0500144318293766,0.1,0.04955513521623,0,1-5,0.01-0.05,0.01-0.05
Kilifi,Malindi,Kakuyuni,-0.119442780734039,1.47545021318075,-1.72802763712214,-0.733312007784827,1.60052007201931,0.541130731740724,-0.809136328668934,1.36392305703907,0.181931522540172,1.29903117769334,0,186071,2.67040288895588e-06,0,1,459,0,0.496884535950909,14.3519592382217,0.00101639735246538,0.0130479327375724,0.261233689813301,0.0130479327375724,7.17498787035684,0.907634877874928,0.3,0.0174528759022978,0,0.1,0.000851801559544982,0.0850284914066367,0.1,0.0841766898470918,1-5,1-5,0.01-0.05,0.05-0.15
Kilifi,Malindi,Malindi Town,-0.218091467249876,1.46230270104394,-1.87848114023812,-1.22347573356987,1.45053048159873,0.190160502740944,-1.36136829654482,0.809664247978506,0.0155812482696342,0.794869140880985,0,584869,8.57866294518131e-08,0,1,460,0,0.0501739401808525,0.1916342023761,0.00061869457439428,0.011630394935914,0.351060533906968,0.011630394935914,0.0628265384972916,0.0100335047540951,,0.0196639892577812,0,0.1,0.000429734823645645,0.102807728788061,0.1,0.102377993964416,0,1-5,0.01-0.05,0.05-0.15
Kilifi,Malindi,Shella,0.0786699635605832,1.4622957562685,-1.87848090774096,-1.52922808195247,1.46119080690241,-0.0143810168880631,-1.57805827778051,0.383161072669913,0.615721581156655,0.337580780347532,0,678681,4.66935811544693e-09,0,1,461,0,0.00316900463514964,0.00978702634857425,5.82246252055223e-05,0.00101747853131571,0.018473742464036,0.00101747853131571,0.00174655743589907,0.000419954939050649,,0.00224522036582813,0,0,5.41748287881487e-05,0.012948383298579,,0.0128942084697909,0,0,<0.01,0.01-0.05
Kilifi,Rabai,Kambe/Ribe,0.144018348591014,1.34812589289587,-1.65333721856398,-1.26243197077105,2.51129661213589,0.815899767506851,-0.118796701297872,1.27629926011967,0.164486162720578,0.843063868514762,0,205597,1.27734290618049e-08,0,1,462,0,0.0026261786948199,0.00513076164676732,7.56573577629922e-05,0.00111044652703723,0.0154899260716692,0.00111044652703723,0.000584068340835907,0.00019918865467695,,0.00198185847702606,0,0,6.50104578815031e-05,0.0115630541985452,,0.0114980437406637,0,0,<0.01,0.01-0.05
Kilifi,Rabai,Mwawesa,0.134798405472888,1.3563316010422,-1.65333723510144,-1.21702893149573,2.54331236776741,0.923247784174554,0.00917995889603904,1.2679370876385,0.112868043764509,0.844174370074983,0,129741,1.42503747549e-08,0,1,463,0,0.00184885787107548,0.00561764187549695,4.71537309573277e-05,0.00074227321830803,0.0109117688741377,0.00074227321830803,0.00186545541907141,0.000295627194012496,,0.00128561503562932,0,0,4.37765487486949e-05,0.00735395453815076,,0.00731017798940207,0,0,<0.01,<0.01
Kilifi,Rabai,Rabai/Kisurutini,0.032613168455821,1.30764641031894,-1.6533371932714,-1.37877271839721,2.49281119070265,0.936549647211064,-0.0212275479349002,1.20708789121776,0.106049909993298,0.753634444232334,0,694270,5.05469376721171e-09,0,1,464,0,0.00350932224176207,0.0247477296246746,6.35746532862668e-05,0.000852770885719932,0.0165704210814358,0.000852770885719932,0.0101053551480328,0.00142171070197379,,0.00116420471526007,0,0,4.96076297608369e-05,0.00599116580401508,,0.00594155817425424,0,0,<0.01,<0.01
Kilifi,Rabai,Rurumaward,-0.0652748685326539,1.30492405834849,-1.65333725650284,-1.53389273949221,2.51720029919793,0.973177969777185,-0.0379844322156054,1.24845678221945,0.0735620560140119,1.000432390332,0,202655,2.13314454557834e-08,0,1,465,0,0.00432292407884178,0.0130584051560969,0.000108179585323978,0.00147831165190876,0.028377996999754,0.00147831165190876,0.00261914928729287,0.000578592574622572,,0.00250208126741964,0,0,9.00219773968896e-05,0.0137064039921989,,0.013616382014802,0,0,<0.01,0.01-0.05
Kirinyaga,Kirinyaga Central,Inoi,1.05943688952059,-1.90009085706231,0.892892126808789,-0.112719358504416,0.319805454789702,-0.461621979640039,-0.100863478857971,-0.97282613720854,-0.763178901127225,-1.43775751313433,0,346041,1.09572676322512e-09,0,1,466,0,0.000379166384873182,0.000768482327411919,1.08162299481379e-05,0.000154223365442963,0.00203495368187989,0.000154223365442963,0.000111670497769954,3.13642073700453e-05,,0.000361282520545472,0,0,9.95555102364205e-06,0.00202601217105696,,0.00201605662003332,0,0,<0.01,<0.01
Kirinyaga,Kirinyaga Central,Kanyekini,-0.307925466002147,-0.448528198656714,-0.542193760621106,0.941194669073037,-0.398533954242191,0.0579834352070692,-0.107491729438107,-0.936324363077413,-0.702851667309943,-1.39680110881601,0,526369,2.405702507781e-07,0,1,467,0,0.126628722331817,0.385360764961676,0.00212282671942978,0.0260029858313468,1.07915590911282,0.0260029858313468,0.049432528477901,0.0153125649912631,,0.016181157824709,0,0.2,0.00102884993151519,0.0778301604616114,0.2,0.0768013105300962,0,1-5,0.01-0.05,0.05-0.15
Kirinyaga,Kirinyaga Central,Kerugoya,0.0754448108499089,-0.789678857565294,0.115790272845651,0.368796562153784,-0.376868830962166,0.0318562324706061,-0.0633467631247797,-0.992417076205415,-0.692922552391889,-1.42743454810939,0,473697,1.66504981964965e-08,0,1,468,0,0.0078872910441858,0.018716515455875,0.000228437206821039,0.00290625181637594,0.0430918928069605,0.00290625181637594,0.00354801628065767,0.000816264439467847,,0.00344020441964738,0,0,0.000140190795707298,0.0149026350968529,,0.0147624443011456,0,0,<0.01,0.01-0.05
Kirinyaga,Kirinyaga Central,Mutira,0.417433565141038,-1.04407916980136,-0.224807490222886,0.789005859273611,-0.27695232016461,-0.353636787624141,-0.217514009276052,-1.01369207214491,-0.715927901664035,-1.44638057792949,0,315399,2.32065939443186e-08,0,1,469,0,0.00731933652344415,0.0235338886351781,9.23795134153653e-05,0.0024693447159742,0.0393974003508964,0.0024693447159742,0.00648958824943083,0.00115464450177647,,0.00501331182391561,0,0,7.26353902265946e-05,0.023477347072713,,0.0234047116824864,0,0,<0.01,0.01-0.05
Kirinyaga,Kirinyaga East,Baragwi,-0.0186509866694685,-0.735774071834154,-0.0721490502299777,0.892934397325588,-0.479660294830295,-0.0276170835151814,-0.0101767831063217,-0.93633479678577,-0.699965634184861,-1.41713679926248,0,287365,2.84457747703176e-07,0,1,470,0,0.0817432006687232,0.370317922143236,0.00210610338649677,0.0206087067011508,0.468018258496363,0.0206087067011508,0.107441379608286,0.0185056704137944,,0.0194521542486196,0,0.2,0.00141959123615964,0.0889663629610346,0.2,0.087546771724875,0,1-5,0.01-0.05,0.05-0.15
Kirinyaga,Kirinyaga East,Kabare,0.0971547388444471,-0.84913806065937,0.278589382723225,0.889330191625427,-0.419062258031346,0.0807866520068018,-0.154521581229319,-0.939159642651232,-0.714628732539688,-1.39389197332653,0,499027,3.41070387897856e-08,0,1,471,0,0.0170203332461503,0.0896551313729697,0.000254867794543916,0.00390401925801404,0.0984703464255904,0.00390401925801404,0.0356897376587809,0.00509236139251469,,0.00333725372161117,0,0,0.00019564093689965,0.0145534648630661,,0.0143578239261664,0,0,<0.01,0.01-0.05
Kirinyaga,Kirinyaga East,Karumandi,0.335205066106423,-1.043949463844,0.902178393965269,0.999988673723259,-0.460800138957815,-0.0960950484488041,0.010934108583712,-0.925327242228746,-0.745200781578129,-1.43050589028743,0,232515,3.34252945749033e-08,0,1,472,0,0.00777188236808365,0.0223031648172977,0.000145874501571879,0.0025006324028993,0.0475458890485299,0.0025006324028993,0.0035693251843835,0.000931031944376986,,0.00328845038551864,0,0,0.000117747883449922,0.0160356661201953,,0.0159179182367454,0,0,<0.01,0.01-0.05
Kirinyaga,Kirinyaga East,Ngariama,0.123517102949641,-0.852551382710957,0.902178376455017,1.16857470346012,-0.546945073868489,-0.262794488693186,-0.0192192136295011,-0.856675289289758,-0.833849430484169,-1.3944377375706,0,232298,1.25513778127722e-07,0,1,473,0,0.0291565996315135,0.105522134500412,0.000360423850246081,0.00786888222053024,0.179304341786042,0.00786888222053024,0.0277357251399628,0.00509106416581284,,0.00756407059549965,0,0.1,0.000220422510290472,0.0354018713571714,0.1,0.035181448846881,0,1-5,<0.01,0.01-0.05
Kirinyaga,Kirinyaga East,Njukiine,-0.0782074706580757,-0.591504709936028,-0.197667996042214,1.22521001668686,-0.563540285689354,0.0612999267648806,-0.18198955716083,-0.8568341371367,-0.741636834180257,-1.3246320900385,0,417099,1.46758330877577e-07,0,1,474,0,0.0612127530507067,0.211583830525479,0.000800925204742213,0.0136591686800072,0.398757878305588,0.0136591686800072,0.0341859434134879,0.00885297710820082,,0.00774623180140874,0,0.1,0.000377431441831341,0.0340413292768266,0.1,0.0336638978349952,0,1-5,<0.01,0.01-0.05
Kirinyaga,Kirinyaga North/Mwea West,Kangai,-0.43433242307721,-0.211635174247124,-0.542189443372673,1.1931122550845,-0.393840311621719,0.628417851318748,-0.114247566690482,-0.820515123147971,-0.581919662153913,-1.28297897899764,0,155430,3.54496944625081e-07,0,1,475,0,0.0550994601030764,0.252863821339915,0.000684333896238602,0.0107756163676705,0.351332406700161,0.0107756163676705,0.0613544005685201,0.0118766491382973,,0.00787391276441171,0,0.2,0.000357375928778398,0.0366787183527295,0.2,0.0363213424239511,0,1-5,<0.01,0.01-0.05
Kirinyaga,Kirinyaga North/Mwea West,Mutithi,-0.52220000209656,0.00913986816922062,-0.532816881832472,1.38238148652244,-0.340336741089071,0.387048685899741,0.0803926024336586,-0.631079929456052,-0.522248263517675,-1.17849515716938,0,350837,1.37426439134563e-06,0,1,476,0,0.482142796266528,3.07731408021525,0.00215711505974203,0.0528997352305203,2.86090393214369,0.0528997352305203,0.896397872250245,0.154006395012651,0.1,0.0156624023362068,0,0.8,0.000913785642988458,0.0626978790537057,0.8,0.0617840934107172,1-5,1-5,0.01-0.05,0.05-0.15
Kirinyaga,Kirinyaga North/Mwea West,Thiba,-0.423978450388461,0.0179192568560439,-0.542189120405896,0.191559267848671,-0.3817658667519,0.739065145782701,-0.19035224801083,-0.777566525380693,-0.446240183817279,-1.13109495278732,0,126939,1.57641425096868e-07,0,1,477,0,0.0200108448603714,0.088495123068985,0.000394418989146974,0.00548149133442689,0.123146138827828,0.00548149133442689,0.0212341322775522,0.0041414259498363,,0.00653359311517764,0,0.1,0.000263341682186636,0.0288457961711515,0.1,0.0285824544889649,0,1-5,<0.01,0.01-0.05
Kirinyaga,Kirinyaga North/Mwea West,Wamumu,-0.533909025861926,0.100369735295676,-0.512351079403277,0.595590088170877,-0.346766215690088,0.514612544158307,0.120311636954413,-0.593158924331087,-0.499629388365687,-0.987942506825661,0,95155,5.93237359959834e-07,0,1,478,0,0.056449500986978,0.209898482829392,0.00128496061468481,0.0165972253890934,0.314814527926274,0.0165972253890934,0.049396408251104,0.00976167599764669,0.1,0.0140463078759869,0,0.3,0.000927348159082202,0.0614504537701629,0.3,0.0605231056110807,1-5,1-5,0.01-0.05,0.05-0.15
Kirinyaga,Kirinyaga South,Gathigiriri,-0.427566110452096,0.138352886775393,-0.542189334420031,0.372106981447202,-0.411054824102536,0.817273846422146,-0.145221444722661,-0.650859427818084,-0.561559019357439,-1.03721990817429,0,103903,3.21733205949896e-07,0,1,479,0,0.0334290452978121,0.120436672631874,0.000769662464947049,0.0112500869083265,0.187916222610621,0.0112500869083265,0.0290236957874316,0.00564416168937025,,0.0109857281365599,0,0.2,0.000545041742303956,0.0444319449184995,0.2,0.0438869031761956,0,1-5,0.01-0.05,0.01-0.05
Kirinyaga,Kirinyaga South,Murinduko,-0.433041581320037,-0.0221800869524056,-0.542189209902722,1.13746634209353,-0.501044623014119,0.514600633300081,-0.334179169000942,-0.694000431747797,-0.620552188619405,-1.12334190899236,0,345478,8.17671550164305e-07,0,1,480,0,0.282487531807664,1.09476487307174,0.00182398079736234,0.0369513260777361,2.03161889151138,0.0369513260777361,0.171148421232602,0.0454438815932572,0.1,0.0161997606243345,0,0.6,0.000810590536821283,0.0730749764361278,0.6,0.0722643858993065,1-5,1-5,0.01-0.05,0.05-0.15
Kirinyaga,Kirinyaga South,Nyangati,-0.450899694602715,-0.301513966879897,-0.542189447263821,1.03578856982803,-0.486364171196541,0.745629972569537,-0.292039495180934,-0.823263948768149,-0.570202095586351,-1.25972096738852,0,239511,1.7520605790778e-07,0,1,481,0,0.0419637781355503,0.144021028112084,0.000650050887094241,0.00930890357857701,0.279876330425426,0.00930890357857701,0.0228013135326693,0.00599642648607036,,0.00610889362324406,0,0.1,0.000343046166170424,0.0254202842907173,0.1,0.0250772381245468,0,1-5,<0.01,0.01-0.05
Kirinyaga,Kirinyaga South,Tebere,-0.471757919577154,0.147683929139195,-0.542189509522487,0.443695596999949,-0.39540258597753,0.735524602847686,-0.0778324501779894,-0.602376266319847,-0.533773960207177,-1.08995882603558,0,191436,3.16267145495374e-07,0,1,482,0,0.0605449172650524,0.443617987591951,0.00107212850517617,0.0146540831321296,0.364751220066379,0.0146540831321296,0.206750925454575,0.0271045091737916,,0.00994594518837645,0,0.2,0.000554585789222005,0.0376384168883114,0.2,0.0370838310990894,0,1-5,<0.01,0.01-0.05
Kirinyaga,Kirinyaga West,Kariti,-0.112006199112485,-0.441371081451763,-0.550220179193177,1.17493102783653,-0.250864546252827,-0.686081050008504,-0.0391591314026913,-0.858483301373418,-0.670221918114421,-1.34640149999295,0,237629,7.42278625757104e-08,0,1,483,0,0.0176386927560035,0.115339259007756,0.000374426362107422,0.00530981894155313,0.0839129626509545,0.00530981894155313,0.0486233342372002,0.00672255729343,,0.00558527131904964,0,0,0.000236351317588502,0.0256572266508103,,0.0254208753332218,0,0,<0.01,0.01-0.05
Kirinyaga,Kirinyaga West,Kiine,-0.0805896393645516,-0.674612977863067,-0.573606223724025,0.97215879834501,-0.271767073014753,-0.19393970088527,-0.120171941057704,-0.860220192221183,-0.653018555463415,-1.36805936718576,0,310688,2.97187914267341e-08,0,1,484,0,0.00923327187078917,0.026047777670394,0.000189198826440717,0.00330150547738245,0.0611966540745449,0.00330150547738245,0.00387984133780911,0.00106908576599223,,0.0032715463226637,0,0,0.000149525568666343,0.0138107879296013,,0.0136612623609349,0,0,<0.01,0.01-0.05
Kirinyaga,Kirinyaga West,Mukure,0.0813249601662406,-0.846167801250671,-0.612007845116894,0.748247785333243,-0.277559516117927,-0.712306406060708,-0.266414700795898,-0.951778676551761,-0.755311561670415,-1.42974537570377,0,214103,1.7383551189219e-08,0,1,485,0,0.00372187046026536,0.0072892940005076,0.000151988943143231,0.00192673387588588,0.0166709253954705,0.00192673387588588,0.00172467264350643,0.000339585591195324,,0.00263277982379273,0,0,0.00013774661034254,0.0105250784255265,,0.0103873318151839,0,0,<0.01,0.01-0.05
Kisii,Bobasi,Basi Central,1.30832602922811,-0.720863218080103,2.03951879483636,1.64585254231229,0.682312605938565,1.35256452890468,0.219407104884319,-0.167728326204506,-0.314559772351487,1.21415181899381,0,214870,9.00524667398447e-08,0,1,486,0,0.0193495735283904,0.0861127780421741,0.000338648761212095,0.00446352295574083,0.139481361383273,0.00446352295574083,0.0249268417366845,0.00429963703782745,,0.00340306321261054,0,0.1,0.00017625466934271,0.0138334488837512,0.1,0.0136571942144085,0,1-5,<0.01,0.01-0.05
Kisii,Bobasi,Bassi Bogetaorio,1.10308327660824,-0.74265564279761,2.03951879483636,1.51889210797051,0.756599702032682,1.31035243123996,0.041667779533199,-0.229609553123237,-0.124918700988546,1.28110790986279,0,327706,5.09421260601391e-08,0,1,487,0,0.0166940403626639,0.0675928747137802,0.000176575111927735,0.00360223581493294,0.123133498605503,0.00360223581493294,0.0155888187969739,0.00312339784554114,,0.00270923540277221,0,0,8.60434126681393e-05,0.0136524148544199,,0.0135663714417517,0,0,<0.01,0.01-0.05
Kisii,Bobasi,Bobasi Boitangare,1.73900370102297,-0.665643765314366,2.04931230658283,1.67870605880157,0.691442453052458,1.26043539039666,0.149573999593332,-0.185741319301604,-0.204207265321137,1.01884554269393,0,211147,2.28056164719579e-08,0,1,488,0,0.0048153375012045,0.0151982000440833,0.000120547004205675,0.00164659558840316,0.0300727087098297,0.00164659558840316,0.00271675902124963,0.000652432211960919,,0.00163325707982951,0,0,6.78024276920927e-05,0.00645158977222042,,0.00638378734452833,0,0,<0.01,<0.01
Kisii,Bobasi,Bobasi Chache,1.61674925889247,-0.284004013382053,1.0179821766542,1.79028688119449,0.748145672624521,1.11837036701493,0.209083760990888,-0.146463183569945,-0.149126131413618,1.13856922398683,0,184691,4.70136739593599e-08,0,1,489,0,0.00868300245722815,0.0247289286961458,0.000172191517192077,0.00289264952859395,0.062685282517413,0.00289264952859395,0.00366636310986852,0.00101387855088524,,0.00286791862433247,0,0,0.000111111430621335,0.0124464569718801,,0.0123353455412588,0,0,<0.01,0.01-0.05
Kisii,Bobasi,Masige East,1.39826114085774,-0.65305639491338,1.98739735284382,1.67333700577392,0.736805608372118,1.31554122375815,0.141717619102278,-0.148680363835213,-0.183962569886976,1.16735473902128,0,149721,5.74346455948962e-08,0,1,490,0,0.00859917257311345,0.023894675485019,0.000138028518910467,0.00267550967477201,0.0559400140441501,0.00267550967477201,0.00324274739302073,0.00096070533760286,,0.00253039494804481,0,0,8.47665607379014e-05,0.0115767092994029,,0.011491942738665,0,0,<0.01,0.01-0.05
Kisii,Bobasi,Masige West,1.31846114489593,-0.531889565066293,1.59910703182702,1.67095957121062,0.775207704931712,1.27680474445575,0.111896385161739,-0.187602203000829,-0.0835568764169947,1.18573855065396,0,164276,5.10087963916899e-08,0,1,491,0,0.00837952103604126,0.0653721634367408,0.000169011314523426,0.00222665050172458,0.0374887188656833,0.00222665050172458,0.0266670160394561,0.00375381950202729,,0.00217919046426069,0,0,9.95827169545611e-05,0.00882392946493066,,0.0087243467479761,0,0,<0.01,<0.01
Kisii,Bobasi,Nyacheki,1.09444919625642,-0.860637065496013,2.0395189154625,1.41910957736157,0.685992095778383,1.31644688305262,0.217258371404616,-0.266342873632907,-0.228041981274285,1.20000912114414,0,299688,1.1176524451222e-07,0,1,492,0,0.033494702597378,0.327790652213227,0.000171341039225443,0.00352688093780621,0.161040209525896,0.00352688093780621,0.146891633067014,0.0196558931613285,,0.0026031421369085,0,0.1,0.000103521420201292,0.011470557205996,0.1,0.0113670357857947,0,1-5,<0.01,0.01-0.05
Kisii,Bobasi,Sameta Mokwerero,1.65431771322643,-0.43268162409939,1.3849903928634,1.66601895669281,0.746534212242442,1.19100962396058,0.1342009486113,-0.156306954698023,-0.108519137410541,1.08835773646838,0,211763,2.65001772401499e-08,0,1,493,0,0.00561175703290587,0.01806532422546,0.000130580017844546,0.0020138517089404,0.0348842321777683,0.0020138517089404,0.00421912257140637,0.00083811645328012,,0.00202311087073535,0,0,9.73445965545635e-05,0.00905091848189122,,0.00895357388533665,0,0,<0.01,<0.01
Kisii,Bomachoge Borabu,Bokimonge,1.10457729641829,-0.511005853692041,1.29995780526413,1.56922538343948,0.869493822255081,1.15857967457158,0.123492518849677,-0.151195160382327,-0.111664159270145,1.27426877086788,0,335566,5.01527485953148e-08,0,1,494,0,0.0168295572351354,0.063410245626463,0.000214196375473087,0.00390058892377572,0.119078204906895,0.00390058892377572,0.0154452539626089,0.00298205166293524,,0.00285869034528695,0,0,0.000127494646539447,0.0124163521161218,,0.0122888574695824,0,0,<0.01,0.01-0.05
Kisii,Bomachoge Borabu,Bombaba Borabu,1.12521357431802,-0.663100153624817,1.8021647052355,1.56858139512034,0.827623812488572,1.29161695357548,-0.00811300550624313,-0.264810603347393,-0.0264554176181301,1.25078941673332,0,243593,4.23099874043976e-08,0,1,495,0,0.0103064167617994,0.0669641275406859,0.000137195596821868,0.00198776921004499,0.0611305683220661,0.00198776921004499,0.0251410119772756,0.00370764885614106,,0.001719273839868,0,0,8.45183273520841e-05,0.00752031720305596,,0.00743579887570388,0,0,<0.01,<0.01
Kisii,Bomachoge Borabu,Boochi Borabu,1.0772117400626,-0.73141359465203,2.0395188259657,1.47085377269338,0.803416445081667,1.29161695357548,-0.00811300550624313,-0.264810603347393,-0.0264554176181301,1.25078941673332,0,154277,4.62645064800466e-08,0,1,496,0,0.00713754926622215,0.0506546288996351,0.000142154151330528,0.00178809151846319,0.0343283826799048,0.00178809151846319,0.0225715777728136,0.00302939193644878,,0.00174189293589953,0,0,8.32481102829691e-05,0.00751910879464417,,0.0074358606843612,0,0,<0.01,<0.01
Kisii,Bomachoge Borabu,Magenche,1.06848668787851,-0.44546281686933,1.07192330287236,1.55848940627118,0.933121615978478,0.948538696057856,0.295427138816137,0.023477846305392,-0.166539605202065,1.28608493006534,0,299354,3.89205910621613e-07,0,1,497,0,0.116510346168222,0.515361460005748,0.00209693421228331,0.0234335004852927,0.76276939200642,0.0234335004852927,0.138298513747751,0.0250439263280594,,0.0141868000170949,0,0.3,0.00115270869756167,0.0553471805614838,0.3,0.0541944718639222,0,1-5,0.01-0.05,0.05-0.15
Kisii,Bomachoge Chache,Boochi Tendere,1.34311412105659,-0.325741762999119,1.07192357136282,1.57621079392598,0.820620983966173,1.25627906060735,0.103529258970512,-0.173122921457725,-0.0517102438334251,1.1671795388587,0,373066,1.55282229374664e-07,0,1,498,0,0.0579305201838884,0.357040160311955,0.000921445771648337,0.011950020097154,0.363564716402798,0.011950020097154,0.144677567373437,0.0204408140120248,,0.00929565765513077,0,0.1,0.000615200522074039,0.0416415686910301,0.1,0.0410263681689561,0,1-5,<0.01,0.01-0.05
Kisii,Bomachoge Chache,Bosoti Sengera,1.24189360479217,-0.392516480297437,1.07192360249213,1.57652427253754,0.871855262982139,1.01428828473968,0.249286070430088,0.0166380583717053,-0.112465861782651,1.13523120232624,0,359231,2.91808544974569e-07,0,1,499,0,0.104826675419759,0.429378023363319,0.00126013470922528,0.0200614490412008,0.671296438910327,0.0200614490412008,0.0894599884667382,0.0192360717706365,,0.0124539991868802,0,0.2,0.000769666853747722,0.0491494887979704,0.2,0.0483798219442227,0,1-5,0.01-0.05,0.01-0.05
Kisii,Bomachoge Chache,Majoge Basi,1.34753911085353,-0.257251405571417,0.905708840903685,1.63668342597998,0.826193922706045,1.1117341299225,0.223108052847155,-0.223099804466148,-0.0402263885028708,0.934539463981259,0,209287,1.2950811613859e-07,0,1,500,0,0.0271043651022971,0.150225685646601,0.000636158584083724,0.00775211846813115,0.189223361199667,0.00775211846813115,0.0621512780722023,0.00868134526101001,,0.00805584726179846,0,0.1,0.000446105949680527,0.0328666607113656,0.1,0.0324205547616851,0,1-5,<0.01,0.01-0.05
Kisii,Bonchari,Bogiakumu,1.63094826509191,-0.237312814999533,0.853421034063367,1.57094765302686,0.728033787792539,0.991133831895864,0.0969653366750203,-0.39076512888007,-0.0401062311449824,0.97433172135743,0,365721,6.83894189605921e-08,0,1,501,0,0.0250114466916867,0.11651746738227,0.000630053019086776,0.00651963501434279,0.118330738288641,0.00651963501434279,0.0265672636830743,0.00536486712995928,,0.00731200237082233,0,0,0.000418383746983624,0.0318978222766772,,0.0314794385296935,0,0,<0.01,0.01-0.05
Kisii,Bonchari,Bomariba,1.14534154412442,-0.144730961439175,0.853420572960226,1.50193126519839,0.787998288114576,1.07161331440155,0.217396769449528,-0.152852448493613,-0.158435849648188,1.025265434783,0,211014,3.35423475808466e-07,0,1,502,0,0.0707790493242477,0.33198563498561,0.00178671464177,0.0164585776132474,0.421235420487944,0.0164585776132474,0.103296150358521,0.017031329743321,,0.0161767657572277,0,0.2,0.0011564905868191,0.0733503603408698,0.2,0.0721938697540507,0,1-5,0.01-0.05,0.05-0.15
Kisii,Bonchari,Bomorenda,1.29413517236728,-0.237317234402099,0.853420724715695,1.50886345350976,0.763856388416804,1.08737091225652,0.106164585011964,-0.280083723750894,-0.0617852179377789,0.932335698144055,0,366530,1.02194676188288e-07,0,1,503,0,0.0374574146632934,0.114655968888387,0.00089578525930466,0.0108871889559317,0.253312768498332,0.0108871889559317,0.0233170411195971,0.00510043925488167,,0.00929498463905007,0,0.1,0.000649342935067854,0.0402206213605907,0.1,0.0395712784255229,0,1-5,<0.01,0.01-0.05
Kisii,Bonchari,Riana,1.14007729058621,-0.221564449387751,0.853420543776479,1.31142674707555,0.813608437580694,1.0085967877008,0.321430813588984,-0.189788542113453,-0.0406364248263539,0.850107626044864,0,362861,3.58587672872094e-08,0,1,504,0,0.0130117481566041,0.0859592182412955,0.000200027768693622,0.00269450242758813,0.0701523181963942,0.00269450242758813,0.0229589850925353,0.00417032286846513,,0.00210669081247121,0,0,0.000122751154539389,0.0077381927705623,,0.00761544161602291,0,0,<0.01,<0.01
Kisii,Kitutu Chache North,Kegogi,1.63604464295757,-0.2855574684528,2.22986579230888,1.43464779139233,0.647507994093548,1.2190655383467,0.458265387381805,-0.375068908285134,-0.65361632019224,0.960882996204175,0,171790,1.45964496129268e-07,0,1,505,0,0.0250752407900469,0.14493709395372,0.000356120058506984,0.00537313529565478,0.120114588895407,0.00537313529565478,0.0389832464941286,0.00704883033358015,,0.0051421511550255,0,0.1,0.000228543675128744,0.0238571726808072,0.1,0.0236286290056784,0,1-5,<0.01,0.01-0.05
Kisii,Kitutu Chache North,Marani,1.43263979158844,-0.352701170789387,1.99001949662549,1.37987472207357,0.75801271342145,1.20593008947731,0.420177824059695,-0.351352737159959,-0.498500912552645,1.02719839487496,0,247490,7.50451352423781e-08,0,1,506,0,0.0185729205211362,0.0610327987949626,0.000203016682932149,0.00452073237815616,0.127152148520355,0.00452073237815616,0.0097698865161088,0.00254792843911404,,0.00404075848011666,0,0.1,0.000147806442253084,0.0164570886332305,0.1,0.0163092821909775,0,1-5,<0.01,0.01-0.05
Kisii,Kitutu Chache North,Monyerero,1.75026817526741,-0.586116335840306,2.22986554716543,1.41883761204663,0.692590183828183,1.32562882204276,0.408301712608717,-0.40302823867336,-0.863737960506523,1.04840063402991,0,276730,1.17407264509917e-07,0,1,507,0,0.0324901123078294,0.205416449728879,0.000242776855518325,0.00485836563009031,0.134400924652968,0.00485836563009031,0.0575202475351845,0.0101337383758447,,0.00462209126936527,0,0,0.000146331242026162,0.019276653735451,,0.0191303224934249,0,0,<0.01,0.01-0.05
Kisii,Kitutu Chache North,Sensi,1.58373432740667,-0.376760608716233,2.22986561331525,1.52774082680851,0.723157977861633,1.2430923047081,0.513982820468568,-0.353659864168485,-0.591775235615964,1.0162100353749,0,242409,1.00725582388069e-07,0,1,508,0,0.0244167877011094,0.124947806054481,0.000356060276707513,0.00447633741872424,0.131466007833109,0.00447633741872424,0.0280606203819095,0.00572590601701493,,0.00370980885314637,0,0.1,0.000201998063526031,0.0146476224232772,0.1,0.0144456243597512,0,1-5,<0.01,0.01-0.05
Kisii,Kitutu Chache South,Bogeka,1.53484135505962,-0.122954109854478,1.14847182216317,1.63216858886325,0.754000088415893,1.14726753676487,0.533852896878623,-0.253144526087316,-0.301417781482651,1.04026602340509,0,129836,9.50698158295172e-08,0,1,509,0,0.0123434846080412,0.104120010210931,0.000201151558871809,0.00358331225917161,0.0438599005588645,0.00358331225917161,0.0494677614661191,0.00642117976232226,,0.00394375208361758,0,0,0.000127775134238575,0.0181427849248731,,0.0180150097906346,0,0,<0.01,0.01-0.05
Kisii,Kitutu Chache South,Bogusero,1.2346646285775,-0.0330498530450743,0.853420535994158,1.30094730079142,0.759148339490544,1.14726753676487,0.533852896878623,-0.253144526087316,-0.301417781482651,1.04026602340509,0,250300,1.02116846301318e-07,0,1,510,0,0.02555984662922,0.144450645017224,0.000305638599923569,0.00532068119597982,0.144125148568908,0.00532068119597982,0.0412604440665089,0.00717747008775175,,0.00506364275515822,0,0.1,0.000241436357545876,0.0214974070070973,0.1,0.0212559706495514,0,1-5,<0.01,0.01-0.05
Kisii,Kitutu Chache South,Kisii Central,1.76766361169956,-0.419847188051081,1.50223607038262,1.40675724273443,0.688882222354451,0.945760125550396,-0.0864937994737019,-0.626215068915554,-0.0844838944312093,0.606620669038838,0,599912,7.48811219751098e-09,0,1,511,0,0.00449220836463321,0.0171752098202181,0.000136662442933009,0.00166387643607676,0.025728312622684,0.00166387643607676,0.00590181172820199,0.000916391170884062,,0.00151889075330849,0,0,0.000112839180971506,0.00574051267763456,,0.00562767349666306,0,0,<0.01,<0.01
Kisii,Kitutu Chache South,Nyakoe,1.67221464170416,-0.31089172864207,1.49620023798319,1.57665573131012,0.738787881950453,1.14158556491226,0.18824243547158,-0.446081967831456,-0.162425362801596,0.887699999356573,0,224118,3.62492839674138e-08,0,1,512,0,0.00812411702420885,0.0196911016844616,0.000316626225292737,0.0032815712472489,0.0464285840567213,0.0032815712472489,0.00284317865932909,0.000802505716774045,,0.003173594301512,0,0,0.000220548798915805,0.0123046765395019,,0.0120841277405861,0,0,<0.01,0.01-0.05
Kisii,Kitutu Chache South,Nyatieko,1.7229035352145,-0.606706683064355,2.22686669184133,1.50507669574888,0.717986540306671,1.10038458070151,0.160260980822305,-0.508026489598991,-0.300750470169199,0.770805857098979,0,223462,1.50515288326137e-08,0,1,513,0,0.00336344473599352,0.00804857043650484,0.000130510317067955,0.00134203681208649,0.0194264394631364,0.00134203681208649,0.00115777753880526,0.000327742425804681,,0.00150003943770135,0,0,9.92830966900443e-05,0.00559141348199245,,0.00549213038530241,0,0,<0.01,<0.01
Kisii,Nyaribari Chache,Birongo,1.41230589778833,-0.873425132892152,2.1425921967258,1.74517257221931,0.55380563050993,1.4444572490646,0.190565548841308,-0.281190081005209,-0.551542699235906,0.913970851521325,0,237817,1.39489034478018e-07,0,1,514,0,0.0331728637124589,0.146418732066943,0.000377522719132754,0.00577502473116477,0.224731057374215,0.00577502473116477,0.0290653179040374,0.00646841896432734,,0.00401631154917354,0,0.1,0.000190440147877966,0.0172061787151335,0.1,0.0170157385672555,0,1-5,<0.01,0.01-0.05
Kisii,Nyaribari Chache,Bobaracho,1.71318758406273,-0.624550336529302,2.22986575728837,1.57223456522164,0.635465174900927,1.31852785276013,0.184819183748364,-0.298003356831881,-0.524998054621898,0.991601017950651,0,385773,3.14546860569763e-08,0,1,515,0,0.0121343686042579,0.0405108847364972,0.00018814456277145,0.00337788608041871,0.0706563389511125,0.00337788608041871,0.00713619936517544,0.00173239953457885,,0.00260494028912481,0,0,0.000120137047875322,0.0110581507000858,,0.0109380136522104,0,0,<0.01,0.01-0.05
Kisii,Nyaribari Chache,Ibeno,1.50220681983108,-0.716817781165445,2.07842231630298,1.67853149006713,0.620894006420727,1.36367270212316,0.127193319883841,-0.154208022848604,-0.405734645259672,1.06758522759106,0,296109,7.82987736974432e-08,0,1,516,0,0.0231849715807762,0.0925299559379146,0.000222059321231662,0.0043546391937211,0.152355016125063,0.0043546391937211,0.015492962475045,0.00390591510808155,,0.00327501994687488,0,0.1,0.000125412440202465,0.0162166793268862,0.1,0.0160912668866837,0,1-5,<0.01,0.01-0.05
Kisii,Nyaribari Chache,Keumbu,1.60696015127092,-0.708401344681645,2.22986595184667,1.78859122269469,0.584830334596704,1.31852785276013,0.184819183748364,-0.298003356831881,-0.524998054621898,0.991601017950651,0,199453,2.66213513500797e-07,0,1,517,0,0.0530970839082744,0.378189785236894,0.000745765085517367,0.00866160143654071,0.304669286636742,0.00866160143654071,0.124018732701441,0.0198030444488683,,0.00622902805804488,0,0.2,0.000442564130380664,0.0251162650259179,0.2,0.0246737008955372,0,1-5,<0.01,0.01-0.05
Kisii,Nyaribari Chache,Kiogoro,1.68576207195432,-0.626471584101131,2.20945165872459,1.72682901733716,0.676036912258485,1.0561722462544,0.0845035668582753,-0.420470808871537,-0.175551176060743,0.83959148923271,0,152396,5.51042049728017e-08,0,1,518,0,0.00839766042103509,0.0511001540491251,0.000241779112718501,0.00255919161269698,0.0381193280509222,0.00255919161269698,0.0220880143239637,0.0030128974408901,,0.00287381751344493,0,0,0.000185121537468768,0.010277494747119,,0.0100923732096502,0,0,<0.01,0.01-0.05
Kisii,Nyaribari Chache,Kisii Central,1.74141739549823,-0.42912035728624,1.53519239631533,1.47888659558655,0.689510985144235,1.0561722462544,0.0845035668582753,-0.420470808871537,-0.175551176060743,0.83959148923271,0,425065,2.77653003465357e-08,0,1,519,0,0.0118020573918002,0.0400067358881071,0.000325886447540885,0.00346153044189779,0.071750049407298,0.00346153044189779,0.0090714505706046,0.00183885298124707,,0.00311224132854878,0,0,0.000224154854129849,0.0129594029925324,,0.0127352481384026,0,0,<0.01,0.01-0.05
Kisii,Nyaribari Masaba,Gesusu,1.14788628646363,-0.874058229844678,2.03951895826533,1.37558501475767,0.633098278531452,1.24786006983087,0.311795182805125,-0.146834565917177,-0.200588024178191,1.28647632457276,0,269681,2.2472463300938e-07,0,1,520,0,0.0606039637546027,0.259357720200149,0.00101692987062372,0.0116667281678279,0.409499478613403,0.0116667281678279,0.0695409464162685,0.012599766872194,,0.00653063711915013,0,0.2,0.000509721941484741,0.0242403982992312,0.2,0.0237306763577465,0,1-5,<0.01,0.01-0.05
Kisii,Nyaribari Masaba,Ichuni,1.25573384900119,-0.882013855926115,2.04063847390112,1.32260127496697,0.520273206283524,1.42140599485019,0.342259713801935,-0.389228290676209,-0.701491269871196,0.8676579405049,0,247104,3.00545420376442e-07,0,1,521,0,0.0742659755567003,0.25554525183201,0.000898061788338552,0.0139791731545916,0.593899163566938,0.0139791731545916,0.0438804898455279,0.0108562962654198,,0.00744941018872537,0,0.2,0.000466016252484795,0.0310325930330497,0.2,0.0305665767805649,0,1-5,<0.01,0.01-0.05
Kisii,Nyaribari Masaba,Kiamokama,1.27315699384558,-0.884569603435388,2.03951867421023,1.52712025624643,0.576631015494381,1.39530756832671,0.24496188662985,-0.272843206962735,-0.491994769507204,1.04717390623944,0,154020,1.19834699816241e-06,0,1,522,0,0.184569404656975,2.22420599196808,0.000589104904073483,0.0132043155103646,0.600868305763855,0.0132043155103646,0.851862811262568,0.12421210395181,0.1,0.00965848244360749,0,0.4,0.00022624858949357,0.0447700170160154,0.4,0.0445437684265218,1-5,1-5,<0.01,0.01-0.05
Kisii,Nyaribari Masaba,Masimba,1.11348170834659,-0.833649948753268,2.03792513675799,1.09108321646311,0.588426966867144,1.36429395252472,0.260375418434647,-0.267665922166219,-0.399485048705737,1.19285892112548,0,241305,3.94583285579182e-07,0,1,523,0,0.0952149197266845,0.426567110453145,0.000459604428457793,0.0131343424313053,0.606126454182518,0.0131343424313053,0.0998152836354414,0.0198021092711601,,0.00853415574227916,0,0.3,0.000323442614365724,0.0424048959387281,0.3,0.0420814533243624,0,1-5,<0.01,0.01-0.05
Kisii,Nyaribari Masaba,Nyamasibi,1.10938381220556,-0.831928135490144,2.02267415214806,1.08831619557782,0.535945562089978,1.3790771526677,0.375320510749898,-0.255930025266206,-0.599272344662943,1.05489181743992,0,191531,6.63088543709222e-07,0,1,524,0,0.127002011865171,0.804667113239379,0.000815082437581083,0.016565326244643,0.811609647869922,0.016565326244643,0.297691926769878,0.044273498953428,0.1,0.0104472871137793,0,0.4,0.00044685527730851,0.0528775213679198,0.4,0.0524306660906113,1-5,1-5,0.01-0.05,0.05-0.15
Kisii,South Mugirango,Bogetenga,1.25031184346369,-0.272328372741943,1.07090617159085,1.18632802442001,0.923084597822154,0.989517499002135,0.290042034026881,-0.303834159933408,-0.00151988480744319,0.67660077831165,0,295955,1.16112960259785e-08,0,1,525,0,0.00343642111536846,0.0231717853906278,5.91750314941768e-05,0.00107828601612128,0.0162072178263376,0.00107828601612128,0.0105458575219514,0.0013997347858497,,0.00117972678977905,0,0,4.41115258619224e-05,0.00508093191718658,,0.00503682039132466,0,0,<0.01,<0.01
Kisii,South Mugirango,Boikanga,1.32594497761146,-0.319893209844314,1.07192358303631,1.28860241726878,0.93170536530202,1.02334761556713,0.198212355105778,-0.181231120200201,-0.0534079988021404,0.853208675400469,0,176413,1.97323916672795e-08,0,1,526,0,0.00348105041119978,0.0170683903412695,0.000110692911383371,0.00127682092145725,0.0156922777805058,0.00127682092145725,0.0061251981235343,0.000927141438515459,,0.00141749227643085,0,0,8.46923077194886e-05,0.00590362546118237,,0.00581893315346288,0,0,<0.01,<0.01
Kisii,South Mugirango,Borabu Chitago,1.11004447421057,-0.436136544654325,1.07192364334937,1.3033609264338,0.970364047544541,0.798132350335785,0.386458157245702,0.113134008070963,-0.187168611685025,1.21977067634765,0,352547,5.83751422169826e-08,0,1,527,0,0.0205799812631706,0.0960564642177662,0.000492224176439614,0.00507393049738657,0.12305470503145,0.00507393049738657,0.0285267835588933,0.00484176431640099,,0.00350047041685364,0,0,0.000323002990533858,0.0118940554517076,,0.0115710524611737,0,0,<0.01,0.01-0.05
Kisii,South Mugirango,Getenga,1.05167045520473,-0.438861351848432,1.07192356747164,1.2461705059204,1.01709384129233,0.78514101318315,0.276469789513977,0.00028502119003781,-0.0961211773193286,0.980707812072974,0,162995,4.19805648515876e-08,0,1,528,0,0.00684262216798452,0.0363870166973241,0.000125093839568101,0.00191183649780104,0.0271022534432342,0.00191183649780104,0.00991092397194366,0.00177748036958331,,0.00206963933029796,0,0,9.38985063351758e-05,0.00813820955699697,,0.0080443110506618,0,0,<0.01,<0.01
Kisii,South Mugirango,Moticho,1.07761845132771,-0.359318699987793,1.07192334956636,1.10934321253029,1.01817081920531,0.854045812975452,0.210798600584914,-0.165198015436872,-0.0495315409917864,0.809909457157365,0,267133,1.2087080778123e-08,0,1,529,0,0.00322885814950232,0.00827742253269909,0.000106308835195715,0.00122702115467645,0.0205354569852923,0.00122702115467645,0.00120356077703871,0.000337874950746975,,0.00130999043964164,0,0,6.72492424799014e-05,0.00580150027529875,,0.00573425103281884,0,0,<0.01,<0.01
Kisii,South Mugirango,Tabaka,1.31539505823235,-0.238218371626695,0.870687527762845,1.3317767779603,0.847272138203026,0.978775148187633,0.254810260831846,-0.297147527095145,-0.00497691541683662,0.661623198260411,0,295163,8.73406744329553e-09,0,1,530,0,0.00257797354876544,0.00821736678735702,7.94067655009821e-05,0.00106007123523603,0.0133343408919356,0.00106007123523603,0.00280883314485275,0.000437502160272854,,0.00115497573345413,0,0,5.38621137826877e-05,0.00477389738894132,,0.00472003527515864,0,0,<0.01,<0.01
Kisumu,Kisumu Central,Kondele,0.774732964475238,0.618839591650519,1.94088974437523,-0.15469781692064,0.382261819790575,0.222799660902863,-3.44070646671726,-1.15767826314642,-0.450562040901626,-0.96139143853144,0,246666,1.85326958624695e-09,0,1,531,0,0.00045713859576119,0.00137653210135487,4.33928921302164e-06,0.000146693357435197,0.00249395464871772,0.000146693357435197,0.0003303580138262,6.44234424657951e-05,,0.000397531295055897,0,0,4.26193232391279e-06,0.00233007254289445,,0.00232581061057054,0,0,<0.01,<0.01
Kisumu,Kisumu Central,Market Milimani,0.975686037409119,0.622841255435138,0.754067180041812,-0.419441947139724,0.411908462697873,0.381561966624311,-0.451380170761489,-0.426699494533868,0.450412851257675,0.579972772118178,0,427767,7.07188132807187e-09,0,1,532,0,0.00302511746006532,0.0072504336918454,9.99398370650699e-05,0.00135705203187502,0.0157802610944143,0.00135705203187502,0.00131140148714401,0.000312219157428691,,0.00197486342183413,0,0,8.78735269698835e-05,0.0095207050347915,,0.00943283150782161,0,0,<0.01,<0.01
Kisumu,Kisumu Central,Migosi,0.715979132945197,0.618839591650519,1.94088969768126,0.138630879120118,0.370343286952003,0.222799660902863,-3.44070646671726,-1.15767826314642,-0.450562040901626,-0.96139143853144,0,170799,3.96998463041489e-09,0,1,533,0,0.000678069404890233,0.00246351279062465,5.35820705096301e-06,0.000179891710952432,0.00431984722106157,0.000179891710952432,0.000665748014698165,0.000120008716116943,,0.000612690820482042,0,0,5.04986417261228e-06,0.00393487006021469,,0.00392982019604208,0,0,<0.01,<0.01
Kisumu,Kisumu Central,Nyalenda B,0.987555761435713,0.665243809464308,0.640362619037609,-0.137195172405634,0.450819297913843,0.320908810903788,-0.340181213840882,0.000758242348510535,0.317544156996094,0.734175223837938,0,167636,3.8776998405079e-08,0,1,534,0,0.00650042090463382,0.0227895062018442,0.000226622900444604,0.00296725466222767,0.0287014546685597,0.00296725466222767,0.00677377689286574,0.00114907873034909,,0.00420590328256836,0,0,0.00020857431648663,0.0187814266900422,,0.0185728523735556,0,0,<0.01,0.01-0.05
Kisumu,Kisumu Central,Railways,0.756459387361747,0.621925807764208,1.02548826270018,0.129972163447347,0.38598938747928,0.381561966624311,-0.451380170761489,-0.426699494533868,0.450412851257675,0.579972772118178,0,371847,1.80953260274932e-08,0,1,535,0,0.00672869269734527,0.0226763806027651,0.000197530177530964,0.00248917438507057,0.0312338193180346,0.00248917438507057,0.00597586025105381,0.00109503670537991,,0.00355250172491218,0,0,0.000153239226376204,0.0139548092801978,,0.0138015700538216,0,0,<0.01,0.01-0.05
Kisumu,Kisumu Central,Shauri Moyo Kaloleni,0.854486374572717,0.619270939369176,1.81389124113905,-0.418925159819149,0.393042680694141,0.222799660902863,-3.44070646671726,-1.15767826314642,-0.450562040901626,-0.96139143853144,0,177787,2.51551608015291e-09,0,1,536,0,0.000447226057342145,0.00137946971679698,4.61289989853788e-06,0.000122895804018584,0.00286008502612109,0.000122895804018584,0.000362392103140949,6.65423517227402e-05,,0.000431282140606827,0,0,4.54205282649318e-06,0.00285442032745431,,0.00284987827462782,0,0,<0.01,<0.01
Kisumu,Kisumu East,Kajulu,1.15674521205748,0.194726575248238,1.86411764453493,0.410272603236724,0.365915351166642,0.452048490029131,-0.427418025129736,-0.684358648926415,0.116073179479182,0.514933846614654,0,695685,9.91697188228633e-09,0,1,537,0,0.00689908858392837,0.0515621852383319,8.4848883696304e-05,0.00171817414969138,0.0323200433647228,0.00171817414969138,0.021521522332925,0.00299168005061088,,0.00197240186262378,0,0,7.25633108742217e-05,0.00856389895401162,,0.0084913356431374,0,0,<0.01,<0.01
Kisumu,Kisumu East,Kolwa Central,0.843110803468212,0.644197141389699,1.72690139131095,-0.0302457436929894,0.454406382810041,0.222799660902863,-3.44070646671726,-1.15767826314642,-0.450562040901626,-0.96139143853144,0,749822,1.05664570139219e-09,0,1,538,0,0.000792296193109296,0.00532990186532651,5.55678710097814e-06,0.000153906492606206,0.00403800694018699,0.000153906492606206,0.00155503831011832,0.000266895554171981,,0.000416329185309795,0,0,4.88265871281995e-06,0.00249907482982308,,0.00249419217111026,0,0,<0.01,<0.01
Kisumu,Kisumu East,Kolwa East,0.8092446698667,0.647279429145574,1.91818110122318,0.173956033422674,0.47885499190555,0.357682332618741,-0.688602079006467,-0.2908401375223,0.121771739194347,0.708986508441874,0,363280,5.89293833755922e-08,0,1,539,0,0.0214078663926851,0.211384928905238,0.000291548231604008,0.00469231568594389,0.074589574134605,0.00469231568594389,0.0969557010176852,0.012816595330817,,0.00547111393691485,0,0,0.000230925518820206,0.0250067258131355,,0.0247758002943153,0,0,<0.01,0.01-0.05
Kisumu,Kisumu East,Manyatta B,0.82167279409796,0.618839591650519,1.94088970740917,-0.31848906089956,0.393913367127831,0.222799660902863,-3.44070646671726,-1.15767826314642,-0.450562040901626,-0.96139143853144,0,232410,2.23699960960556e-09,0,1,540,0,0.000519901079268428,0.00204199290817563,5.48970447911716e-06,0.000151246525733832,0.00259133287670185,0.000151246525733832,0.000564016370666903,0.000100245012936044,,0.00043826518511938,0,0,5.17053287651603e-06,0.00219653511710049,,0.00219136458422397,0,0,<0.01,<0.01
Kisumu,Kisumu East,Nyalenda A,0.852458611235173,0.619175115498032,1.84010503670633,-0.419444608248477,0.410242957357994,0.222799660902863,-3.44070646671726,-1.15767826314642,-0.450562040901626,-0.96139143853144,0,166998,1.87103243496592e-09,0,1,541,0,0.000312458674574439,0.0006610831099076,3.09993754688755e-06,9.94986514282074e-05,0.00195020824289176,9.94986514282074e-05,7.72313067497775e-05,2.57898202197631e-05,,0.000302087163425792,0,0,3.05494508772892e-06,0.00189568211120572,,0.001892627166118,0,0,<0.01,<0.01
Kisumu,Kisumu West,Central Kisumu,0.695776326167029,0.623254644946641,0.629668570901331,0.359078192974078,0.408704125215739,0.566939258372744,0.0622320141519611,0.356283254429276,0.404279118134673,0.880809600134691,0,467595,1.23103789386583e-07,0,1,542,0,0.0575627163982191,0.19023676886184,0.00120741211716653,0.0143561323605461,0.414182270895915,0.0143561323605461,0.02852338666157,0.00781979221178868,,0.00880513144152601,0,0.1,0.000781104117879967,0.0308869631757963,0.1,0.0301058590579163,0,1-5,<0.01,0.01-0.05
Kisumu,Kisumu West,North Kisumu,1.04732166746322,0.25264649341943,0.632210836831709,0.980089434661926,0.364772905544519,0.714485088273952,0.167861304328796,-0.274037592047892,-0.1982860365794,0.898565192267018,0,356048,7.1676499344068e-07,0,1,543,0,0.255202742384567,0.983337614360993,0.00361836354128771,0.0495660636294127,1.76182594729793,0.0495660636294127,0.15433296362117,0.0408567393647065,0.1,0.042789587480925,0,0.5,0.00246238794859701,0.19330534762259,0.5,0.190842959673993,1-5,1-5,0.01-0.05,0.15-0.30
Kisumu,Kisumu West,North West Kisumu,1.31029445677309,0.134321830456331,0.671318054990654,0.961137018096243,0.428877727002688,1.057097849751,0.545998752801324,-0.314720549236696,-0.582241730990499,1.15754060334525,0,288928,4.3147419762267e-07,0,1,544,0,0.124664976970723,0.485618417113653,0.00263526102470827,0.0276731649317606,0.734296600833782,0.0276731649317606,0.0875273124757454,0.0208923160159809,,0.0205954367487786,0,0.3,0.00157882680246394,0.073508371183941,0.3,0.071929544381477,0,1-5,0.01-0.05,0.05-0.15
Kisumu,Kisumu West,South West Kisumu,0.879321837887931,0.616764156034204,0.629668734330294,0.0177069038821824,0.521973320855047,0.564389559327821,0.137777449168487,0.131569570354979,0.227489863238203,0.968572507873319,0,296892,3.08881062290545e-07,0,1,545,0,0.0917043163455643,0.407170144787715,0.000947666966269961,0.0173529087654838,0.800945369171545,0.0173529087654838,0.10923962322415,0.019784770930036,,0.0166238597582547,0,0.3,0.000670614271556369,0.0803689728504738,0.3,0.0796983585789174,0,1-5,0.01-0.05,0.05-0.15
Kisumu,Kisumu West,West Kisumu,0.969365068226231,0.408849224290478,0.629669032004497,0.799052609273903,0.455859970539367,0.827436280506839,0.314217596434064,-0.163648802510998,-0.295536618467518,1.07314641165952,0,316766,1.15689601965029e-06,0,1,546,0,0.366465324560545,1.54053413698534,0.00389220386330439,0.0502912177096045,2.49200092912102,0.0502912177096045,0.273588962257724,0.0660192521294803,0.1,0.0274095840806383,0,0.8,0.00177459836360575,0.107985252876428,0.8,0.106210654512822,1-5,1-5,0.01-0.05,0.05-0.15
Kisumu,Muhoroni,Chemelil,1.0094424603179,0.146030791988698,-1.1872268474195,0.337198024554201,0.102106568154536,1.13411409534378,0.162168892245377,-0.166827885496934,0.227886445842169,1.10291573267458,0,304465,2.53612338388824e-07,0,1,547,0,0.0772160806075534,0.357974647470463,0.000781440333966326,0.0153498170123435,0.53547773837704,0.0153498170123435,0.0867773435741287,0.0168084334058894,,0.0168151576847087,0,0.2,0.000637602355585865,0.0861652092605859,0.2,0.085527606905,0,1-5,0.01-0.05,0.05-0.15
Kisumu,Muhoroni,Masogo/Nyang'oma,0.766901940016237,0.317051569160274,-0.874887176825112,0.238552851827899,0.270084775569754,0.782540410534699,0.048750138019742,-0.22885423044597,0.407199000998241,1.13739963245743,0,335307,3.91108629234737e-08,0,1,548,0,0.0131141461142812,0.0326366359873421,0.000568458945300294,0.00600707064487627,0.0619001102306578,0.00600707064487627,0.00727834917760764,0.00149238426900327,,0.00708791490884454,0,0,0.000517792073378088,0.0288945418325108,,0.0283767497591327,0,0,<0.01,0.01-0.05
Kisumu,Muhoroni,Miwani,0.968994264451001,0.246394582095413,1.18179352661792,0.315341806113128,0.382714808600898,0.705394048516684,-0.127969582520084,-0.18218024082699,-0.0832039747400406,1.03214892067299,0,188940,8.56298890337481e-08,0,1,549,0,0.0161789112340364,0.0350858151232475,0.0006149866955446,0.00730161885150495,0.0838497576380335,0.00730161885150495,0.00588704965713888,0.00148184060583188,,0.00864975587121537,0,0,0.000510954461551378,0.0392703347324055,,0.0387593802708541,0,0,<0.01,0.01-0.05
Kisumu,Muhoroni,Muhoroni Koru,0.739645449795517,-0.297379931466524,-0.481843621694073,0.507555288279563,0.0976873272992927,1.17712282672928,0.459724557976068,-0.379733159175135,0.12435020789004,0.535605031644527,0,271143,3.70580175969852e-08,0,1,550,0,0.0100480220652994,0.0248936961280468,0.000369828780437746,0.00415785392471452,0.0595706495381776,0.00415785392471452,0.00325343152410231,0.000992972867998551,,0.00436394784043432,0,0,0.000285872897486012,0.0177690530599296,,0.0174831801624436,0,0,<0.01,0.01-0.05
Kisumu,Muhoroni,Ombeyi,0.7231882870006,0.528030549855701,1.94088985332787,0.375651578311205,0.4283142614332,0.6566669823969,-0.419131734686395,-0.164471279365995,0.157849523558616,1.16060862178598,0,216666,1.46597847729933e-07,0,1,551,0,0.0317627692762536,0.111879446117224,0.000917416253095126,0.00967821322836471,0.177821837020318,0.00967821322836471,0.0176958370045606,0.00465712173163516,,0.00965604382685857,0,0.1,0.000690518045688231,0.040096059914132,0.1,0.0394055418684438,0,1-5,<0.01,0.01-0.05
Kisumu,Nyakach,Central Nyakach,0.862256209884576,0.221895729286471,0.432996500948372,0.144500220594038,0.52682560332799,0.628085677392114,0.00914765806408939,-0.183074891395886,0.0150422856104223,1.14111373651459,0,277061,8.34858642481492e-08,0,1,552,0,0.0231306770344565,0.055471173021463,0.00141556050690556,0.0117698734676651,0.107390508484436,0.0117698734676651,0.0107328923791836,0.00243296022828475,,0.0118081842499912,0,0,0.00121193865726945,0.0462428305005179,,0.0450308918432485,0,0,0.01-0.05,0.01-0.05
Kisumu,Nyakach,North Nyakach,0.706056778232601,0.244377650950937,0.776294073522145,0.365011401058164,0.45071734559598,0.746065560670443,0.0275095780849092,-0.186884853756454,0.139660552957448,1.16734136680754,0,366249,8.54825317335204e-08,0,1,553,0,0.0313078917648701,0.0934199289039763,0.00174445888490683,0.0124331160826146,0.185305014800463,0.0124331160826146,0.0251134368997837,0.00454251075144031,,0.0126911710704078,0,0.1,0.00132391383565922,0.051421889904666,0.1,0.0500979760690068,0,1-5,0.01-0.05,0.05-0.15
Kisumu,Nyakach,South East Nyakach,1.08143476340626,-0.141154542388735,0.292911538276873,0.462032765221077,0.427965611784304,0.708303753179859,0.125789526407915,-0.154337436959215,-0.180294689237881,1.1898044784204,0,253315,1.33953550612236e-07,0,1,554,0,0.0339324436733385,0.0753789365876442,0.00157501252562173,0.0145191273068555,0.202741636420538,0.0145191273068555,0.0117478319423422,0.00312668940231719,,0.0145296447026975,0,0.1,0.00108603188342768,0.0542016149955022,0.1,0.0531155831120745,0,1-5,0.01-0.05,0.05-0.15
Kisumu,Nyakach,South West Nyakach,0.98607094196825,-0.00699915859808879,0.450451513848013,0.406052616970251,0.526180644099737,0.830909585995652,0.197904888333982,-0.211420918505534,-0.301361241526439,1.25234627732283,0,178337,2.64489508648862e-07,0,1,555,0,0.0471682655039121,0.301644188699599,0.00231885200228189,0.01742744332963,0.211610096191286,0.01742744332963,0.133257520138928,0.017966772372139,,0.016751615184829,0,0.1,0.00163283104765005,0.0597479595953492,0.1,0.0581151285476992,0,1-5,0.01-0.05,0.05-0.15
Kisumu,Nyakach,West Nyakach,0.821818525396119,0.29883156498616,0.450446842503469,-0.0731364301910347,0.649319949334838,0.684196307611475,0.297731076386855,-0.0713057442231042,-0.0205043935957194,0.991412479256353,0,277270,1.38895477719785e-07,0,1,556,0,0.0385115491073647,0.135251389332267,0.00176880092342751,0.0131954422759537,0.224928957838948,0.0131954422759537,0.0292326389971588,0.00612585889489128,,0.0122594911858886,0,0.1,0.00129903119911217,0.0426867148908697,0.1,0.0413876836917576,0,1-5,0.01-0.05,0.01-0.05
Kisumu,Nyando,Ahero,0.647345282033045,0.579011585128756,1.87576082193939,0.701711912060174,0.473575293946172,0.636603313461135,-0.240098091047314,-0.133174559308,0.214911305525637,1.12972553751633,0,415708,1.44012427532261e-06,0,1,557,0,0.598671182245811,3.91619328966604,0.00428212475432538,0.0630020402940809,3.66026343395038,0.0630020402940809,1.24908994258469,0.202840289947654,0.1,0.0302243663055987,0,0.9,0.00194766777676494,0.140508962830824,0.9,0.138561295054059,1-5,1-5,0.01-0.05,0.05-0.15
Kisumu,Nyando,Awasi/Onjiko,0.775530140535421,0.220455074204619,-1.18722679975273,0.131108456886485,0.301389251819766,0.807165069071089,0.121291933756646,-0.119562977499629,0.394377942761145,1.16293888808947,0,279571,1.07453015886335e-07,0,1,558,0,0.0300407471043587,0.0779497932272579,0.0015816457223248,0.0130625957437843,0.146195868476871,0.0130625957437843,0.018772322474684,0.00365225481719642,,0.0146233736314325,0,0.1,0.00131346190429121,0.0560252045639195,0.1,0.0547117426596283,0,1-5,0.01-0.05,0.05-0.15
Kisumu,Nyando,East Kano/Wawidhi,0.677800254964558,0.363486091448698,-0.108966809554336,0.418036121923715,0.393956841778427,0.755695763745987,0.041453025230964,-0.0593264735653237,0.239158075308768,1.20815708841313,0,260707,3.09343485210952e-07,0,1,559,0,0.0806480119988917,0.232157052683952,0.00307452831168413,0.0288354522767242,0.4981573326442,0.0288354522767242,0.0409484588505291,0.009931258546357,,0.0231535422288604,0,0.2,0.00191475726975567,0.0914557819497334,0.2,0.0895410246799778,0,1-5,0.01-0.05,0.05-0.15
Kisumu,Nyando,Kabonyo Kanyagwal,0.769575101119824,0.684188174761053,1.79603635064149,0.754071355736552,0.643692624659514,0.440467655034327,-0.197014950944249,0.184033488723313,0.100971885110471,1.04049692424286,0,128814,1.36833694930638e-06,0,1,560,0,0.176260955787952,0.610932867234659,0.00382023492645632,0.0397208406322112,1.2713912191607,0.0397208406322112,0.121674253187791,0.0270147490326562,0.1,0.031610450362131,0,1,0.00221900138170226,0.127657691682004,1,0.125438690300301,1-5,1-5,0.01-0.05,0.05-0.15
Kisumu,Nyando,Kobura,0.60204223423567,0.697984777878665,1.94088956927278,0.513184065521866,0.506016419198217,0.465863390066604,-0.375256477720834,0.0802600820665636,0.122193033070687,0.968779075076384,0,388037,1.2946079666477e-06,0,1,561,0,0.502355791554075,1.94844793157159,0.00525952172172692,0.0822530988483934,3.93667856214902,0.0822530988483934,0.385645237709218,0.0860056800592649,0.1,0.0335726576889573,0,1,0.00280178732856637,0.140540881669399,1,0.137739094340833,1-5,1-5,0.01-0.05,0.05-0.15
Kisumu,Seme,Central Seme,0.782537371643522,0.612928254919778,0.618418093839517,0.240654595523998,0.68418849448956,0.681159694663718,0.525711060504366,-0.359849894177003,-0.182667023211021,0.893574052267288,0,285161,2.49730987254976e-07,0,1,562,0,0.0712135380566161,0.196134668675094,0.0027573345487966,0.0228984572799049,0.425967484503619,0.0228984572799049,0.0322420081897506,0.00824148645570605,,0.0203486459753171,0,0.1,0.00194390560463155,0.0774086827135332,0.1,0.0754647771089017,0,1-5,0.01-0.05,0.05-0.15
Kisumu,Seme,East Seme,0.961507705584084,0.554836400944653,0.629668747949374,0.490093092617661,0.577567681103678,0.690910864563052,0.398902283877969,-0.238033493368864,-0.181242769549789,1.02449571042989,0,251874,4.69481369822983e-07,0,1,563,0,0.118250150542794,0.538743878608933,0.00323872361896062,0.0348082955370373,0.576515613949883,0.0348082955370373,0.147872048867896,0.0263888268527404,,0.0267054547057378,0,0.2,0.00226046695555494,0.104834867062914,0.2,0.102574400107359,0,1-5,0.01-0.05,0.05-0.15
Kisumu,Seme,North Seme,1.01620932090915,0.442185058317865,0.619160273400781,0.745039020394328,0.589960854833459,0.725631176563686,0.607999687079103,-0.365424553144543,-0.363420332334515,0.950293300665656,0,289808,2.13106893842208e-07,0,1,564,0,0.0617600826906227,0.171530062861779,0.00172422295764595,0.0217130554654759,0.38556154525038,0.0217130554654759,0.0312020093219221,0.00739764519897241,,0.0227197591217934,0,0.1,0.00127092202335967,0.0948731164270013,0.1,0.0936021944036416,0,1-5,0.01-0.05,0.05-0.15
Kisumu,Seme,West Seme,0.696843553859467,0.651183585477138,0.603735386754969,0.29338340109581,0.75586336079377,0.651395750991652,0.543760677554711,-0.331284554762805,-0.167680994936008,0.799561438458065,0,322674,5.77674077940126e-08,0,1,565,0,0.0186400405425252,0.042325224007865,0.000720069210592342,0.00806986167659351,0.0975254778242013,0.00806986167659351,0.00847933296646054,0.00187472120767629,,0.00778597853320475,0,0,0.000556189753999563,0.0312264605508034,,0.0306702707968038,0,0,<0.01,0.01-0.05
Kitui,Kitui Central,Kyangwithya East,-0.472215153286263,0.472251516548098,-1.16787366450751,-0.800733859246228,-0.869809396027532,-0.717039547880125,-0.0533777917695254,-0.0546813608743075,-0.467058930751688,-0.765359838842149,0,221920,7.13005635129206e-07,1,1,566,0,0.158230210547873,0.393312224363564,0.00950059229511796,0.0729809732730826,0.795800271915344,0.0729809732730826,0.068882602692421,0.0167941429191303,0.1,0.0698436710275364,0,0.4,0.00714578160059618,0.230805115346747,0.4,0.223659333746151,1-5,1-5,0.05-0.15,0.15-0.30
Kitui,Kitui Central,Kyangwithya West,-0.724405329557575,0.337166444789423,-0.833880451065552,-0.496541186705984,-0.785299704690142,-0.514828940252397,-0.390905700930378,-0.270825994421877,-0.0132679397952485,-0.913566860496439,0,363122,2.37463924184091e-07,1,1,567,0,0.0862283750775755,0.307922240643879,0.00262683875506362,0.0307855641629967,0.440073649451919,0.0307855641629967,0.0740811315565599,0.0144226583737974,,0.0245873518240661,0,0.1,0.00192187328373635,0.0827589321057439,0.1,0.0808370588220076,0,1-5,0.01-0.05,0.05-0.15
Kitui,Kitui Central,Miambani,-0.579149653019822,0.608494261326996,-1.02529273105064,-0.685809619811298,-0.921661313437402,-1.05057161496685,0.401642585596674,0.202179880863036,-0.305048876535189,-0.725326612855647,0,227532,2.46710436421631e-06,1,1,568,0,0.561345190198866,2.97931650324326,0.0237986094911458,0.182630782908442,3.40253675675268,0.182630782908442,1.15363641412536,0.167176633414679,0.2,0.129155043153224,0,1.5,0.0162999282988382,0.38648724990044,1.5,0.370187321601602,1-5,1-5,0.05-0.15,0.30-0.50
Kitui,Kitui Central,Mulango,-0.876900940043521,0.423699960140013,-0.950285440270384,-0.257610343649282,-0.679273897306534,-0.630132349124327,0.102008862730717,-0.0360623962307296,-0.193081050250434,-0.875402052277075,0,243806,1.26862324985386e-06,1,1,569,0,0.309297960053871,1.15985016303809,0.00737735840067851,0.0838692038424101,1.97070341913431,0.0838692038424101,0.245053432392209,0.0521762224932093,0.1,0.0524573782026408,0,0.8,0.00460206563731249,0.177638453594735,0.8,0.173036387957422,1-5,1-5,0.05-0.15,0.15-0.30
Kitui,Kitui Central,Township,-0.453472585789415,0.256797575099792,-1.05665714409282,-0.923924833034062,-0.899531565484692,-0.442578617851798,-0.748043229801959,-0.530051344630848,-0.377559887561709,-0.87358108382875,0,252860,1.27185730753269e-07,1,1,570,0,0.0321601838782716,0.0460381544782976,0.00181266121608065,0.0188029977999849,0.125079870107042,0.0188029977999849,0.00464695106101899,0.00174975326478414,,0.0225607895785984,0,0,0.00147622229898628,0.0851806904263597,,0.0837044681273734,0,0,0.01-0.05,0.05-0.15
Kitui,Kitui East,Chuluni,-0.765528162318439,0.826695527877652,-1.05539862045038,-1.00502105795298,-0.448165979272684,-0.97935449089396,0.380721290145248,0.460039253393731,-0.299600569267203,-0.677274156454647,0,274397,1.50683258815241e-06,1,1,571,0,0.413470341691257,2.06976750148422,0.0190274621557515,0.130227590039628,2.2334914256532,0.130227590039628,0.648691894985626,0.106478673073768,0.2,0.0840505219448672,0,0.8,0.0113247790097666,0.249874963151735,0.8,0.238550184141969,1-5,1-5,0.05-0.15,0.15-0.30
Kitui,Kitui East,Endau/Malalani,-1.18020423685764,1.50687174441177,-1.1635249170771,-1.63469740197461,0.665131083045558,-1.21933647777008,0.93150463268124,1.69050604554173,-0.382443011390253,-0.486483675727687,3,106890,5.76576240113354e-06,1,1,572,1,0.616302343057164,0.589620735812574,0.0807390628634163,0.446766257106421,2.18881906201361,0.446766257106421,0.0468634279993988,0.0216093482371496,0.6,0.193215163233527,0.1,2,0.0365256512843607,0.513842816744899,1.9,0.477317165460538,1-5,1-5,0.15-0.30,0.30-0.50
Kitui,Kitui East,Mutitu/Kaliku,-0.772961921451902,1.04291507820571,-1.09387651647505,-1.52532583207154,-0.5739624381033,-1.25071594318395,0.657507288765984,0.814933756614592,-0.0849495884644511,-0.632287198044085,0,198670,2.32781474677348e-06,1,1,573,0,0.462466955741487,1.06265288471703,0.0312120788002148,0.219586876575384,2.55061855792766,0.219586876575384,0.259339589006483,0.0500061105527905,0.2,0.162044414644832,0,1.3,0.0236129935441097,0.417754154746453,1.3,0.394141161202344,1-5,1-5,0.15-0.30,0.30-0.50
Kitui,Kitui East,Nzambani,-0.631903689654452,0.550191538715957,-1.16094622205261,-0.74991253643128,-0.783308906670517,-0.539437221826012,-0.334961796136571,-0.256814256322624,-0.392097052022093,-0.860696275067649,0,233054,5.04672683884856e-07,1,1,574,0,0.117615987670101,0.342042618652783,0.0067330282527886,0.056555522030261,0.504257874582004,0.056555522030261,0.0687087482591238,0.0151618601114711,0.1,0.0530828592179783,0,0.2,0.00547421861894418,0.188197250263143,0.2,0.182723031644199,1-5,1-5,0.05-0.15,0.15-0.30
Kitui,Kitui East,Voo/Kyamatu,-1.12376660429984,1.25562625425275,-1.39574833726448,-1.66091677433327,0.72781709649487,-1.14750875480991,0.711986304557495,1.46483282256351,-0.29374314329655,-0.526753416895342,0,214141,1.2178260624421e-06,1,1,575,0,0.260786490837413,1.14925246009461,0.00903388698913381,0.0852152056528818,1.30666600099315,0.0852152056528818,0.355138189452557,0.0588034650600768,0.1,0.0653108905197608,0,0.6,0.00650111549818625,0.263017242197006,0.6,0.25651612669882,1-5,1-5,0.05-0.15,0.15-0.30
Kitui,Kitui East,Zombe/Mwitika,-0.945174624744341,1.05717585888953,-1.16067801372264,-1.57492623818891,-0.305560345144736,-1.12396360478019,0.479399016713896,0.787580850605444,-0.195173754460008,-0.642999714132627,0,318191,1.65779018623902e-06,1,1,576,0,0.527493917149582,1.8263666373566,0.0201401897329127,0.185923983109876,3.64920977099031,0.185923983109876,0.613890498546881,0.0965806283527849,0.2,0.11538191657205,0,1.1,0.0122689139769358,0.370209664759241,1.1,0.357940750782305,1-5,1-5,0.05-0.15,0.30-0.50
Kitui,Kitui Rural,Kanyangi,-1.04521876968894,0.618597997644477,-0.939946184739629,-0.572026197700397,-0.256923378146413,-0.810530391174633,0.959104910270485,0.808693697268949,-0.166872111458486,-0.737619602353446,0,239984,1.1255748346955e-05,1,1,577,0,2.70119951129566,16.7614503279065,0.0320591655199954,0.36745875037442,16.6693704544631,0.36745875037442,4.51907502612729,0.815854999234551,1.1,0.13032236238862,0,6.9,0.0128830040813833,0.404883678786478,6.9,0.392000674705094,1-5,5-17,0.05-0.15,0.30-0.50
Kitui,Kitui Rural,Kisasi,-0.944104171009276,0.516506852484176,-0.909697415623289,-0.334132122615324,-0.532587698375926,-0.8903128713065,0.693395829123231,0.305707220968205,-0.0628597516202917,-0.823794194535931,0,247561,3.91200480915386e-06,1,1,578,0,0.968459822558937,2.97819663732468,0.0209564288664743,0.217498985264244,6.94089449526504,0.217498985264244,0.353280569078579,0.116522271965379,0.4,0.1048963909612,0,2.8,0.0120320786286757,0.336935753008798,2.8,0.324903674380122,1-5,1-5,0.05-0.15,0.30-0.50
Kitui,Kitui Rural,Kwavonza/Yatta,-0.911534494124887,0.279933077296831,-0.785566835819125,-0.529229448341467,-0.761123536738368,-0.698722237717821,0.530768192042336,-0.0736137907715472,0.00383491775123835,-0.918492062460763,0,369715,1.39315021451763e-06,1,1,579,0,0.515068531560384,1.72012713965168,0.0124018816465126,0.110308835698418,3.72021707082908,0.110308835698418,0.258720123849198,0.0707580936213848,0.1,0.0627399104666341,0,1,0.00650198737756056,0.208872966066238,1,0.202370978688678,1-5,1-5,0.05-0.15,0.15-0.30
Kitui,Kitui Rural,Mbitini,-0.869945086907011,0.685286080622962,-0.897440301754062,-0.637581813590695,-0.579855213880496,-0.900140845257756,0.389929205716217,0.253886399513667,-0.179874257067155,-0.786629744314298,0,253910,2.45876800574452e-06,1,1,580,0,0.62430578433859,2.90315135386412,0.0190700945081836,0.197381279751543,2.97179318624521,0.197381279751543,0.830397460428011,0.144324653467562,0.2,0.113686515188928,0,1.2,0.0110667766876237,0.382550896435238,1.2,0.371484119747614,1-5,1-5,0.05-0.15,0.30-0.50
Kitui,Kitui South,Athi,-1.17949735897145,1.2925091849454,-1.18844398364983,-1.65084234880191,1.32314975535377,-0.663107933991537,0.661660777618001,0.786041462692822,-0.366703850252927,-0.815218473374556,0,416348,8.28062762169776e-08,1,1,581,0,0.0344762274903862,0.106507294513762,0.0010001520197123,0.0106220198663618,0.228796753608027,0.0106220198663618,0.0203564492030575,0.00465551127196205,,0.00976823935974459,0,0.1,0.000610037983409037,0.0411802040445987,0.1,0.0405701660611896,0,1-5,<0.01,0.01-0.05
Kitui,Kitui South,Ikanga/Kyatune,-1.05772873485215,0.759795594173773,-0.832771577768204,-0.670230956927442,-0.380423267248216,-0.974290103685202,0.761191761500547,0.623695800360787,-0.106462711539492,-0.781537086388229,0,444751,4.47305382327006e-06,1,1,582,0,1.98939516095318,7.93170364143574,0.026259662416327,0.390274087604412,13.4769141368786,0.390274087604412,2.41147098004972,0.403337308490996,0.4,0.0996167037426721,0,3,0.012918149617353,0.287041230399258,3,0.274123080781905,1-5,1-5,0.05-0.15,0.15-0.30
Kitui,Kitui South,Ikutha,-1.20005580099118,0.975753628109702,-0.989052047177525,-1.12164707643787,0.08004395017701,-0.717051820612445,0.582582651153839,0.798515918196934,-0.33660255521686,-0.78037303599935,0,228245,2.37669317070912e-06,1,1,583,0,0.542468332748502,1.99734711233982,0.0131990114674656,0.139726758317015,3.39045691807011,0.139726758317015,0.435547757238082,0.0907081203825488,0.2,0.0651125190932335,0,1.5,0.00770111235813816,0.21273449757512,1.5,0.205033385216982,1-5,1-5,0.05-0.15,0.15-0.30
Kitui,Kitui South,Kanziko,-1.10284053097815,1.12805388623113,-0.728401392348719,-1.25053548407392,0.164056069876111,-0.870784056051549,0.741084795509148,1.37801948689684,-0.385701802171156,-0.590056417856928,0,109739,7.58487652007709e-06,1,1,584,0,0.832356764436739,2.47847218936067,0.0267085202658742,0.241888879847059,5.62366678800021,0.241888879847059,0.455761206765503,0.107201042008157,0.8,0.12169246243638,0,5.1,0.0186618676686833,0.320516037126683,5.1,0.301854169458,1-5,5-17,0.05-0.15,0.30-0.50
Kitui,Kitui South,Mutha,-1.26240831987253,1.44596213549052,-1.2109813085001,-1.73695210261858,1.15847118867434,-1.03166425089382,0.837078404513947,1.80084863526283,-0.414575188277243,-0.389559958490358,0,225421,2.80304142772992e-06,1,1,585,0,0.631864401680306,2.20571964108581,0.00866786803697622,0.132162525699483,4.65176189641495,0.132162525699483,0.405393143967043,0.0953902931110507,0.3,0.0657450623482759,0,2.1,0.00478117830361919,0.246342685414226,2.1,0.241561507110607,1-5,1-5,0.05-0.15,0.15-0.30
Kitui,Kitui South,Mutomo,-1.21907603079016,0.842281217386072,-0.767129286047422,-1.18289036558782,-0.212842725019314,-0.977579639654161,0.750682936871487,0.820309340184559,-0.22516277948004,-0.801990239139629,0,247910,5.22599088074326e-06,1,1,586,0,1.29557539924506,10.8504651339548,0.020694976870696,0.241658640130577,6.93042083091571,0.241658640130577,5.08408004553582,0.664667289965527,0.5,0.105333486093451,0,2.8,0.0122496930241655,0.340118009135242,2.8,0.327868316111077,1-5,1-5,0.05-0.15,0.30-0.50
Kitui,Kitui West,Kauwi,-0.949559725397043,0.229026259926867,-0.452185827273158,-0.0664666272030657,-1.06110723553339,-0.839003398514476,-0.0195724002983795,-0.338114910756488,-0.0662029703103488,-0.95869405188106,0,312841,1.7837540687666e-06,1,1,587,0,0.558031406627012,2.46563065003978,0.00724236470011213,0.102065470320168,3.66316593519971,0.102065470320168,0.854052562531488,0.13198511401053,0.2,0.0594491704735769,0,1.2,0.00309403361202975,0.237803401140837,1.2,0.234709367528807,1-5,1-5,0.05-0.15,0.15-0.30
Kitui,Kitui West,Kwamutonga/Kithumula,-0.813934547773811,0.193817300711023,-0.771910808936967,-0.372057712394999,-0.898477518318782,-0.757750392390889,-0.379470417517106,-0.314534005631249,0.0140257520986388,-0.955919251361567,0,217910,3.52668278776277e-07,1,1,588,0,0.0768499446281385,0.335999372622321,0.00311180979307866,0.029043752036827,0.436919135722895,0.029043752036827,0.0985540845940738,0.0168583406993453,,0.0247118219870997,0,0.2,0.00249360048567124,0.0800058608073807,0.2,0.0775122603217095,0,1-5,0.01-0.05,0.05-0.15
Kitui,Kitui West,Matinyani,-0.54098400267689,0.14548601293792,-0.939645206956984,-0.727895587021301,-0.96537712047714,-0.663000274207094,-0.377793857899629,-0.418265258813086,-0.371533268976286,-0.894246811061957,0,218030,2.6527708383948e-07,1,1,589,0,0.0578383625895218,0.14071015859666,0.00232956724240021,0.0279717449127413,0.290209402582808,0.0279717449127413,0.0359669771840345,0.00672439727994683,,0.032457156126439,0,0.1,0.0019406139094104,0.139168865937452,0.1,0.137228252028042,0,1-5,0.01-0.05,0.05-0.15
Kitui,Kitui West,Mutongoni,-0.756574929130131,0.170690847766822,-0.613989964112783,-0.745550446957185,-1.11971809720026,-0.929230580775674,0.0825133226646137,-0.420904785338988,-0.236074622930893,-0.922645006431727,0,342085,4.97195266642964e-07,1,1,590,0,0.170083042789558,0.814622425028157,0.00844780743200429,0.0598628089207489,0.841583381265154,0.0598628089207489,0.246760423529443,0.0413671224562042,,0.048531346480826,0,0.2,0.00567231410853923,0.162525768498965,0.2,0.156853454390426,0,1-5,0.01-0.05,0.15-0.30
Kitui,Mwingi Central,Central,-0.841556164917894,0.617716291761243,-1.17113779422257,-1.13875960240912,-1.51718307637084,-0.400394017267091,0.11714099438748,-0.251477109273277,-0.369734348966384,-0.916839312296837,12,165944,2.3907885082789e-05,1,1,591,1,3.96737008217833,2.43774956175478,0.815283172403337,3.3840002298027,9.91381300849726,3.3840002298027,0.087414312450363,0.0826169763510393,2.4,0.338313190491958,0.5,6,0.0797313556195784,0.743666548539478,5.5,0.6639351929199,1-5,5-17,0.30-0.50,0.50-0.70
Kitui,Mwingi Central,Kivou,-0.939604257912967,0.796120557757231,-1.32339220474362,-1.2103742968277,-1.39380818754505,-0.409259429168189,0.252901103308571,-0.117377214875183,-0.295993684596867,-0.935639219156234,0,253067,1.27888624097908e-05,1,1,592,0,3.23643904345853,9.56243165655579,0.0838553299838411,0.680479304350443,28.4657130567456,0.680479304350443,1.10570172700531,0.372321357446503,1.3,0.280920248923377,0,11.2,0.0413601489708844,0.715753470062205,11.2,0.67439332109132,1-5,5-17,0.15-0.30,0.50-0.70
Kitui,Mwingi Central,Mui,-0.870153999111795,0.881501450833389,-1.0809711129839,-1.43060180309835,-1.0816893285471,-0.97720323470966,0.738484148145307,0.373737213981151,-0.0343043469289783,-0.899314504922866,4,249248,5.53527604724791e-06,1,1,593,1,1.37965648422445,1.03858977588605,0.213362619615596,1.09490433520273,3.91837117069391,1.09490433520273,0.0561898984752348,0.0363968536771448,0.6,0.331491096661607,0.1,1.6,0.0637217485265639,0.731369253976896,1.5,0.667647505450332,1-5,1-5,0.30-0.50,0.50-0.70
Kitui,Mwingi Central,Nguni,-1.08422199843916,1.28873382263101,-1.43700322406783,-1.5645700012402,-0.362100151177212,-0.945310926765777,0.408926167042972,0.661895069146775,0.0435247137441494,-0.945072359860933,34,326188,1.50130920229789e-05,1,1,594,1,4.89709046079145,4.45453849703773,0.632624164336295,3.42472828089103,16.6205928976239,3.42472828089103,0.224186889888986,0.155043699627396,1.5,0.148167723651026,0.2,5.1,0.0205476196832042,0.516877568236858,4.9,0.496329948553654,1-5,1-5,0.05-0.15,0.30-0.50
Kitui,Mwingi Central,Nuu,-0.977965513273298,1.30416427185623,-1.18209056791776,-1.62212712254028,0.0681264402713997,-1.1847221780558,0.83959858773758,1.16059464213746,0.0141834728515214,-0.709088363453444,32,220806,4.01598362941109e-05,1,1,595,1,8.86753281275744,5.59794676000231,1.90890155995338,7.50012392665876,21.8408386175735,7.50012392665876,0.164063429928791,0.187398902205961,4,0.284013647306392,0.9,9.9,0.0606050962929266,0.693290478630741,9,0.632685382337815,1-5,5-17,0.15-0.30,0.50-0.70
Kitui,Mwingi Central,Waita,-0.865534712216488,0.83336019736995,-1.21499735541879,-1.29341685669133,-1.26464951857955,-0.746034417364865,0.573411660573824,0.213882119825968,-0.219673758639896,-0.833971504104139,1,186293,4.61213869158196e-06,1,1,596,1,0.859209153270878,0.894850978562127,0.168126305723028,0.687135826268523,2.86645024876381,0.687135826268523,0.127758664139208,0.0363778399768757,0.5,0.524261906729959,0.1,1.5,0.133728343174181,0.903954878290295,1.4,0.770226535116114,1-5,1-5,0.50-0.70,0.70-0.90
Kitui,Mwingi North,Kyuso,-0.904978604925841,0.960781534063185,-0.903186960222256,-1.8713583192618,-1.09485375110288,-0.960005222216149,0.841928209125902,0.662332712970326,-0.16906658960836,-0.635539733672561,22,599812,1.1408239808762e-05,1,1,597,1,6.84279913617314,3.96010571119869,1.39414834772372,5.91540139222378,16.9371241094681,5.91540139222378,0.108257302080516,0.132076331182675,1.1,0.312461528271924,0.2,2.8,0.0673991506133118,0.716568385700962,2.6,0.64916923508765,1-5,1-5,0.30-0.50,0.50-0.70
Kitui,Mwingi North,Mumoni,-0.597321997952611,0.854488098272347,-0.951287370712745,-1.05280312845685,-0.917249829823735,-0.810461053648607,0.881598611712654,0.513730635618065,-0.437379815893014,-0.317447623042147,10,256023,1.97208061402863e-05,1,1,598,1,5.04897995045452,2.36504653850145,1.39773065565623,4.70641031551688,10.5910393024287,4.70641031551688,0.0670117279761666,0.0790275321465833,2,0.509270715769835,0.5,4.1,0.178512327259701,0.858744678080801,3.6,0.6802323508211,1-5,1-5,0.50-0.70,0.50-0.70
Kitui,Mwingi North,Ngomeni,-1.09733924379843,1.32703545169125,-1.3633819529227,-1.59119226546463,-0.420555399168267,-1.02296731906702,0.681081933173662,1.14690524010989,-0.201146498881644,-0.864323013407442,121,188055,0.000233661862187421,1,1,599,1,43.9412814936554,19.8101811894446,12.4835265586837,41.3430213963424,88.6774841050294,41.3430213963424,0.467199354373587,0.656001215816299,23.4,0.365286156771373,6.6,47.2,0.111475949485956,0.731746627727624,40.6,0.620270678241669,17-51,17-51,0.30-0.50,0.50-0.70
Kitui,Mwingi North,Tharaka,-0.683362460082685,1.29494329366069,-1.00708440791001,-1.5917252855486,-1.14560708114108,-0.202002129335458,0.77300934544023,0.608208966169737,-0.684182338270757,0.157811084368131,9,124080,5.29989169289201e-05,1,1,600,1,6.5761056125404,2.61148270920361,2.7368057214397,6.27082382963789,12.4158994045362,6.27082382963789,0.0777384662397998,0.0874989466148232,5.3,0.722802080798878,2.2,10,0.375884188409263,0.937366499674814,7.8,0.561482311265552,5-17,5-17,0.70-0.90,0.50-0.70
Kitui,Mwingi North,Tseikuru,-0.968293678439075,1.4925359741831,-1.15439361754377,-1.82622990641019,-1.02984631917838,-0.593312996581134,0.997727721736569,1.68044641287057,-0.612815312213675,0.413525827186495,151,403059,0.000340544463066236,1,1,601,1,137.259510739014,15.8062403262001,101.781959821853,138.12138798773,164.916120915759,138.12138798773,0.470151129465286,0.529572175020171,34.1,0.907522248580799,25.3,40.9,0.711774792863332,0.988795134777441,15.6,0.277020341914109,17-51,5-17,>=0.90,0.15-0.30
Kitui,Mwingi West,Kiomo/Kyethani,-0.852664785374493,0.662536118686424,-1.11913968662086,-0.976150955161704,-1.30762892044706,-0.520237226934133,0.543890441725032,0.0338791407426913,-0.401274928636656,-0.699099806259034,1,239027,3.57193150868614e-06,1,1,602,1,0.853788072726722,0.648127712135063,0.227689937397113,0.701446160950697,2.59161944138829,0.701446160950697,0.044582909881382,0.0233152686490714,0.4,0.458708122697948,0.1,1.1,0.143713464954807,0.807955366640847,1,0.66424190168604,1-5,1-5,0.30-0.50,0.50-0.70
Kitui,Mwingi West,Kyome/Thaana,-0.864668002051196,0.435190056022314,-0.821786120225974,-0.777843001720535,-1.31864143304278,-0.666379732696437,0.545799457018067,-0.283983192484466,-0.239894052191606,-0.818821301029063,0,331782,1.29732963028489e-05,1,1,603,0,4.30430619395181,20.0444042008248,0.111260024659396,0.80386812376547,25.5458413375505,0.80386812376547,4.10707011870487,0.893613637859044,1.3,0.26463009979238,0,7.7,0.0519502096317152,0.597833937598694,7.7,0.545883727966979,1-5,5-17,0.15-0.30,0.50-0.70
Kitui,Mwingi West,Migwani,-0.719527354244866,0.483145413981715,-0.902885126383144,-0.999846265864582,-1.31380057332117,-0.863965538254478,0.512996632957981,-0.295880722212785,-0.205935828916756,-0.889253746657896,0,280742,3.93437221853799e-06,1,1,604,0,1.10454352537679,3.30186634919045,0.0727133237252758,0.376465061609145,7.47771113023966,0.376465061609145,0.491859005108714,0.135522076805225,0.4,0.214639199714584,0,2.7,0.0441376396867102,0.52545431405831,2.7,0.4813166743716,1-5,1-5,0.15-0.30,0.30-0.50
Kitui,Mwingi West,Nguutani,-0.901699244714593,0.270320385707084,-0.546763927058452,-0.43785575529304,-1.22902155226112,-0.857165054355669,0.373361006978174,-0.393493662111156,-0.154903607779579,-0.911631471635806,1,308850,1.55770837105694e-06,1,1,605,1,0.481098230400935,0.531349553561359,0.0859419380233457,0.340742954057099,1.76368246705388,0.340742954057099,0.0533390541778827,0.0201762062184999,0.2,0.241749963889167,0,0.6,0.0594440205108933,0.607842074380757,0.6,0.548398053869864,1-5,1-5,0.15-0.30,0.50-0.70
Kwale,Kinango,Chengoni/Samburu,-0.823609649826155,1.16933110604285,-1.20142120249677,-1.49259126714369,2.33272900276854,0.621435369784602,-0.619771359070239,1.29488704008477,-0.395235181303583,1.21695541218353,0,434264,2.40046705173965e-07,0,1,606,0,0.104243642375667,0.686049449130737,0.00152744369237905,0.0192762181100395,0.652638443353142,0.0192762181100395,0.303705866932279,0.0409028340328099,,0.013431913775328,0,0.2,0.000943651384446472,0.0557668479460889,0.2,0.0548231965616424,0,1-5,0.01-0.05,0.05-0.15
Kwale,Kinango,Kasemeni,-0.254682839036101,1.23735995157573,-1.27166667816943,-1.22708632593105,2.60911150717701,0.819408070627091,-0.220652282668442,1.19060659696903,-0.10958746257901,0.624726394722279,0,368286,2.45251982682033e-08,0,1,607,0,0.00903228716940352,0.038182277655839,0.00013649787022317,0.00227524409629428,0.0510950704078592,0.00227524409629428,0.00926007062677774,0.00179308792594687,,0.00303239087913936,0,0,0.000102955327865936,0.013464196556335,,0.0133612412284691,0,0,<0.01,0.01-0.05
Kwale,Kinango,Kinango,-0.221074691228245,1.19339180665614,-1.13135133902738,-1.33404746352225,2.7801063438771,0.612130166551397,-0.273492374910144,1.24488268283782,-0.331131323924259,0.396448539330585,0,421086,1.65395425565396e-08,0,1,608,0,0.00696456981696302,0.0292355296074931,0.00011562861896897,0.00216433966578354,0.0360505808196876,0.00216433966578354,0.00730996306985936,0.00138683127985911,,0.00341224724612583,0,0,9.56350018991692e-05,0.0152393536328284,,0.0151437186309293,0,0,<0.01,0.01-0.05
Kwale,Kinango,Mackinon Road,-0.82631041453021,1.11962531392763,-1.15562987982673,-1.43061910030526,2.29811704329675,0.44307743819567,-0.474966565093912,1.3210172901236,-0.566087504230854,1.04411222182275,0,486153,3.46069702423774e-07,0,1,609,0,0.168242824042425,0.703079089190386,0.00130401467548266,0.0308955518530538,1.20480848770541,0.0308955518530538,0.174150915493217,0.0332475839620243,,0.032033964012388,0,0.2,0.000809297193231424,0.177173951403109,0.2,0.176364654209878,0,1-5,0.01-0.05,0.15-0.30
Kwale,Kinango,Mwavumbo,-0.390987738637614,1.21083806463789,-1.30258436495037,-1.32221165010478,2.45006350446059,0.894254782821455,-0.531903270381187,1.1906120083389,-0.0844736488743808,0.843168285470807,0,446918,5.28524246244187e-08,0,1,610,0,0.023620699908296,0.125247240344435,0.000251166557676791,0.00487420462157339,0.164484185096244,0.00487420462157339,0.0335965867155482,0.00608550021395921,,0.00695856053364961,0,0,0.00021901538075416,0.0336918016975968,,0.0334727863168426,0,0,<0.01,0.01-0.05
Kwale,Kinango,Ndavaya,-0.42212907171745,1.13501704076863,-0.917090294037352,-1.29132549131938,2.98598251239382,0.565866424038348,0.00124273886486415,1.58566175261119,-0.382510713080242,0.724682421187882,0,377998,2.55909925585856e-08,0,1,611,0,0.00967334400516022,0.0446764846990909,0.000168115649914408,0.00210810063890113,0.0591205270989701,0.00210810063890113,0.011480515769363,0.00213888606588124,,0.00223974123112484,0,0,0.000128214674227481,0.0119394620183213,,0.0118112473440938,0,0,<0.01,0.01-0.05
Kwale,Kinango,Puma,-0.641318140664888,1.05263341456119,-0.887141312006893,-1.2694333479101,2.83469447907547,0.473803022798544,-0.0149296715491349,1.6241118870592,-0.389073359016955,0.873818959471518,0,285115,9.57706322426789e-08,0,1,612,0,0.0273056438118714,0.156630620587581,0.000342294971538181,0.00464765080722749,0.160097149996365,0.00464765080722749,0.0440692111689202,0.00774027676343857,,0.00435105451905566,0,0.1,0.000259474480103624,0.0208486186587087,0.1,0.0205891441786051,0,1-5,<0.01,0.01-0.05
Kwale,Lunga Lunga,Dzombo,0.280376486455239,1.30819841474215,-1.31938596745387,-1.33861099892923,3.29704176202791,0.809952188108913,0.200718911365235,1.24017293501642,-0.40247359709174,0.370701126164728,0,415457,2.78262155669943e-09,0,1,613,0,0.00115605960408168,0.00728502297128261,2.12616390991508e-05,0.000355024217461216,0.0045412829159563,0.000355024217461216,0.00300219367730821,0.000420248053904015,,0.000563347301922195,0,0,1.92139748626691e-05,0.00266980057186061,,0.00265058659699794,0,0,<0.01,<0.01
Kwale,Lunga Lunga,Mwereni,-0.404750676074066,0.995654618685287,-0.75475272117082,-1.3363421376032,3.52758493582609,0.492533336330381,0.0523478443545429,1.65573182173639,-0.336992914856209,0.604345623057828,0,478912,4.58965623202189e-09,0,1,614,0,0.00219804144539007,0.0100746249372717,2.77093155276137e-05,0.00047705296944148,0.0113824230510214,0.00047705296944148,0.00199533931182052,0.00044478395234161,,0.000591398956166211,0,0,2.31541356745941e-05,0.00295847548968494,,0.00293532135401034,0,0,<0.01,<0.01
Kwale,Lunga Lunga,Pongwe Kikoneni,0.523212865799401,1.37889749135511,-1.48747766496299,-1.40991035196012,3.16817437322141,0.745576995672448,-0.0372303398161644,1.05879887980047,-0.427061997604781,0.0691453594946977,0,458972,9.65651986008924e-10,0,1,615,0,0.000443207223322488,0.00175698405937543,1.13861885350154e-05,0.00016948919374498,0.002101903410673,0.00016948919374498,0.000663383768504817,9.75167878275708e-05,,0.000287609865646515,0,0,1.04261757330836e-05,0.0013649789527931,,0.00135455277706001,0,0,<0.01,<0.01
Kwale,Lunga Lunga,Vanga,0.0233514778817117,1.36278848846544,-1.74820487069639,-1.20514282312277,3.45370633095875,0.677932932150405,-0.0261542834923136,1.48685862876099,-0.366351580414566,0.31656123917352,0,456024,2.66602564199361e-09,0,1,616,0,0.00121577167736449,0.00531127634504654,1.79494500286699e-05,0.000339624074181038,0.00693105560189726,0.000339624074181038,0.00161924901475135,0.000270367605041171,,0.000549109936146466,0,0,1.30847538483996e-05,0.0029534941977048,,0.0029404094438564,0,0,<0.01,<0.01
Kwale,Matuga,Kubo South,0.384505705176754,1.22054110845753,-1.36012478644884,-1.35288678296576,3.08451993907896,0.731266588202225,-0.137371631937451,0.971832141237639,-0.534452029914328,0.213862115772931,0,364185,1.86275243710225e-09,0,1,617,0,0.000678386496306083,0.00167405388403783,1.17566594560991e-05,0.000237634264935828,0.00420102518373405,0.000237634264935828,0.000295450232616258,7.16241453999882e-05,,0.000470455188398533,0,0,1.03266494804277e-05,0.00236772049665162,,0.00235739384717119,0,0,<0.01,<0.01
Kwale,Matuga,Mkongani,-0.0353382535749147,1.15361535983081,-1.20363448300592,-1.44523630459531,3.06668169322872,0.657669901988268,-0.068182527380938,1.37123682003835,-0.415422803348397,0.460471840223263,0,379092,7.44559195624902e-09,0,1,618,0,0.00282256434587835,0.0152233725171547,4.10498565984604e-05,0.000695336385038762,0.013899798134423,0.000695336385038762,0.00531147885513612,0.000817332726755268,,0.00114522858152548,0,0,3.25687228379573e-05,0.00732580070089943,,0.00729323197806147,0,0,<0.01,<0.01
Kwale,Matuga,Tiwi,0.30503322780711,1.31935691513472,-0.926089451526038,-1.39222355871915,2.68490163275995,0.178303909043525,-1.24972826621238,0.525925536181141,-0.485621168447486,-0.223537839302522,0,186716,1.97879527347387e-09,0,1,619,0,0.000369472738281947,0.000704316497526338,8.98322398011023e-06,0.000166377937465563,0.00198296742439123,0.000166377937465563,9.38479561693005e-05,2.82079091630886e-05,,0.000333461362972554,0,0,8.25920213861348e-06,0.00179848059063032,,0.0017902213884917,0,0,<0.01,<0.01
Kwale,Matuga,Tsimba Golini,0.110174767065093,1.26854634253142,-1.00197542785463,-1.10948181775632,2.77966000413098,0.45414892129066,-0.504133752227607,0.869998304807884,-0.515933128615747,0.0753831429648262,0,316147,2.56426977403044e-09,0,1,620,0,0.000810686196250401,0.00208560852199054,1.33852231890927e-05,0.000295255423629894,0.00462388377069814,0.000295255423629894,0.000424670723267686,9.28112671918137e-05,,0.000584220508678296,0,0,1.20810676231467e-05,0.00311636643298929,,0.00310428536536614,0,0,<0.01,<0.01
Kwale,Matuga,Waa Ngombeni,0.0928110225610821,1.38163681944328,-0.926089338682247,-1.36943887943285,2.61269688718495,0.288975720739203,-0.977614321473452,0.577841913729667,-0.16094475787655,-0.188333910191966,0,602220,4.06239596489388e-10,0,1,621,0,0.000244645609797839,0.000460355353524287,7.69934878440325e-06,0.000122780130872253,0.00116992453238136,0.000122780130872253,7.0396378336863e-05,1.90099723933161e-05,,0.000190515261797079,0,0,6.1409721380543e-06,0.000873645015609034,,0.00086750404347098,0,0,<0.01,<0.01
Kwale,Msambweni,Gombato Bongwe,0.449127197172587,1.30460894793179,-0.991385590974947,-1.60454171754295,2.7694149896071,0.085770569921182,-1.28005030304399,0.258503695502118,-0.415556393927343,-0.325731252337813,0,417335,3.144681879539e-10,0,1,622,0,0.000131238581219741,0.000220843229932078,2.89495950036143e-06,5.70159987397237e-05,0.000791830640530165,5.70159987397237e-05,1.84176207281017e-05,8.14850873577501e-06,,0.000122934783742224,0,0,2.84397807227892e-06,0.000773871268657706,,0.000771027290585427,0,0,<0.01,<0.01
Kwale,Msambweni,Kinondo,0.490773556944492,1.34239392778925,-1.44921124893502,-1.71441091478353,2.88657593367443,0.45733558868391,-0.778331172802949,0.649373394586593,-0.61287658423798,-0.180240829888656,0,305241,7.23279260615136e-10,0,1,623,0,0.000220774484789425,0.000561749398102359,3.91316758423438e-06,8.39180123528253e-05,0.00129069116718504,8.39180123528253e-05,0.000115414889535044,2.50635542588706e-05,,0.000186061460028397,0,0,3.71005556499375e-06,0.00109156308909001,,0.00108785303352502,0,0,<0.01,<0.01
Kwale,Msambweni,Ramisi,0.592191380841478,1.34453481265284,-1.4492115252078,-1.56534491611016,3.06106340446117,0.766177561986246,-0.239184969117949,0.843159002926557,-0.509982509857793,-0.110413259358623,0,384377,5.81389597516072e-10,0,1,624,0,0.000223472789324435,0.000729950453084015,3.93236766721254e-06,7.7727070174022e-05,0.00111081865094115,7.7727070174022e-05,0.000159674805983518,3.31817815452416e-05,,0.000172874646351828,0,0,3.77751937587177e-06,0.000903029375243788,,0.000899251855867916,0,0,<0.01,<0.01
Kwale,Msambweni,Ukunda,0.467283159477836,1.304935001631,-1.2966027883726,-1.40949175955267,2.73923062494302,0.200114103142477,-1.21995430706025,0.396349209330189,-0.50312807677872,-0.403009445660714,0,510477,3.38209365789216e-10,0,1,625,0,0.000172648102419981,0.000499191448171148,3.20006976652511e-06,6.47616523032716e-05,0.000965015835576038,6.47616523032716e-05,0.000146985922065541,2.50820256011295e-05,,0.000141648678543954,0,0,2.75118835162522e-06,0.000696862504167195,,0.000694111315815569,0,0,<0.01,<0.01
Laikipia,Laikipia East,Nanyuki,-0.827414991747382,-0.954406826401965,-1.0231843534528,-0.00145148250127549,-0.928419149517035,-1.01005012058782,-0.0489999043587468,-1.00052782712776,-0.520981120490307,-1.234925222421,0,344534,3.01324807266221e-07,0,1,626,0,0.10381664114666,0.866432622161841,0.00167493171091909,0.0202364690741625,0.460341394089905,0.0202364690741625,0.261281732294266,0.04392391295192,,0.0195594730162558,0,0.1,0.00133909003320242,0.0745816450398608,0.1,0.0732425550066584,0,1-5,0.01-0.05,0.05-0.15
Laikipia,Laikipia East,Ngobit,-0.812020829579186,-1.11175376163783,-0.197627467604932,0.0590222139962166,-0.187228654310206,-1.37980856418525,0.165350214662888,-0.837387062586123,-0.737092691579625,-0.973643757170634,0,467790,9.37241300135293e-08,0,1,627,0,0.0438432107790289,0.155928766788608,0.00158644993324313,0.0153733825611003,0.223768583937812,0.0153733825611003,0.0464880411896183,0.00787106244031053,,0.0133560257066545,0,0,0.000938925417810249,0.0468255906732909,,0.0458866652554807,0,0,0.01-0.05,0.01-0.05
Laikipia,Laikipia East,Thingithu,-0.841480233553004,-0.921084671477716,-1.18715941448918,0.0450881163240448,-0.828582214378944,-0.981974678004798,0.240698651220578,-0.85554214246919,-0.652027720500058,-1.19527469575192,0,327282,2.85751693206132e-07,0,1,628,0,0.0935213856558892,0.315293441416317,0.00372314023259444,0.0335600843549893,0.493827191430257,0.0335600843549893,0.0799604010254986,0.015027593859105,,0.0288777697797873,0,0.2,0.00247311708975697,0.108764243469856,0.2,0.106291126380099,0,1-5,0.01-0.05,0.05-0.15
Laikipia,Laikipia East,Tigithi,-0.640990847854098,-1.03900225836152,-1.33505811628421,0.105899773633649,-0.566233838649193,-1.2282007415747,0.154283047966187,-0.923747879755308,-0.650546437041067,-1.3042472485043,0,341305,5.92503444684587e-08,0,1,629,0,0.0202224388188073,0.042503775074958,0.00100330420735104,0.00977314304541853,0.108110282152325,0.00977314304541853,0.00782987895299944,0.00183929240982147,,0.0104780080093705,0,0,0.000885536798366652,0.037231180110956,,0.0363456433125894,0,0,0.01-0.05,0.01-0.05
Laikipia,Laikipia East,Umande,-0.83089574194098,-0.932686374811703,-0.959145618936154,-0.128904754184812,-0.755068540843362,-0.907668860221452,0.122942437876932,-0.655746912819406,-0.59911878828597,-1.01467797859246,0,191391,2.99349953091976e-07,0,1,630,0,0.0572928868722264,0.147000323410017,0.00225294773541301,0.0236574304444132,0.384216180878699,0.0236574304444132,0.0239794333995022,0.00616515091842508,,0.0217219927034916,0,0.2,0.00185224333895418,0.0741838930907785,0.2,0.0723316497518243,0,1-5,0.01-0.05,0.05-0.15
Laikipia,Laikipia North,Mugogodo East,-0.805880171038922,-0.464790688098435,-0.74976827398535,-0.583245432218924,-0.55794757024568,-0.945206414196576,0.365858531122813,0.437359140038835,-0.6762699808941,-0.438696685372638,0,265468,1.06777266127483e-05,0,1,631,0,2.83459472843306,14.600830798705,0.0162459657785544,0.351371638685866,18.6532960857781,0.351371638685866,4.36767639607589,0.737954920429542,1.1,0.146632061715143,0,7,0.0067956709578409,0.561855702788839,7,0.555060031830998,1-5,5-17,0.05-0.15,0.50-0.70
Laikipia,Laikipia North,Mugogodo West,-1.19153980230803,-0.394329698029139,-0.257792756701143,-1.33237469055774,-0.275030655363873,-1.27610782591235,0.736446793688516,1.73465833132713,-0.891902263128421,0.415245807296164,0,158716,0.000180401334233984,0,1,632,0,28.632578164281,134.188527682693,0.182073142944702,3.21633746279668,211.895033283219,3.21633746279668,30.8013881165546,6.19146466428179,18,0.428967778427042,0.1,133.5,0.0640552518252748,0.85606236592245,133.4,0.792007114097175,17-51,93-191,0.30-0.50,0.70-0.90
Laikipia,Laikipia North,Segera,-0.985717251654892,-0.635565592159901,-1.14776171496731,-0.353415048888604,-0.336910341911258,-1.05553372229918,0.26362241412755,-0.25065395422518,-0.731510016540734,-0.61974321483107,0,162023,2.1109984662681e-06,0,1,633,0,0.342030304500156,1.40285996466655,0.0104995676825081,0.0840901794783474,2.33428913248155,0.0840901794783474,0.29648408385305,0.0631136271653763,0.2,0.0660779613534744,0,1.4,0.00717526555123187,0.251781184367903,1.4,0.244605918816671,1-5,1-5,0.05-0.15,0.15-0.30
Laikipia,Laikipia North,Sosian,-1.18720394416607,-0.523088079366717,0.724725186799617,-0.170967303637755,-0.104095404508425,-1.26000813549515,0.336967491410852,0.986432147836783,-0.81537263514131,0.697338259883238,0,331360,0.000246558874616705,0,1,634,0,81.6997486929912,699.544141030959,0.351756290725091,9.10979458370966,511.560451339174,9.10979458370966,311.441145663661,41.8187956426276,24.7,0.372120589590652,0.1,154.4,0.0676837927341308,0.781284966391597,154.3,0.713601173657466,17-51,93-191,0.30-0.50,0.70-0.90
Laikipia,Laikipia West,Githiga,-0.602766933846773,-0.651523563721204,-0.0442834664586041,0.0650347231212577,-0.580828193609707,-0.921490412122522,0.355478202981864,-0.234382599318011,-0.660723911832191,-0.0608308648496881,0,230190,6.98369658933013e-06,0,1,635,0,1.6075771178979,13.6407897844341,0.0225280069547348,0.224942977798683,9.69129326621861,0.224942977798683,5.97019511061058,0.808947940526296,0.7,0.122838193193807,0,4.2,0.0151064713230468,0.362345022427966,4.2,0.347238551104919,1-5,1-5,0.05-0.15,0.30-0.50
Laikipia,Laikipia West,Igwamiti,-0.230709955317315,-1.1629305834588,0.341100653728283,0.299371960242033,-0.396169274227444,-0.986349475076983,0.383758757191834,-0.647802271484058,-0.711298883977501,-0.565654901808749,0,513551,3.11774195502622e-07,0,1,636,0,0.160111949874567,0.71147776765007,0.00384188862032982,0.0389250495277556,1.10603485595749,0.0389250495277556,0.245251334213994,0.0380099588096909,,0.0253593371128704,0,0.2,0.0024274368404771,0.100575089805782,0.2,0.0981476529653052,0,1-5,0.01-0.05,0.05-0.15
Laikipia,Laikipia West,Marmanet,-0.378823445604368,-0.927183166398942,0.140541139885974,0.105438869596981,-0.536012733643139,-0.805594865387555,0.374354982192534,-0.369941424243957,-0.752987911061848,-0.233375837694249,0,576986,2.05508625138699e-06,0,1,637,0,1.18575599584278,3.87548677987252,0.0205411629480957,0.201737855718142,8.56965494841779,0.201737855718142,0.5368572033409,0.156507483479196,0.2,0.0780738508438887,0,1.5,0.0100877490249483,0.281726884043591,1.5,0.271639135018643,1-5,1-5,0.05-0.15,0.15-0.30
Laikipia,Laikipia West,Ol-Moran,-0.700402244260437,-0.425750527767672,-0.11550842735655,-0.115379935039422,-0.159901682367622,-1.07791535928684,0.409921156932772,0.158864727373251,-0.718702421513542,0.318066477895605,1,320612,1.59547204152041e-06,0,1,638,1,0.511527482175942,0.69285164214044,0.0668802447444628,0.341022163509837,1.97603783279549,0.341022163509837,0.105531647279524,0.0285843001101731,0.2,0.258676968494594,0,0.6,0.0493206873324768,0.659933479212724,0.6,0.610612791880247,1-5,1-5,0.15-0.30,0.50-0.70
Laikipia,Laikipia West,Rumuruti Township,-0.767337233671468,-0.717947113889939,0.22532104101564,-0.206397305625324,-0.319983955546146,-1.07878704245429,0.27171999613246,0.0305683554064473,-0.798093348428328,0.261783808756253,0,372429,4.92469270112281e-06,0,1,639,0,1.83409837798647,6.64673608737347,0.0485445102193741,0.404515016986756,12.5912571059042,0.404515016986756,1.48273955047327,0.303964933547555,0.5,0.165005095471756,0,3.4,0.0303059593223898,0.476774453735808,3.4,0.446468494413419,1-5,1-5,0.15-0.30,0.30-0.50
Laikipia,Laikipia West,Salama,-0.952666154519354,-0.788489406936285,0.531590583448151,-0.106779763759312,-0.0285325405303693,-1.17473507518777,0.191222554858291,-0.101843526070326,-0.75936454795445,-0.0599952971730336,0,232169,4.72329676011662e-06,0,1,640,0,1.09660308549952,18.2332998585308,0.0115311053614735,0.123406953420063,3.32909852994148,0.123406953420063,8.99407812217633,1.14542301452918,0.5,0.0737914254617321,0,1.4,0.00718211212462478,0.255089798139579,1.4,0.247907686014954,1-5,1-5,0.05-0.15,0.15-0.30
Lamu,Lamu East,Basuba,-0.883557791541595,1.61815643941209,-1.21550822657529,-0.992238688150733,2.78736541710477,-0.286351786479165,0.502390004986073,1.44006847221355,-1.24293131580969,-0.632088529296071,0,15943,8.02696279666677e-07,0,1,641,0,0.0127973867867258,0.0223825461035668,0.000618076975127003,0.00708574566242522,0.0577244400875072,0.00708574566242522,0.00335917908294996,0.000920251394620331,0.1,0.00992785619560392,0,0.4,0.000568644362662944,0.0433789597612761,0.4,0.0428103153986132,1-5,1-5,<0.01,0.01-0.05
Lamu,Lamu East,Faza,-0.793066939958011,1.50312198657242,-1.22860100526386,-0.312047048821186,0,-0.140948345222761,-0.528667570270546,0.450642921557772,-1.32617098973993,-0.951942628148492,0,121658,1.52813964323648e-05,0,1,642,0,1.85910412716863,4.83926315819017,0.0621253634156223,0.493464188157027,13.1993159412732,0.493464188157027,0.5899479037939,0.190342519304819,1.5,0.213432775700901,0.1,10.8,0.0357636670147766,0.559118931864416,10.7,0.523355264849639,1-5,5-17,0.15-0.30,0.50-0.70
Lamu,Lamu East,Kiunga,-1.33813525954823,1.58055679386471,-1.60553564085098,-0.726939716755866,3.03290717486959,-0.222498134552899,-0.0530672183384415,0.570517986970465,-0.996954336143763,-0.664071155517805,0,25603,1.15517260012039e-07,0,1,643,0,0.00295758840808825,0.00499635893237524,0.000133862314552257,0.00155005386377715,0.0138920847766925,0.00155005386377715,0.000811018317885975,0.000209292044513093,,0.00255167042877547,0,0.1,0.000123094512808439,0.0122343472236994,0.1,0.012111252710891,0,1-5,<0.01,0.01-0.05
Lamu,Lamu West,Bahari,-2.24728850865552,1.62821703394276,-1.65474800741492,-0.580150828845678,1.69349478929412,0.290576968823893,-0.319389892553612,0.471267289866654,-1.25466515594071,0.33246712629023,0,221409,3.80417486567222e-05,0,1,644,0,8.42278552833622,60.684287237294,0.0361956997156816,0.850553704046019,42.4232721119756,0.850553704046019,25.0561730186172,3.5036971822591,3.8,0.123402277679758,0,19.2,0.0122475872356985,0.42360116193379,19.2,0.411353574698091,1-5,17-51,0.05-0.15,0.30-0.50
Lamu,Lamu West,Hindi,-0.624007411340418,1.6708948536164,-0.966388905372629,-0.748196919615785,2.25465330398605,0.388347865795162,-0.438693384317848,0.262358513664979,-1.23975222057037,-0.425902358034227,0,300156,4.44509578098947e-08,0,1,645,0,0.0133422216923867,0.0390287727027709,0.00033402177466692,0.0044306655888852,0.0735355648913583,0.0044306655888852,0.0101262999218345,0.00187464160067726,,0.00630148131082374,0,0,0.000261344999585853,0.0366109178566414,,0.0363495728570555,0,0,<0.01,0.01-0.05
Lamu,Lamu West,Hongwe,-1.99588265785352,1.60896492390021,-1.65474786538738,-0.981686327486661,1.4635827651293,0.455619813708603,-0.00263502669487752,0.88449180643127,-1.30209121761619,0.82496442004896,0,161780,6.11902262876439e-05,0,1,646,0,9.89935480881502,25.9988747536737,0.0952254807515803,2.0262631511536,78.8540537915793,2.0262631511536,2.90338376004148,1.00578272029608,6.1,0.241988426410256,0.1,48.7,0.0316812022305021,0.642185085782403,48.6,0.610503883551901,5-17,17-51,0.15-0.30,0.50-0.70
Lamu,Lamu West,Mkomami,-0.530582935218933,1.61235053699932,-1.07955107742598,-0.77408950781912,1.98210168349477,-0.0220782478786953,-1.30312692157496,-0.00215363848066495,-1.10702074762368,-0.553673556691237,0,76874,7.43013673492103e-08,0,1,647,0,0.00571184331360319,0.0138300310603479,0.000276934657424542,0.00250011576499022,0.0281927968303169,0.00250011576499022,0.00353218114323914,0.000660738733034393,,0.00435279476400716,0,0,0.000243514494361268,0.0207744511838534,,0.0205309366894921,0,0,<0.01,0.01-0.05
Lamu,Lamu West,Mkunumbi,-0.684474364213402,1.6448498412584,-0.460315612718848,-1.0192774158956,3.09754937710687,0.412575840259453,-0.0045329445156094,0.899851749748315,-1.27911347305778,0.466848064285652,0,199388,9.52419638499412e-08,0,1,648,0,0.0189901046881121,0.11833700335995,0.000291971570566839,0.00440649001544188,0.0924014721466972,0.00440649001544188,0.0314186635305259,0.00572923537686298,,0.00436070748050538,0,0,0.000236073082102712,0.0165062874295674,,0.0162702143474647,0,0,<0.01,0.01-0.05
Lamu,Lamu West,Shella,-0.5915146401984,1.60377128411366,-1.22860100137269,-0.254476621977314,2.08765336145364,-0.192801409317085,-1.16963454517129,-0.0587300349552508,-1.15037205382517,-0.592888784606363,0,40913,7.27160230388048e-08,0,1,649,0,0.00297503065058662,0.00651133296041096,0.000144849323895894,0.00158654323557595,0.014321852465181,0.00158654323557595,0.0022087120859919,0.000345597645331778,,0.00254272162434068,0,0,0.000139936455626565,0.0124807489388958,,0.0123408124832692,0,0,<0.01,0.01-0.05
Lamu,Lamu West,Witu,-1.02173173305109,1.64366228465906,-0.512505072289391,-0.750181574526579,1.6864140473783,0.329568787096504,-0.0433505900381342,1.61921557449858,-1.16634708110179,1.31833039056822,0,238306,3.80116034160384e-05,0,1,650,0,9.05839316366244,28.7874952781233,0.0739470521714755,1.54506369892982,67.1279819297964,1.54506369892982,4.24197995302002,1.17862690090847,3.8,0.157309399801632,0,28.2,0.0182217089238703,0.445386032436379,28.2,0.427164323512509,1-5,17-51,0.15-0.30,0.30-0.50
Machakos,Athi River,Athi River,-1.09785529923054,-0.416620673443777,1.58967481093296,-0.0520040333318092,-1.12907388463063,-0.113587673815224,-0.845264602710507,-0.893621016806885,0.600559382522925,-1.18304979371579,0,740330,3.07708502756212e-07,0,1,651,0,0.227805835845507,1.55338736113446,0.00081996197159999,0.0183503388935651,1.42063312700257,0.0183503388935651,0.46322719098846,0.0784194814499412,,0.00857384988919887,0,0.2,0.000383016639152401,0.0411005174997798,0.2,0.0407175008606274,0,1-5,<0.01,0.01-0.05
Machakos,Athi River,Kinanie,-1.00829115856984,-0.484130765296472,0.943412894951031,-0.027266898550666,-0.98240780338147,0.158867933926044,0.386810908371959,-0.448465382647406,0.445675075537216,-1.03124062713046,0,615684,9.87280366400055e-07,0,1,652,0,0.607852725106652,2.38089937663802,0.00227723586383356,0.0755080318304436,4.62639373657162,0.0755080318304436,0.368561523726952,0.0986005265560995,0.1,0.0156400660717308,0,0.8,0.000802913725319233,0.067071468958039,0.8,0.0662685552327197,1-5,1-5,0.01-0.05,0.05-0.15
Machakos,Athi River,Mathatani,-0.913695805776132,-0.420701325280336,1.20306852810235,0.0371388522458308,-0.901650571101366,0.285295340387008,-0.432095500706411,-0.75441365205888,0.654939248782895,-1.24337344413755,0,1421220,1.19447840457836e-07,0,1,653,0,0.169761659815486,0.917600849647238,0.000685520532711431,0.0200215015199421,1.16868599291293,0.0200215015199421,0.297007432647205,0.0478014860611943,,0.00466057082144424,0,0.1,0.000190712841315796,0.0196751252860987,0.1,0.0194844124447829,0,1-5,<0.01,0.01-0.05
Machakos,Athi River,Syokimau-Mulolongo,-0.918463426550317,-0.437916792240053,1.71807210655596,-0.0884585621907285,-1.04423118599411,-0.290605778556017,-2.04530603886613,-1.17273043950167,0.184319117969005,-1.5029669424406,0,1160650,4.20349594088683e-08,0,1,654,0,0.048787875637903,0.298607161055458,0.000265666860575015,0.00687100605518022,0.332307898918718,0.00687100605518022,0.103653757560606,0.0159984267842481,,0.00439892107182649,0,0,0.000147083048177448,0.023082290309146,,0.0229352072609686,0,0,<0.01,0.01-0.05
Machakos,Kangundo,Kangundo Central,-0.53574139338784,-0.294830427240228,-0.045379522255843,-0.455488528026231,-0.589288104882362,0.00232300919277944,0.426342865976446,-0.839404136025205,-0.213172806529426,-1.14443702375591,0,181769,9.63239679235527e-08,0,1,655,0,0.0175087113254963,0.0332800461233919,0.000904331170181467,0.00923511728143417,0.0945290767076875,0.00923511728143417,0.0049113242200554,0.00136302688111226,,0.00944668097043067,0,0.1,0.000775174110037812,0.0356982563309851,0.1,0.0349230822209473,0,1-5,<0.01,0.01-0.05
Machakos,Kangundo,Kangundo East,-0.568225682467275,-0.218551819833957,-0.0453794794530163,-0.384056119557511,-0.552950457515167,-0.0942892494035347,0.422193362111331,-0.724099444973414,-0.277399336049248,-1.19649224528381,0,184078,2.03188012181362e-07,0,1,656,0,0.0374024429063208,0.157817091952199,0.00137875691114986,0.0135701535923764,0.219258516655628,0.0135701535923764,0.0570245481555523,0.00859716373700176,,0.0137697630796622,0,0.1,0.00104938704839762,0.0468093011144419,0.1,0.0457599140660443,0,1-5,0.01-0.05,0.01-0.05
Machakos,Kangundo,Kangundo North,-0.565329908882983,-0.160265512146656,-0.0465493720666871,-0.325619767924183,-0.647325314272404,-0.059964816183654,0.489443334066656,-0.794564334485746,-0.374474759795134,-1.12768439008281,0,164233,2.8218757788556e-07,0,1,657,0,0.0463445124788792,0.129680712408052,0.00127312805340931,0.0162469261597208,0.29240078251015,0.0162469261597208,0.0198402235938395,0.00535567011489793,,0.0177150505867299,0,0.2,0.000827070163166225,0.0774296206928608,0.2,0.0766025505296946,0,1-5,0.01-0.05,0.05-0.15
Machakos,Kangundo,Kangundo West,-0.52994651848771,-0.393805963752425,-0.0453791701053434,-0.561177655631686,-0.573300600481293,-0.00730945838704614,0.366899056758829,-0.754440388365769,0.0027718005821792,-1.23143443304616,0,214141,7.07998254287042e-08,0,1,658,0,0.0151611454171281,0.0509927557240018,0.000654642380619028,0.00670144939332633,0.0740679465226275,0.00670144939332633,0.0118071071308193,0.00235927954478443,,0.00726084019676092,0,0,0.00058801236575962,0.030150555949217,,0.0295625435834574,0,0,<0.01,0.01-0.05
Machakos,Kathiani,Kathiani Central,-0.448308532247396,-0.456467830709878,-0.045379397738535,-0.416221473322286,-0.65088094398023,-0.133758920663955,0.347316503784526,-0.689459875567193,-0.185739310049314,-1.21475596092491,0,195343,1.17610021323124e-07,0,1,659,0,0.022974294395323,0.0616906573626061,0.00161692374108321,0.0111701559237575,0.105136509060911,0.0111701559237575,0.0176755077518306,0.00306872714210365,,0.0111879219582919,0,0.1,0.00134652363538981,0.0378590169288747,0.1,0.0365124932934849,0,1-5,0.01-0.05,0.01-0.05
Machakos,Kathiani,Lower Kaewa-Kaani,-0.523720786134581,-0.453644463824027,-0.0679718117684661,-0.517863586730439,-0.691629904472268,-0.227047229952185,0.328794486292252,-0.634114018161627,-0.0951153828859171,-1.25460099383014,0,197659,1.18748514307771e-07,0,1,660,0,0.0234717125895597,0.0762067102865279,0.00112239413435385,0.0103100874085554,0.112296985157222,0.0103100874085554,0.0190940136224535,0.00361747922936482,,0.0103435322204513,0,0.1,0.000940949837770087,0.0383512150702016,0.1,0.0374102652324315,0,1-5,0.01-0.05,0.01-0.05
Machakos,Kathiani,Mitamboni,-0.590636791382293,-0.420601573051353,0.175957005564343,-0.496302219139622,-0.651686674171268,0.174155707705977,0.341995721682885,-0.700732438609889,0.243334524522527,-1.21249596345051,0,326214,6.45367848085022e-08,0,1,661,0,0.0210528027195207,0.0566054212131959,0.000597199398396142,0.00705777460784939,0.138761777328187,0.00705777460784939,0.00885882250471788,0.00235030171951043,,0.00648993262961316,0,0,0.000452607844011322,0.0250470237049487,,0.0245944158609374,0,0,<0.01,0.01-0.05
Machakos,Kathiani,Upper Kaewa-Iveti,-0.475689812611857,-0.470116208468987,-0.0611027348548023,-0.257503367077258,-0.728131903067597,-0.235285638249183,0.367689227270245,-0.690105694480139,-0.303924401985999,-1.26205444536015,0,178311,1.78348690276666e-07,0,1,662,0,0.0318015333119226,0.06719818096784,0.00146680378018555,0.0140612365632284,0.19256448527477,0.0140612365632284,0.00902943607173111,0.0026960647442566,,0.0135276026796615,0,0.1,0.00108684389150867,0.0509154433077276,0.1,0.049828599416219,0,1-5,0.01-0.05,0.01-0.05
Machakos,Machakos,Kalama,-0.940508389463667,-0.479007835950718,0.45030884425433,-0.20292296203249,-0.791001618226781,-0.260578924516943,0.463827374018692,-0.506454945305493,-0.111462904404113,-1.27534917365348,0,221934,1.14529456145529e-06,0,1,663,0,0.254179803202018,1.137317188641,0.00292438238097712,0.0408621435673437,2.06051494945774,0.0408621435673437,0.244669741552919,0.0514394005382889,0.1,0.0283818417961147,0,0.9,0.00168979879993241,0.119483069521866,0.9,0.117793270721933,1-5,1-5,0.01-0.05,0.05-0.15
Machakos,Machakos,Kola,-0.695102871179435,-0.491496576510672,0.125242354249889,-0.314777878627376,-0.726369048608153,-0.684274976582583,0.559121233726393,-0.401550433966174,-0.287816130594245,-1.27423803756837,0,173193,5.2968953859263e-07,0,1,664,0,0.0917385202574734,0.274707029091541,0.00434237567796328,0.0334002554492832,0.611942076148214,0.0334002554492832,0.0654312898973469,0.0128252371382417,0.1,0.0284449459936555,0,0.4,0.0029036713872324,0.10113625041746,0.4,0.0982325790302275,1-5,1-5,0.01-0.05,0.05-0.15
Machakos,Machakos,Mua,-0.798316490647252,-0.572828455060615,0.830581311154937,-0.294945167284947,-0.843484557403382,-0.0824780349862801,0.380333282711136,-0.696476778038053,0.136666998326027,-1.29805502592914,0,385565,3.14187001873715e-07,0,1,665,0,0.121139511377439,0.55179645917196,0.00144390108224534,0.0225425641613227,0.806608592329669,0.0225425641613227,0.125923802462563,0.0254134567062114,,0.0147026182685921,0,0.2,0.000954462115981512,0.0647863377225521,0.2,0.0638318756065706,0,1-5,0.01-0.05,0.05-0.15
Machakos,Machakos,Mumbuni North,-0.617160655394571,-0.478717768815131,-0.00723094531986213,-0.531256680992376,-0.787614346234496,-0.218671323356183,0.143116386814784,-0.898279912067822,0.186265962944438,-1.37418402456598,0,322748,5.4529689765559e-08,0,1,666,0,0.0175993483124546,0.0586243970490676,0.000844395546793021,0.00728766203669106,0.0756228621592698,0.00728766203669106,0.0159244468422577,0.00286101666128728,,0.00721385261084673,0,0,0.000652611322377468,0.0273349854628381,,0.0266823741404606,0,0,<0.01,0.01-0.05
Machakos,Machakos,Mutituni,-0.409034007600146,-0.474854369195958,0.191811187021455,-0.190521130782459,-0.730038053385179,-0.0304267819105333,0.3410739662587,-0.740453907147267,-0.0554694648572502,-1.25635387986791,0,177107,1.32498975081569e-07,0,1,667,0,0.0234664959797714,0.0429235258994993,0.00102977782794538,0.0111451417847417,0.115244733225789,0.0111451417847417,0.00493537282479537,0.00166950145504551,,0.0117616401155013,0,0.1,0.000931504169661241,0.0470285445051986,0.1,0.0460970403355374,0,1-5,0.01-0.05,0.01-0.05
Machakos,Machakos,Muvuti-Kiima-Kimwe,-0.713565369832292,-0.470275798005492,-0.0887997980726022,-0.607478286890657,-0.781892059283167,-0.0881843333576863,0.37770539016091,-0.669293119887728,-0.107383096463174,-1.29908982760983,0,254979,2.03684589812832e-07,0,1,668,0,0.0519352930258862,0.16296667066215,0.00190011284315184,0.0190706919453461,0.28406665943324,0.0190706919453461,0.0438236314847682,0.00792510843650402,,0.0177824952228162,0,0.1,0.00145914062531179,0.0703574255690928,0.1,0.068898284943781,0,1-5,0.01-0.05,0.05-0.15
Machakos,Machakos,Township,-0.734692467594371,-0.470273483080356,-0.0887995996231333,-0.692945116831698,-0.803721192813671,-0.0881843333576863,0.37770539016091,-0.669293119887728,-0.107383096463174,-1.29908982760983,0,294237,2.3706113383646e-07,0,1,669,0,0.0697521568366385,0.585149034514072,0.00171878348909726,0.0161109243569316,0.335289261595259,0.0161109243569316,0.252684429701973,0.0344852037395081,,0.0145229317655923,0,0.1,0.001220002666258,0.052074661592598,0.1,0.05085465892634,0,1-5,0.01-0.05,0.05-0.15
Machakos,Masinga,Ekalakala,-0.769318052604963,0.321197179199407,-0.425345606544515,-0.0758140378220843,-0.778472223925142,-0.285896343379572,0.794885991071718,-0.212284794182936,-0.146612379622489,-0.775083308000866,0,171775,5.62188548948902e-06,0,1,670,0,0.965699379956977,3.82601874177476,0.0225257919847616,0.199271843789741,7.57017718646966,0.199271843789741,0.933626645974622,0.180037069655068,0.6,0.101810417825533,0,4.4,0.0127260282034102,0.316090092416301,4.4,0.303364064212891,1-5,1-5,0.05-0.15,0.30-0.50
Machakos,Masinga,Kivaa,-0.770995401266487,0.535103067068959,-0.756245524123092,-0.651935834224687,-1.0847398424861,-0.607825083765279,0.62126756349825,-0.240104626352996,-0.0934770768046523,-0.54394167314953,0,434473,3.42862855274402e-06,0,1,671,0,1.48964653319635,6.11550164459798,0.05122418899777,0.348876892186859,8.58381778467856,0.348876892186859,1.34617085201037,0.278528462555996,0.3,0.152496691299103,0,2,0.0279269434890744,0.400468298189589,2,0.372541354700515,1-5,1-5,0.15-0.30,0.30-0.50
Machakos,Masinga,Mananja,-0.375738330514583,-0.00711385261663045,-0.0942303868716437,0.511145123992434,-0.428039006179613,-0.0453808715453581,0.0912622805498091,-0.534464990290617,-0.327353199424497,-0.936166529694465,0,171934,4.80537153164564e-07,0,1,672,0,0.0826206748921961,0.214219117323107,0.0033502611007156,0.0279610801634116,0.549251244790931,0.0279610801634116,0.0325448305672993,0.00883251910405721,,0.0212270498781993,0,0.3,0.00240301171732892,0.0770648130861039,0.3,0.0746618013687749,0,1-5,0.01-0.05,0.05-0.15
Machakos,Masinga,Masinga Central,-0.849232999820741,0.296494542828456,-0.61791306469984,-0.463422889895412,-0.953932418707861,-0.440050766117386,0.72660763305805,-0.212911400269705,-0.098267697229754,-0.653573297380022,0,356786,3.93001055721389e-06,0,1,673,0,1.40217274666611,7.03788054937243,0.0225669998436533,0.28321415307544,7.7854683131906,0.28321415307544,1.96845765660487,0.347053517811519,0.4,0.118295278685958,0,2.2,0.0132391755368093,0.386217952398397,2.2,0.372978776861588,1-5,1-5,0.05-0.15,0.30-0.50
Machakos,Masinga,Muthesya,-0.490940538035183,0.191685885995737,-0.0989983042999874,0.0562072931533081,-0.522455888432426,-0.35292156692097,0.627314076518527,-0.196059845474098,-0.31611760016026,-0.786814948996151,0,131337,1.82398045311758e-06,0,1,674,0,0.239556120771103,0.774753926216737,0.011310544353548,0.0845369889815183,1.35734231749314,0.0845369889815183,0.200798621914728,0.0371994902555001,0.2,0.0584480329941517,0,1,0.00716938315929155,0.191271789443157,1,0.184102406283865,1-5,1-5,0.05-0.15,0.15-0.30
Machakos,Matungulu,Kyeleni,-0.625069148369536,-0.281436480799315,-0.732799347461724,0.266644048086073,-0.564649400746017,0.121513931623992,0.42997342753981,-0.579220029409738,0.687478821684119,-1.0995601133539,0,138309,1.59527192358409e-07,0,1,675,0,0.0220640464478992,0.0933650777379759,0.000744031966574306,0.00777870089898349,0.1362403790848,0.00777870089898349,0.0287003452425527,0.00476763220769974,,0.00766708521001216,0,0.1,0.000553953226818955,0.0284441589307887,0.1,0.0278902057039698,0,1-5,<0.01,0.01-0.05
Machakos,Matungulu,Matungulu East,-0.60951761648466,-0.191333841919949,-0.12280274254119,-0.338724664107753,-0.695376652153888,-0.0149254186961227,0.572417305287852,-0.743474723753803,-0.00236304541907186,-1.10703304014669,0,178937,3.03146021930376e-07,0,1,676,0,0.0542440397261556,0.261351416038278,0.00203084577199326,0.0201784941427898,0.207847759988127,0.0201784941427898,0.0765446751138521,0.0131057677662598,,0.0184559826989981,0,0.1,0.00164410228454885,0.0667652702068059,0.1,0.0651211679222571,0,1-5,0.01-0.05,0.05-0.15
Machakos,Matungulu,Matungulu North,-0.524491149210821,-0.195009522154646,-0.135626196135214,0.178553897132609,-0.618838165869811,0.00826108553590934,0.400319059071055,-0.691293818323329,0.163114551416305,-1.0067994065382,0,277129,5.41899770430266e-07,0,1,677,0,0.150176141479569,0.405897620774784,0.0057265168744708,0.0504225499363607,1.0329012871891,0.0504225499363607,0.0643939409554944,0.0169082402035912,0.1,0.0465686944486082,0,0.4,0.00375281235381192,0.18957034017787,0.4,0.185817527824058,1-5,1-5,0.01-0.05,0.15-0.30
Machakos,Matungulu,Matungulu West,-0.718407831569345,-0.273036739836273,0.182666614721638,-0.119027782923197,-0.6540360954361,0.181614795230535,0.499225536444338,-0.630572769195059,0.42213392183344,-1.14736743395357,0,575239,1.84746852769877e-07,0,1,678,0,0.106273594840491,0.377750598795974,0.00185528893608953,0.0218396797717104,0.746943403858975,0.0218396797717104,0.0807673188121383,0.0170536965559038,,0.0124664118469886,0,0.1,0.000986038629190304,0.0491721563471178,0.1,0.0481861177179275,0,1-5,0.01-0.05,0.01-0.05
Machakos,Matungulu,Tala,-0.601791939563488,-0.273178721911828,-0.0695003297859641,-0.477839180474316,-0.614684290872026,-0.00249534298475177,0.457197829058885,-0.857485968523009,-0.148627641155381,-1.14052941231018,0,303522,1.74098074919555e-07,0,1,679,0,0.0528425958957331,0.306734641946247,0.00150421757670638,0.0166563540196593,0.265734678410386,0.0166563540196593,0.11375899419628,0.016894551578066,,0.0171578914359255,0,0.1,0.00100773678234687,0.0762906512309382,0.1,0.0752829144485913,0,1-5,0.01-0.05,0.05-0.15
Machakos,Mwala,Kibauni,-0.839320512472644,0.192785966484312,-0.863221220536113,-0.787128142394643,-0.419711138502589,-0.596357119133907,0.579386784311074,-0.326427240753039,-0.267814970472154,-1.0982629340121,0,157351,5.82272688167763e-07,0,1,680,0,0.0916211897558857,0.232525476587299,0.0038542802825743,0.0407998683505541,0.444353871512081,0.0407998683505541,0.0560446361030942,0.0108976752147418,0.1,0.0421285908059469,0,0.3,0.0031818898505688,0.159075483671295,0.3,0.155893593820726,1-5,1-5,0.01-0.05,0.15-0.30
Machakos,Mwala,Makutano-Mwala,-0.693045100286802,0.000672854078469735,-0.298862887061653,-0.693927065962933,-0.630339256818245,-0.192113917329476,0.442289838417763,-0.629719871065135,-0.193713114574936,-1.17390348686779,0,296213,3.08260638889578e-07,0,1,681,0,0.0913108086273984,0.355248441310769,0.00332824160510423,0.0287628140703921,0.56786552096421,0.0287628140703921,0.0919252914234615,0.0170478080071244,,0.0249964318276455,0,0.2,0.00220149419741424,0.103176997623235,0.2,0.100975503425821,0,1-5,0.01-0.05,0.05-0.15
Machakos,Mwala,Masii,-0.687497322630632,-0.162542556698341,-0.144800755704213,-0.818324586461075,-0.617615931477185,-0.230054582580098,0.315299149903835,-0.557623842479572,-0.164832378512144,-1.2359188998294,0,289653,1.52325516986874e-07,0,1,682,0,0.044121542971799,0.122830602917405,0.00235647573499535,0.0182443471839308,0.217772596843795,0.0182443471839308,0.0237227685064065,0.00538460433361035,,0.017283261403495,0,0.1,0.00154007971036382,0.0646337806624131,0.1,0.0630937009520492,0,1-5,0.01-0.05,0.05-0.15
Machakos,Mwala,Mbiuni,-0.697004575049788,-0.0107884806126129,-0.0986445778739192,-0.615168891197712,-0.756860463647616,-0.0716596142769429,0.533013958562997,-0.687552430665835,-0.154312468312957,-1.11672588690828,0,288115,1.02576991401293e-06,0,1,683,0,0.295539698775835,1.40948160320605,0.00494130162105091,0.0681647254374189,1.57924779833022,0.0681647254374189,0.305254792672997,0.063877730092951,0.1,0.0816631985519589,0,0.5,0.00334092798337421,0.373167797497283,0.5,0.369826869513909,1-5,1-5,0.05-0.15,0.30-0.50
Machakos,Mwala,Muthetheni,-0.811995143500532,0.0266795649477101,-0.669866781882221,-0.865898558260157,-0.473906467446183,-0.442388564283693,0.377549677747014,-0.44623841918828,-0.243592916853916,-1.19966537770363,0,211352,2.12887028548959e-07,0,1,684,0,0.0449940992578796,0.144366649062439,0.00122914584596556,0.0161185080416918,0.272156865169072,0.0161185080416918,0.0267999934463491,0.00626025470339616,,0.0187632610023201,0,0.1,0.000802228283954384,0.0933220642214947,0.1,0.0925198359375403,0,1-5,0.01-0.05,0.05-0.15
Machakos,Mwala,Wamunyu,-0.828163544488471,0.115305492032369,-1.20248977304447,-0.7928450023368,-0.586983095956668,-0.455624432082572,0.464269428967639,-0.440876358432566,-0.116346996898622,-1.17133668302343,0,241280,1.32094166994549e-07,0,1,685,0,0.0318716806124449,0.0824259105599844,0.00139904398880516,0.0144218894815289,0.148706868935609,0.0144218894815289,0.0169220872496753,0.00367678292529013,,0.014208027273882,0,0.1,0.0012023136189078,0.051876538164568,0.1,0.0506742245456602,0,1-5,0.01-0.05,0.05-0.15
Machakos,Yatta,Ikombe,-0.864706672689938,0.115259123380225,-1.03449967484692,-0.391639747292529,-0.824337468836973,-0.45462590891548,0.50965823854005,-0.316885063089877,0.0379896672986621,-1.04472417719006,0,303187,5.36732844381622e-07,0,1,686,0,0.162730420889531,0.69185120714638,0.00385476802026928,0.0406101694391196,0.96060637981963,0.0406101694391196,0.15769214150895,0.0318515828907525,0.1,0.0280667549068092,0,0.3,0.00249510402391859,0.101406810618939,0.3,0.0989117065950207,1-5,1-5,0.01-0.05,0.05-0.15
Machakos,Yatta,Katangi,-0.903622209469485,0.251994456170272,-1.02940490727459,-0.586760490775732,-0.650777031040866,-0.656752135563796,0.462509955591287,-0.298801915972486,0.107311952186979,-1.07073401706028,0,245011,2.49350829839508e-07,0,1,687,0,0.0610936961698076,0.182329296998659,0.00283528303049049,0.0249230180209162,0.392633012045581,0.0249230180209162,0.0438383909540482,0.00853834191436494,,0.021702141088551,0,0.2,0.00201760892381059,0.0742537948999742,0.2,0.0722361859761637,0,1-5,0.01-0.05,0.05-0.15
Machakos,Yatta,Kithimani,-0.696291928582979,0.114206674230215,-0.211414449726162,-0.42974389746978,-0.85994585025153,-0.180246887365413,0.610944204035123,-0.626949061533955,-0.0929363903175243,-1.01914004363689,0,372569,4.23991779856915e-07,0,1,688,0,0.157966193429511,0.729286358759325,0.00426214385245893,0.037063091702243,1.13139464499981,0.037063091702243,0.221642988801727,0.0370799930421146,,0.0253160142091128,0,0.3,0.00247007340854359,0.101345382945625,0.3,0.0988753095370812,0,1-5,0.01-0.05,0.05-0.15
Machakos,Yatta,Matuu,-0.92288957023308,0.140499032832504,-0.681432445318561,-0.334348204646381,-0.984106596664595,-0.262650671050822,0.649815246386517,-0.547816554710408,-0.0330104032178239,-0.988488090380503,0,273375,1.0350318232189e-06,0,1,689,0,0.282951824672466,0.883743533469834,0.00621186113121624,0.0649664589970445,2.12806333247698,0.0649664589970445,0.158674753962909,0.0379818969258917,0.1,0.0386275000196309,0,0.8,0.00442849559096317,0.127621713745318,0.8,0.123193218154355,1-5,1-5,0.01-0.05,0.05-0.15
Machakos,Yatta,Ndalani,-0.670307543651263,0.213842806199709,-0.207389960923291,-0.197180821557146,-0.79505328517346,-0.253664623397453,0.69367028616954,-0.546390109732074,-0.123365439292291,-0.89576129048003,0,240177,9.46746850017385e-07,0,1,690,0,0.227386818196625,0.84018450461708,0.00455844366998324,0.0568791805092723,1.38184284445642,0.0568791805092723,0.16560825578912,0.03704295264613,0.1,0.0369546637265793,0,0.6,0.00262795062394733,0.148014884891231,0.6,0.145386934267283,1-5,1-5,0.01-0.05,0.05-0.15
Makueni,Kaiti,Ilima,-0.37349631846385,-0.333779674147087,-0.263604152494587,-0.325013567349399,-0.508272923008724,-0.839006067745405,0.560978982552504,-0.444372006650174,-0.569347846972282,-1.20776860506371,0,222540,2.23027013852941e-07,0,1,691,0,0.0496324316628335,0.364363779014848,0.00161196632527954,0.0157445032137014,0.18093235243184,0.0157445032137014,0.164359000938818,0.0219171703238602,,0.01671158153512,0,0.1,0.00112746536986771,0.0691158888846413,0.1,0.0679884235147736,0,1-5,0.01-0.05,0.05-0.15
Makueni,Kaiti,Kee,-0.474121158166805,-0.494286271758091,-0.112382377605136,-0.573623395176202,-0.611274173377076,-0.958984701245598,0.49187056417293,-0.477571732896409,-0.424614770071108,-1.29662273653648,0,209123,1.32437339311451e-07,0,1,692,0,0.0276956937088287,0.130695845003439,0.0012157318873926,0.0113611849602952,0.101198859768828,0.0113611849602952,0.0382100464161254,0.00654958103282624,,0.0126194960307036,0,0,0.00109358173816239,0.0488048340383921,,0.0477112523002297,0,0,0.01-0.05,0.01-0.05
Makueni,Kaiti,Kilungu,-0.353583147177419,-0.487778455981671,-0.260141433242314,-0.247959566631993,-0.609939927825856,-0.926697259747173,0.499555479139087,-0.586529567925876,-0.546853532055841,-1.26662662421482,0,311562,1.11444308009554e-07,0,1,693,0,0.0347218114920726,0.140377251588253,0.00129632433592329,0.013384018644737,0.169233220971672,0.013384018644737,0.0414028771747987,0.0070576663380649,,0.0129101012054437,0,0.1,0.00097600637047499,0.0469435561489979,0.1,0.0459675497785229,0,1-5,0.01-0.05,0.01-0.05
Makueni,Kaiti,Ukia,-0.25756834180606,-0.168277538222556,-0.558405691969738,-0.397060425830062,-0.337432208207227,-0.696666458114787,0.403916457884997,-0.447279307580715,-0.493010294512158,-1.21706612736375,0,424424,6.65423012321897e-08,0,1,694,0,0.0282421496581709,0.097949380876104,0.000799693914116646,0.00952239689772796,0.172148078002713,0.00952239689772796,0.0207810775599405,0.0044117421361588,,0.00958154986847128,0,0,0.000581216473900487,0.0364478431196888,,0.0358666266457883,0,0,<0.01,0.01-0.05
Makueni,Kibwezi East,Ivingoni/Nzambani,-1.12129705503953,0.551071981912744,-0.932748138942222,-0.686229010551362,0.509052143231569,-0.0221629286114745,0.0354491249723386,-0.362983156660425,-0.617320397779868,-0.935257802414347,0,370652,1.06702711317781e-07,0,1,695,0,0.039549573355358,0.264451921579942,0.000827896282000213,0.010060580626696,0.235823609208508,0.010060580626696,0.121253310723785,0.0160314367524741,,0.00770851422041079,0,0.1,0.000580696284009773,0.0304618071321064,0.1,0.0298811108480967,0,1-5,<0.01,0.01-0.05
Makueni,Kibwezi East,Masongaleni,-1.26383875803324,0.965192518702997,-1.56699680625171,-0.976164792927238,0.504689504666515,-0.261015780970219,0.531511119444933,0.0455210850557544,-0.539138827039745,-0.87998345050661,0,421997,3.38128211516246e-07,0,1,696,0,0.142689090875221,0.44759595251733,0.00326714375476777,0.0362105680235457,0.895925976130353,0.0362105680235457,0.0772603653466362,0.0190406013613157,,0.021142432549737,0,0.2,0.00163941578488916,0.0825820916951548,0.2,0.0809426759102657,0,1-5,0.01-0.05,0.05-0.15
Makueni,Kibwezi East,Mtito Andei,-1.0882859044322,1.04052993366471,-1.2155060183387,-1.38828139220687,0.792689117669417,-0.00901107058113407,0.182084400169373,-0.123970384349526,-0.664037829462169,-0.816741440849683,0,294090,8.42311107767259e-08,0,1,697,0,0.0247715273683273,0.0861677779541839,0.000624784139853914,0.00831606000184666,0.140761040124156,0.00831606000184666,0.0258896042883188,0.00436226673793965,,0.00922190768311041,0,0,0.000423454135061178,0.0431114245131491,,0.0426879703780879,0,0,<0.01,0.01-0.05
Makueni,Kibwezi East,Thange,-0.977457257834271,0.375789778295569,0.156173238892397,-0.56519539763265,0.719017486236676,-0.258664641035012,0.345100848717299,-0.196581864942196,-0.493936292562861,-1.04761659642654,0,300630,1.35895752528888e-07,0,1,698,0,0.0408543400827595,0.115060485714594,0.00107492977489602,0.0120695239768895,0.285801286421303,0.0120695239768895,0.0143887123179253,0.00454855410586514,,0.0092521009141147,0,0.1,0.00074603127119188,0.0342684489801289,0.1,0.033522417708937,0,1-5,<0.01,0.01-0.05
Makueni,Kibwezi West,Emali/Mulala,-0.91060068844679,0.197886868966575,-0.839205587326111,-0.306804664570359,-0.370976822384693,-0.345287769718395,0.524516616176422,0.0841958975800324,-0.27163264294596,-1.13102367168468,0,232002,1.57781882899829e-06,0,1,699,0,0.366057123965262,1.13211153535598,0.00920618737813089,0.0969719447051935,2.30657649109622,0.0969719447051935,0.216861599484392,0.0495160419987089,0.2,0.0467088309439469,0,1,0.0056800198708216,0.14975474131945,1,0.144074721448628,1-5,1-5,0.01-0.05,0.05-0.15
Makueni,Kibwezi West,Kikumbulyu North,-1.21174855085733,0.726219709423788,-1.10447090990985,-0.961051557964942,0.268656079209014,-0.281859748882184,0.276322686676768,0.0995829272321512,-0.35747360264331,-1.08331971263542,0,203725,6.81091845383628e-07,0,1,700,0,0.13875543620078,0.445952597027967,0.00418484888672718,0.0388711240464628,0.999802906700279,0.0388711240464628,0.067773269264018,0.0183886172577597,0.1,0.028120959931232,0,0.5,0.00247184330555968,0.101483749201418,0.5,0.0990119058958581,1-5,1-5,0.01-0.05,0.05-0.15
Makueni,Kibwezi West,Kikumbulyu South,-1.21409001858864,0.723210587332343,-0.0802987078593627,-0.828784340540427,0.210957545871551,-0.233965368482372,0.196983017325061,-0.187137107387087,-0.422173049992781,-1.12831086599939,0,222939,3.040388663663e-07,0,1,701,0,0.0677821208288365,0.259804820845497,0.00132869158446351,0.0168098511133773,0.445619679918458,0.0168098511133773,0.0469308841119986,0.0111839195376241,,0.0131879600624051,0,0.2,0.000868454133120859,0.0517801205237599,0.2,0.050911666390639,0,1-5,0.01-0.05,0.05-0.15
Makueni,Kibwezi West,Makindu,-1.27768248710396,0.593285904617196,-0.878133078374012,-0.589866004694875,0.15057449548202,-0.247607378237797,0.454289501885086,0.0776589825494485,-0.310696787559173,-1.22451644728625,0,543784,3.84459440905905e-07,0,1,702,0,0.209062892613577,0.709009315397892,0.00220551261463524,0.0429969226646052,1.36518885503957,0.0429969226646052,0.127942563292104,0.0305126413830063,,0.0151233163825186,0,0.3,0.00108900428233569,0.0586353834083595,0.3,0.0575463791260238,0,1-5,0.01-0.05,0.05-0.15
Makueni,Kibwezi West,Nguu/Masumba,-1.16231818474252,0.436202099206136,-1.03480210597998,-0.417482306651232,-0.194503071532202,-0.333946198584757,0.798349354259078,0.25859339897507,-0.301173473799193,-1.18437606328749,0,302268,2.60288338663305e-06,0,1,703,0,0.786768355510797,3.91402276001209,0.00661111969725517,0.102279827541162,5.15325060130672,0.102279827541162,0.917930829986054,0.181827310498663,0.3,0.0337325693225242,0,1.7,0.00289327281002212,0.134867757543302,1.7,0.13197448473328,1-5,1-5,0.01-0.05,0.05-0.15
Makueni,Kibwezi West,Nguumo,-1.21582506909782,0.540871650082424,0.79563022966544,-0.54081937530981,0.0958794637898183,-0.312285283546171,0.29279451870905,-0.0862831610364767,-0.350829814733094,-1.19459812672476,0,276553,1.2514074025301e-06,0,1,704,0,0.346080471391908,2.26368959920313,0.00210632405297446,0.0346996885550763,1.82208791410191,0.0346996885550763,0.569889417982021,0.107627121996174,0.1,0.0158452424119937,0,0.7,0.000978433119652186,0.0697262585986579,0.7,0.0687478254790058,1-5,1-5,0.01-0.05,0.05-0.15
Makueni,Kilome,Kasikeu,-0.818905605599673,-0.0762003383437816,-0.313377873227163,-0.258280410834232,-0.598462449579805,-0.711831304433511,0.636661061303799,-0.138026195752739,-0.472399443010934,-1.15660854640893,0,397318,2.43739429884292e-06,0,1,705,0,0.968420628027672,3.42611421090711,0.0126650012533978,0.183924516821626,7.57489371889303,0.183924516821626,0.608905241558935,0.146853793154195,0.2,0.073017589571807,0,1.9,0.00746364730581618,0.259264769498981,1.9,0.251801122193165,1-5,1-5,0.05-0.15,0.15-0.30
Makueni,Kilome,Kiima Kiu/Kalanzoni,-0.826620153095437,-0.376044314756986,-0.676221814393666,-0.389462960329495,-0.836823388488015,-0.747659096024237,0.819208721344502,-0.372796328306305,-0.318919681767108,-1.22397744305717,0,354264,1.13913636772229e-06,0,1,706,0,0.403555006174769,1.5023755870858,0.0116150616262428,0.0920617457658077,2.78610899395425,0.0920617457658077,0.307912950271055,0.0669834124406117,0.1,0.0580714644812081,0,0.8,0.00632239073962472,0.207765147457856,0.8,0.201442756718231,1-5,1-5,0.05-0.15,0.15-0.30
Makueni,Kilome,Mukaa,-0.575239134960491,-0.329392399952704,-0.2664985903303,-0.316727406902584,-0.700482962977368,-0.850137482141298,0.69094789454547,-0.475213844957873,-0.474012732002192,-1.25217966845043,0,280781,8.98614121073175e-07,0,1,707,0,0.252313771529047,1.41030557929504,0.0061550837939464,0.0558596048066019,1.33602722645948,0.0558596048066019,0.405713791617499,0.0702573714672398,0.1,0.043957131122189,0,0.5,0.00354812636078837,0.158003451149941,0.5,0.154455324789152,1-5,1-5,0.01-0.05,0.15-0.30
Makueni,Makueni,Kathonzweni,-1.18375635026676,0.489335523819278,-1.11675293696802,-0.414344859427014,0.0504777779955142,-0.0900872463795049,0.706410041580828,0.0739185958617952,-0.365107858327984,-1.14297236352586,0,325758,2.31626210060705e-06,0,1,708,0,0.754540909369551,6.96852137340372,0.00617396239855439,0.10492968604271,3.5238586188102,0.10492968604271,3.23669240025698,0.425070396038593,0.2,0.0383729524010799,0,1.1,0.00285119584783972,0.142548528381003,1.1,0.139697332533163,1-5,1-5,0.01-0.05,0.05-0.15
Makueni,Makueni,Kitise/Kithuki,-1.24640471016695,0.631631096359744,-1.30813090854434,-0.779049548430857,0.143831662419062,-0.349428468739204,0.780071194825174,0.484651197090861,-0.342406956538501,-1.06798181387835,0,182871,9.57479960669678e-07,0,1,709,0,0.175095317887625,0.588744885538877,0.00460102738325957,0.055697515399296,1.05470435779055,0.055697515399296,0.110764538987107,0.0256231125343353,0.1,0.0404445813251405,0,0.6,0.00338228814297021,0.151830152186425,0.6,0.148447864043455,1-5,1-5,0.01-0.05,0.05-0.15
Makueni,Makueni,Mavindini,-1.09927363628832,0.439591500364561,-0.989452959825572,-0.568641799583544,-0.0228215058415423,-0.240660152094536,0.770110623471449,0.0981575707014964,-0.355593862854126,-1.03319803650414,0,204396,1.53319454365627e-06,0,1,710,0,0.313378831945167,1.32024736393829,0.00883766056903506,0.0811785120806847,1.85458075164496,0.0811785120806847,0.489061141063076,0.0726808298655868,0.2,0.0459601862231152,0,0.9,0.00520097941557581,0.137268254899896,0.9,0.132067275484321,1-5,1-5,0.01-0.05,0.05-0.15
Makueni,Makueni,Mbitini,-0.781528587103079,0.0466411644725377,-0.292846905444496,-0.304625216498558,-0.408961306565327,-0.579256648396749,0.699848120101527,0.160362584934067,-0.491367832610461,-1.08835275184737,0,220845,9.49476351159505e-07,0,1,711,0,0.209687104771821,0.494535969875436,0.00666096898630077,0.0662012632847216,1.46647119203753,0.0662012632847216,0.0543231200642306,0.0190742962770632,0.1,0.0375610162032701,0,0.7,0.00388812698118142,0.124328358661522,0.7,0.120440231680341,1-5,1-5,0.01-0.05,0.05-0.15
Makueni,Makueni,Muvau/Kikumini,-0.926602777748099,0.304761912162769,-0.852901092030812,-0.582734499337625,-0.0759398568721454,-0.0992196004269963,0.66978279167574,-0.414598466831598,-0.490055639850401,-1.19621039196521,0,294519,1.55207351933453e-07,0,1,712,0,0.0457115140840887,0.103618620115264,0.00125606738946459,0.0164533074244795,0.339123248828967,0.0164533074244795,0.0132103204189877,0.00411220249857234,,0.0131097009213047,0,0.1,0.000857525933388639,0.0504940456909902,0.1,0.0496365197576015,0,1-5,0.01-0.05,0.01-0.05
Makueni,Makueni,Nzaui/Kilili/Kalamba,-0.606351485962717,0.118637090211414,-0.705559029284286,-0.647689769092386,-0.22804299726696,-0.443605917723723,0.660323749740102,-0.244336091267476,-0.440156179007012,-1.19592831738435,0,307166,1.33934608378128e-07,0,1,713,0,0.041140157917076,0.145992403916157,0.00147437140784154,0.0143079545973174,0.232639891398991,0.0143079545973174,0.0419506417614738,0.00726987672002411,,0.0126617090851185,0,0.1,0.00108428001763386,0.0437069786989244,0.1,0.0426226986812905,0,1-5,0.01-0.05,0.01-0.05
Makueni,Makueni,Wote,-0.664933856310759,0.137253086883813,-0.841966211861514,-0.653897603600175,-0.223303834129978,-0.208358408654357,0.460681858661387,-0.614380797806409,-0.514078380811224,-1.24094277353107,0,356333,7.02534099313265e-08,0,1,714,0,0.0250336083210594,0.0834683505737735,0.000844210179356808,0.00894987179088244,0.122708822669285,0.00894987179088244,0.0148176155656444,0.00357664929710947,,0.00867862093693108,0,0,0.000639491529239339,0.0324515268934355,,0.0318120353641961,0,0,<0.01,0.01-0.05
Makueni,Mbooni,Kalawa/ Kathulumbi,-0.922872993230418,0.389453939635192,-0.901340115659459,-0.669658020212116,-0.192672021542416,-0.546200174980519,0.770389176942509,-0.0178336946651736,-0.357144205829637,-1.00235418268274,0,337381,4.4361334385746e-07,0,1,715,0,0.149666713563974,0.423390039659581,0.00419288588563457,0.0422947435737693,0.990548299291696,0.0422947435737693,0.0820870345622413,0.0185804085512459,,0.0285472495323644,0,0.3,0.00217309464998519,0.10915437131001,0.3,0.106981276660025,0,1-5,0.01-0.05,0.05-0.15
Makueni,Mbooni,Kiteta-Kisau,-0.508001884025607,-0.0751737742658939,-0.629934426452949,-0.593646641905616,-0.411444476314046,-0.575152750618115,0.32089966745021,-0.430155426545399,-0.406035616849785,-1.21088346641996,0,366220,6.87358850501607e-08,0,1,716,0,0.0251724558230699,0.0920216754221074,0.00127941764174587,0.0108571755346076,0.122232885850361,0.0108571755346076,0.0328558476356055,0.00498796714406538,,0.0105614790143301,0,0,0.000952971512158321,0.0377993479372616,,0.0368463764251033,0,0,0.01-0.05,0.01-0.05
Makueni,Mbooni,Kithungo/Kitundu,0.00679821372741565,-0.300529702797815,-0.17472941612133,-0.283373069745288,-0.429492849642171,-0.951408112940579,0.304376476915084,-0.377373344537606,-0.530061417663716,-1.20847884579886,0,267668,6.78305030293195e-08,0,1,717,0,0.0181560550848519,0.0503607033063883,0.00080418545057483,0.00897172329987705,0.0723173411449776,0.00897172329987705,0.0134010134208898,0.00244009977745152,,0.0108080883255339,0,0,0.000714774293023959,0.0469837329222836,,0.0462689586292597,0,0,0.01-0.05,0.01-0.05
Makueni,Mbooni,Mbooni,-0.0507455056454494,-0.318601621911922,-0.0887995490379852,-0.412079191431499,-0.504205144868001,-0.958776410938552,0.221562779981178,-0.406360522254671,-0.506818009623434,-1.23215979046875,0,268940,5.33151674461313e-08,0,1,718,0,0.0143385811329625,0.0394128562170043,0.000942588213711172,0.00783600704552485,0.0616035500968119,0.00783600704552485,0.0146477243022804,0.00217274737405275,,0.0090061033722326,0,0,0.000817913240364124,0.0328408284926453,,0.0320229152522812,0,0,<0.01,0.01-0.05
Makueni,Mbooni,Tulimani,-0.577477280740016,-0.301603196721862,-0.0887997280316144,-0.660020548738606,-0.607688878613549,-0.554499302593329,0.208360487435563,-0.517469588013962,-0.316945277790898,-1.27127898424955,0,372578,6.64346016809435e-08,0,1,719,0,0.0247520710250826,0.0926923353779615,0.0010981051045754,0.0107829787970171,0.122031329763932,0.0107829787970171,0.0357583700350582,0.00519274690886361,,0.0110958000290306,0,0,0.000760951070124979,0.0402755752047901,,0.0395146241346652,0,0,0.01-0.05,0.01-0.05
Makueni,Mbooni,Waia/Kako,-0.68310602441424,0.14858064696125,-0.828147878617516,-0.532375145002843,-0.234465652314937,-0.495218166077315,0.433981375300967,-0.384127398202971,-0.446619239641642,-1.15514222785605,0,248398,1.29186087066418e-07,0,1,720,0,0.0320895656551242,0.0759638430361548,0.00172432552735997,0.0141405527738756,0.174169650536905,0.0141405527738756,0.0122276227823021,0.00317553040536649,,0.0136772838800936,0,0.1,0.00135740902525008,0.0481875719624584,0.1,0.0468301629372084,0,1-5,0.01-0.05,0.01-0.05
Mandera,Banissa,Banissa,-1.49212523399179,0.966423567835381,0.358811516615316,-1.27066437682098,0.881099337609363,-1.68881777147527,-0.679158390005815,2.0548407698847,-0.718370333652515,0.0458499637831603,5,691310,1.63435256295081e-06,1,1,721,1,1.12984427029352,0.924840228066964,0.164016702829411,0.841353345094583,3.41874466258357,0.841353345094583,0.0327793403131375,0.0313191634361577,0.2,0.209461659213162,0,0.5,0.0326940320295132,0.577598575348409,0.5,0.544904543318896,1-5,1-5,0.15-0.30,0.50-0.70
Mandera,Banissa,Derkhale,-1.52665039010217,1.10965914028319,-1.19338399761314,-1.44461014570484,0.483070839591544,-1.71214708281112,-0.74013173488462,2.40211078175432,-0.792101815531075,0.272180803363031,0,251183,3.74435284102405e-05,1,1,722,0,9.40517779666944,42.8820220429372,0.194424687645015,1.82604634292991,61.7574755270257,1.82604634292991,17.7900094242688,2.48118759082329,3.7,0.343880791104611,0.1,24.6,0.0746829514878692,0.728208602178711,24.5,0.653525650690842,1-5,17-51,0.30-0.50,0.50-0.70
Mandera,Banissa,Guba,-1.53211037983477,1.10166626495168,0.256778129953429,-1.21433269610339,0.736922563706663,-1.69649337303937,0.297443194934133,2.44012943433026,-0.724446243950748,0.320469140875955,0,122428,0.000103539010691895,1,1,723,0,12.6760740009873,43.3797742391847,0.2223366232621,2.99296960176174,66.5941745817309,2.99296960176174,8.74063691699875,1.92459532696258,10.4,0.341996128072182,0.2,54.4,0.0828788648800341,0.687754667047694,54.2,0.60487580216766,5-17,51-93,0.30-0.50,0.50-0.70
Mandera,Banissa,Kiliwaheri,-1.56594879191001,1.0051214699909,-1.24653248557765,-1.35862439955623,0.568440391322174,-1.64952659220449,-0.732936888188143,2.22553522229814,-0.751278553042352,0.0453059967050187,0,110864,3.62019113257014e-05,1,1,724,0,4.01348869721256,29.2882433383166,0.0633425617023629,0.55621345798367,21.2347170185737,0.55621345798367,10.3228773578761,1.57905166529273,3.6,0.232006789962799,0.1,19.2,0.034490392099556,0.629005540601959,19.1,0.594515148502403,1-5,17-51,0.15-0.30,0.50-0.70
Mandera,Banissa,Malkamari,-1.57420230770162,1.31119350698422,-0.232698385327248,-1.35641541317723,0.926186301031125,-1.5509118866243,0.440975211261185,2.36921754722453,-0.854127137479379,0.427762935673421,0,188671,0.000192054849189274,1,1,725,0,36.2351804513896,154.737434553916,0.540331898776597,7.5966976068537,202.322882395606,7.5966976068537,42.9910838369525,7.61222220489657,19.2,0.494113639423934,0.3,107.2,0.153495541260828,0.829232880048849,106.9,0.675737338788021,17-51,93-191,0.30-0.50,0.50-0.70
Mandera,Lafey,Alango Gof,-1.65973404558297,1.72183232620723,-2.03581687727208,-2.11459270739993,-0.553752436952035,-1.54666899872724,0.843356889413555,2.51928819755934,-0.373403783405884,-0.69935142302822,0,27605,0.00012772574949114,1,1,726,0,3.52586931470293,8.31703999084157,0.279771296695389,1.13338086296718,27.158892801252,1.13338086296718,0.930329178161469,0.321847081151709,12.8,0.584526581835853,1,98.4,0.183984692644804,0.889038405428692,97.4,0.705053712783887,5-17,93-191,0.50-0.70,0.70-0.90
Mandera,Lafey,Fino,-1.68285117952099,1.76732432321542,-1.96376813712065,-1.87146343305768,0.0635800147520566,-1.18434238010694,0.699723906321159,2.44040471675799,-0.483875879287111,-0.614485301033226,0,129587,7.0011681443679e-05,1,1,727,0,9.07260376324203,25.2972514582191,0.298403865344567,2.36173549243617,63.2289998627203,2.36173549243617,4.52593844240258,1.08621481205402,7,0.430105340663052,0.2,48.8,0.110134376411778,0.7622000560356,48.6,0.652065679623822,5-17,17-51,0.30-0.50,0.50-0.70
Mandera,Lafey,Lafey,-1.666019041518,1.76990118564796,-2.09567940351334,-2.01108888230554,-0.512225450703164,-1.32511206129174,0.795810135172744,2.50398848032358,-0.375286475670275,-0.590764376347747,2,447504,5.37335886856071e-06,1,1,728,1,2.40459958711639,1.56681669550688,0.824983149258822,1.93278229264533,6.55958928462537,1.93278229264533,0.0908630610557104,0.0552937789000222,0.5,0.696447981343438,0.2,1.5,0.355148469800341,0.929946705554466,1.3,0.574798235754125,1-5,1-5,0.50-0.70,0.50-0.70
Mandera,Lafey,Libehia,-1.8122105226656,1.87135979504973,-1.40473460332092,-1.76300276068206,0.464358497531086,-1.27385375745216,0.573983556981074,2.43102280006455,-0.509436065106771,0.123255277253261,6,133547,2.97094273144172e-05,1,1,729,1,3.96760488955848,1.95382386724955,1.28125997548283,3.50722784775399,8.61652260133371,3.50722784775399,0.0589900423984949,0.0655161935380532,3,0.591815497634642,1,6.5,0.264660446688434,0.880115785843123,5.5,0.615455339154689,1-5,5-17,0.50-0.70,0.50-0.70
Mandera,Lafey,Warankara,-1.6275162114953,1.52032363413053,-1.57153471492465,-1.96312559029534,0.0915966139952669,-1.54909934095421,0.851233021068044,2.49070151666818,-0.595829279101261,-0.877736316054031,1,107452,9.58527363714516e-06,1,1,730,1,1.02995682285852,0.885182899385012,0.249651201370772,0.794119092349326,3.24034323781448,0.794119092349326,0.0719916878413168,0.0325450952024512,1,0.500967020736395,0.2,3,0.171626147058843,0.855181234390767,2.8,0.683555087331924,1-5,1-5,0.50-0.70,0.50-0.70
Mandera,Mandera East,Arabia,-1.8146129990748,1.95334062428194,-2.11026386352564,-1.60677438778988,-0.28511089243754,-1.12070180030865,0.397782040029125,2.27664404621933,-0.469223394841582,-0.199776943918374,1,38217,4.01314879653126e-05,1,1,731,1,1.53370507557035,1.34243753698644,0.522097960669756,1.16162655628587,5.23191887190813,1.16162655628587,0.135833050346081,0.0510424387462757,4,0.742092450839219,1.4,13.7,0.381554653800308,0.951906104599709,12.3,0.570351450799401,1-5,5-17,0.70-0.90,0.50-0.70
Mandera,Mandera East,Bulla Mpya,-1.89960100424881,2.19735365694491,-1.99366821789784,-1.12034765703194,-1.08827450206834,-1.09659699235251,-0.198581408147802,1.77748708931497,-0.427829981981426,-0.395755820171486,0,442274,0.000780341936365702,1,1,732,0,345.124949564204,1000.96871294278,3.58377059945024,80.0620726675325,2590.4986229201,80.0620726675325,174.488350198849,42.6890222305337,78,0.829928501596974,0.8,585.7,0.449795410473123,0.974749420267262,584.9,0.524954009794139,51-93,258-788,0.70-0.90,0.50-0.70
Mandera,Mandera East,Khalalio,-1.91395569690036,2.20699230375599,-2.22207035860617,-1.28836181449696,-1.25233351235458,-1.20156737042861,0.230984019705392,2.19607444477115,-0.410480520696913,-0.0743936516167127,22,70769,0.000310294701770715,1,1,733,1,21.9592457496117,4.67190012214758,14.1979718098786,21.6553084943791,31.9070147292841,21.6553084943791,0.118616367040679,0.155240411620514,31,0.986632244776473,20.1,45.1,0.946192962593631,0.999211995532431,25,0.0530190329388002,17-51,17-51,>=0.90,0.05-0.15
Mandera,Mandera East,Neboi,-1.9093098362163,2.26390186232527,-2.07076439639929,-1.01994961196756,-1.38080909652815,-1.12264309075749,-0.0578896264927653,1.711963652604,-0.246313752211959,-0.314636021989375,38,125662,0.00028587935126055,1,1,734,1,35.9241710381032,6.29999148148759,24.3167612313121,35.6717120293247,49.4652134978429,35.6717120293247,0.151383430681616,0.208797552030875,28.6,0.942708000203275,19.4,39.4,0.787156545734355,0.993522263646732,20,0.206365717912376,17-51,17-51,>=0.90,0.15-0.30
Mandera,Mandera East,Township,-1.88483444685341,2.34253608143962,-1.72710769840689,-0.60909411212776,-1.49442731476066,-1.04408597333608,-0.299643208044683,1.31387097878554,-0.148244103516671,-0.650745690062376,52,780979,6.18914574485771e-05,1,1,735,1,48.3359285467323,8.28607678115646,32.2629700558891,48.1306152788795,65.4824880543405,48.1306152788795,0.220664482491064,0.275984802222392,6.2,0.911200673729053,4.1,8.4,0.688923429294505,0.992988430657873,4.3,0.304065001363369,5-17,1-5,>=0.90,0.30-0.50
Mandera,Mandera North,Ashabito,-1.60191182401927,1.53997671726786,-1.70614313412913,-2.01074692983029,-0.5613937461273,-1.61636159577263,0.67300522790176,2.41844974370577,-0.555909036140269,-0.854350834912586,1,51992,2.97636964249736e-05,1,1,736,1,1.54747410452723,1.30834968377649,0.599939041063218,1.16474457032132,5.21094017250457,1.16474457032132,0.107411326460845,0.0481669385292711,3,0.754715927856271,1.2,10,0.422471341219252,0.949407836952457,8.8,0.526936495733205,1-5,5-17,0.70-0.90,0.50-0.70
Mandera,Mandera North,Guticha,-1.57018535639995,1.35698258605267,-0.251022209942007,-1.55002544521922,0.626630614433441,-1.67930139950118,0.624971491931119,2.52493105724261,-0.809183972655921,-0.094963437976509,6,98102,4.048904474181e-05,1,1,737,1,3.97205626726104,2.06633265711801,0.992539872045991,3.65341608582355,8.70670788726237,3.65341608582355,0.0719828850983038,0.0698957733900232,4,0.591077707150454,1,8.9,0.189619317922391,0.908246542602176,7.9,0.718627224679785,1-5,5-17,0.50-0.70,0.70-0.90
Mandera,Mandera North,Marothile,-1.71630239727548,1.62201275395733,-0.231307766334177,-1.70251416197552,-0.355525505340967,-1.51586808524984,0.554465582103033,2.40700080365289,-0.763163473982611,-0.558682991407113,0,79553,0.000474173745900792,1,1,738,0,37.7219440076457,94.1145075709268,0.883900275989123,9.92918387558438,251.859493739915,9.92918387558438,10.6784757744845,3.65152815561893,47.4,0.738181839860957,1.1,316.6,0.366262360036106,0.947074986462323,315.5,0.580812626426217,17-51,258-788,0.70-0.90,0.50-0.70
Mandera,Mandera North,Rhamu,-1.80908119526326,1.96427815454705,-1.44155368175047,-1.42984977376369,-0.776331310494343,-1.25932518568677,-1.71892633273947,1.42446667344761,-0.996708771465031,-0.81648921794443,5,951908,5.41788074555972e-06,1,1,739,1,5.15732402474426,2.70746772477194,1.69928483243438,4.6374547376601,11.8198133532616,4.6374547376601,0.139765825346045,0.0944572139596682,0.5,0.836749202987679,0.2,1.2,0.390208283402947,0.993240948599398,1,0.603032665196451,1-5,1-5,0.70-0.90,0.50-0.70
Mandera,Mandera North,Rhamu Dimtu,-1.71328471995223,1.74274928832445,-1.03411428211363,-1.78212921376044,-0.172903671694553,-1.43994307973375,0.00604740900121156,2.2769018008932,-0.866972297280873,0.00716764941402152,2,178409,1.48827056011208e-05,1,1,740,1,2.65520862359035,1.87485942958589,1.04747903097956,2.06867308187617,7.46308360046835,2.06867308187617,0.120612597081659,0.0669164713270792,1.5,0.887010448725505,0.6,4.2,0.561622007666487,0.994860200542005,3.6,0.433238192875518,1-5,1-5,0.70-0.90,0.30-0.50
Mandera,Mandera South,Elwak North,-1.65738863142328,1.86800511776848,-0.424466409307889,-1.74887014429663,-0.960621633035085,-1.55387572346278,0.61519378912321,2.33288291371547,-0.335014723625612,-0.750594112094338,2,166491,1.71842985468224e-05,1,1,741,1,2.861031049359,1.95964932109773,1.03603220658163,2.26547726617931,8.35018539235356,2.26547726617931,0.121605029841175,0.0696605300833318,1.7,0.911521852719217,0.6,5,0.596065237805541,0.997449790866439,4.4,0.401384553060897,1-5,1-5,>=0.90,0.30-0.50
Mandera,Mandera South,Elwak South,-1.67604861321509,1.83871949080454,-0.289061433445824,-1.70103618217202,-1.11355091965783,-1.62024101197037,0.364605040882697,2.04465504828732,-0.325494664614987,-0.918324590622329,5,941725,5.96737761229892e-06,1,1,742,1,5.6196286819422,2.39360402805728,2.25421229939025,5.14584673579415,11.3845872282063,5.14584673579415,0.0673023619547221,0.0799489805658654,0.6,0.899241257711767,0.2,1.2,0.553553605741178,0.996080493478499,1,0.44252688773732,1-5,1-5,0.70-0.90,0.30-0.50
Mandera,Mandera South,Kotulo,-1.59060401280189,1.83751229241606,-0.625443526953899,-1.80372650631947,-0.791424430514926,-1.50418608444237,0.529012395521784,2.25731551188629,-0.634248407962829,-0.713682664302376,0,684420,0.000816829648957204,1,1,743,0,559.054548339289,1812.33129354326,1.96433029854847,105.05576619302,4046.10254734941,105.05576619302,282.430148694235,75.1733986194353,81.7,0.822870276310739,0.3,591.2,0.343468301727606,0.986823771691158,590.9,0.643355469963552,51-93,258-788,0.70-0.90,0.50-0.70
Mandera,Mandera South,Shambir Fatuma,-1.63407442135565,1.67712165151007,-1.0232827046137,-1.82117140477444,-0.453669529060422,-1.70843344278115,0.47686703065758,2.54834718008929,-0.679160113456388,-0.526749768866454,53,211304,0.00022731033364011,1,1,744,1,48.0315827394898,8.38477840481109,31.1322798833501,48.0241390461579,64.8080764772653,48.0241390461579,0.200502174228632,0.277830845277531,22.7,0.896625318047233,14.7,30.7,0.59786258137408,0.991301605636674,16,0.393439024262594,17-51,5-17,0.70-0.90,0.30-0.50
Mandera,Mandera South,Wargadud,-1.66524925557494,1.71641673420373,-1.48543136216018,-1.91376042619209,-0.553020528422597,-1.65359832329546,0.642619935737737,2.42389494624257,-0.513236453910396,-0.775754210154758,173,158408,0.000963852003855539,1,1,745,1,152.681868226748,22.7667637125632,96.5420262033378,155.697342792009,189.6949730585,155.697342792009,0.729886600941333,0.766110364677968,96.4,0.883829922652805,60.9,119.8,0.590113924428828,0.991546999745747,58.9,0.401433075316919,93-191,51-93,0.70-0.90,0.30-0.50
Mandera,Mandera West,Dandu,-1.51926452718583,1.26303654008945,-1.70339865501341,-1.4586110372068,-0.259126860976301,-1.60970475284882,-0.236982688860405,2.23570340291343,-0.436554109523752,-0.575621096715191,1,194242,8.86123230608496e-06,1,1,746,1,1.72122348559855,1.56349010889346,0.543697617777165,1.27024321590797,4.98505735621179,1.27024321590797,0.168429522821601,0.0600943167791115,0.9,0.725442928686473,0.3,2.6,0.330042466228852,0.9648544677908,2.3,0.634812001561948,1-5,1-5,0.70-0.90,0.50-0.70
Mandera,Mandera West,Gither,-1.59700628279679,1.15177618687778,-1.64193569520134,-1.37230276467688,0.130934012253557,-1.64985837348973,-0.32945712314491,2.46287761326968,-0.607571615248506,-0.0659578285854934,0,57697,0.000130541872673307,1,1,747,0,7.53187442763177,16.9981356830924,0.506333156681613,2.02566984817759,55.3797840583449,2.02566984817759,2.36263355816496,0.686954313754525,13.1,0.680606853463824,0.9,96,0.288713095247525,0.930788755424693,95.1,0.642075660177169,5-17,93-191,0.50-0.70,0.50-0.70
Mandera,Mandera West,Laghsure,-1.53792954319652,1.35684481293192,-1.08536577422507,-1.65867931409058,0.453555984546635,-1.69058455473105,-0.648981487144137,2.31281039076679,-0.602290935954927,-0.544157189168999,0,123678,3.29148881008301e-05,1,1,748,0,4.07084753053447,13.0416965796429,0.172808965545061,1.01204423316118,27.8207434094299,1.01204423316118,2.40503856153093,0.564522651744445,3.3,0.418937291166399,0.1,22.5,0.106099828417843,0.800228641863901,22.4,0.694128813446058,1-5,17-51,0.30-0.50,0.50-0.70
Mandera,Mandera West,Takaba,-1.56491316996781,1.32235256857079,-1.85248453398055,-1.50364817402806,-0.0440415680416428,-1.67435110747167,-0.774434067105345,2.22526099501499,-0.516941917198309,-0.60563682701697,9,506512,1.20043901346758e-05,1,1,749,1,6.08036765589489,2.88511078607801,1.70196885357782,5.73036392354402,12.8548767822728,5.73036392354402,0.0858317251599507,0.0966636887993937,1.2,0.640433639535458,0.3,2.5,0.230122094175865,0.932322971815035,2.2,0.70220087763917,1-5,1-5,0.50-0.70,0.70-0.90
Mandera,Mandera West,Takaba South,-1.55809536869869,1.49396273971411,-1.0532498350414,-1.61753298438259,0.0544097617864319,-1.6847044908121,-0.0893874753051937,2.43357831470784,-0.639933719624058,-0.646444814364369,0,94385,0.00010988910595644,1,1,750,0,10.3718832656985,47.9035339659377,0.292980369214009,2.11755438132215,66.9699415607996,2.11755438132215,16.3134677037611,2.54659704262566,11,0.463627286602655,0.3,71,0.12236692095805,0.799108928945589,70.7,0.676742007987539,5-17,51-93,0.30-0.50,0.50-0.70
Marsabit,Laisamis,Kargi/South Horr,-1.98133978776039,1.94065013448812,-1.52028319946624,-1.84394783462361,0.744365423888616,-1.38764415632608,0.704744250073903,2.18328291157652,-0.87247688992158,-0.121373992259801,42,144275,0.000232130862051149,1,1,751,1,33.4906801224295,7.85622554659334,18.3473111706411,33.3650614902823,48.4644019528091,33.3650614902823,0.179185312098878,0.259768339581974,23.2,0.797522789322557,12.7,33.6,0.454453676128239,0.973287508047116,20.9,0.518833831918877,17-51,17-51,0.70-0.90,0.50-0.70
Marsabit,Laisamis,Korr/Ngurunit,-1.93767799052354,1.63741626587177,-1.67476946303076,-1.83250772807826,-0.42270500752919,-1.51351242524709,0.790018299445903,2.50992986912729,-0.665632506439708,-0.174786602017911,93,171041,0.000516558944480106,1,1,752,1,88.3527584228218,10.7396594963915,67.5858288597371,88.6060532673199,108.641243581681,88.6060532673199,0.286956841481168,0.357766597217507,51.7,0.946273174325521,39.5,63.5,0.787151790385246,0.997178514497865,24,0.210026724112619,51-93,17-51,>=0.90,0.15-0.30
Marsabit,Laisamis,Laisamis,-1.90609195947897,1.8149402991187,-1.25569089583582,-1.71570394752844,-0.0607017361051677,-1.13606787604386,0.526536304207289,2.14725439154416,-0.875585066885659,-0.592890518933004,358,360409,0.00076254008600466,1,1,753,1,274.826309856853,51.7898750479743,150.521792626945,280.760660374941,354.583640105121,280.760660374941,1.38019594153729,1.72503090472278,76.3,0.770109484613584,41.8,98.4,0.428615207119743,0.955764459430011,56.6,0.527149252310268,51-93,51-93,0.70-0.90,0.50-0.70
Marsabit,Laisamis,Logologo,-1.82462336605361,1.8163914765876,-1.35042924258346,-1.21569491767597,-0.939352725786372,-1.19850036668723,0.107490692628862,1.80520467965771,-0.769251837783081,-0.318384065340044,308,109842,0.00266737994114272,1,1,754,1,292.990347494999,22.94317981541,246.215918166526,293.853324838296,333.934859521482,293.853324838296,1.03280479265949,0.79084736029781,266.7,0.956244653407401,224.2,304,0.816556002572368,0.997952104025354,79.8,0.181396101452986,258-788,51-93,>=0.90,0.15-0.30
Marsabit,Laisamis,Loiyangalani,-1.88622522284967,2.06628182359659,-1.66338064627,-0.921750174958025,1.78732160972062,-1.20010630638608,0.757952416730246,2.19591274508938,-0.809105609287607,0.0531448512999589,5,117116,2.65572914681733e-05,1,1,755,1,3.11028374758658,1.74354727789411,0.737061068872873,2.75664067651688,7.44235489057159,2.75664067651688,0.0745340270982473,0.0598497518396228,2.7,0.534625511013957,0.6,6.4,0.161893744122057,0.874200507068139,5.8,0.712306762946081,1-5,5-17,0.50-0.70,0.70-0.90
Marsabit,Moyale,Butiye,-1.16606159392,1.22255446199042,-1.57061550677581,-0.845522182398725,-0.79591928316444,-0.726202778518931,-0.656751544522603,0.744585384680846,-0.896654280598139,-0.470272897165067,6,194812,1.81262780914055e-05,1,1,756,1,3.5312164875429,1.98715207309143,1.00115788154438,3.11104298744003,9.0276644687858,3.11104298744003,0.0711383962494281,0.0673384533057387,1.8,0.546161427548945,0.5,4.6,0.209539907845773,0.873123897427898,4.1,0.663583989582126,1-5,1-5,0.50-0.70,0.50-0.70
Marsabit,Moyale,Golbo,-1.35227293051399,1.44071132406781,-1.54675468067836,-0.522766147393028,0.0461483847515022,-0.710367016840119,0.12200012152505,1.59287610978877,-0.992545275628704,-0.134878448320665,10,138052,4.77932975484076e-05,1,1,757,1,6.59796031315277,2.82129045384817,2.25006045954939,6.15448417438362,13.0707798157075,6.15448417438362,0.0734248639189486,0.0938608338879395,4.8,0.616312870596302,1.6,9.5,0.278229064291463,0.902291404071603,7.9,0.62406233978014,1-5,5-17,0.50-0.70,0.50-0.70
Marsabit,Moyale,Heillu/Manyatta,-1.08793465611206,0.86012192458266,-0.811799248669127,-1.18770351299618,-1.12536609364572,-0.764225772560226,-2.64714080657453,-0.184994581731331,-1.19309817660465,-1.03304315637039,3,228679,3.63693952048016e-06,1,1,758,1,0.831691692603882,0.91848292973816,0.0730630946811707,0.577031068070981,3.23281898909189,0.577031068070981,0.0736939434947241,0.0337057947236314,0.4,0.256662751803416,0,1.4,0.0351315891687138,0.687854138278237,1.4,0.652722549109523,1-5,1-5,0.15-0.30,0.50-0.70
Marsabit,Moyale,Moyale Township,-1.06141104191794,0.859492335092483,0.157003189534782,-1.4882281132261,-1.3994574839678,-0.775344551989661,-0.86066351519843,0.488347366826121,-0.868260792860633,-0.534372798864095,30,373349,4.68636809951081e-05,1,1,759,1,17.4965084358426,6.4933657551765,5.42021519921403,17.2641852112986,31.5415281502198,17.2641852112986,0.147490210137027,0.214666354601167,4.7,0.586786621305918,1.5,8.4,0.195510092360103,0.901073570841146,6.9,0.705563478481043,1-5,5-17,0.50-0.70,0.70-0.90
Marsabit,Moyale,Obbu,-1.45708107509035,1.57444279595994,-1.31977874172868,-0.472957908681778,1.02794102234916,-0.798671144182675,0.522473952067976,1.82554516355282,-0.958702171525306,-0.244124810826508,1,94016,1.36350057968872e-05,1,1,760,1,1.28190870500015,1.04896453220042,0.329444456469286,1.0070121842018,3.88091554307188,1.0070121842018,0.0956518980897913,0.0392207282745047,1.4,0.565601595841707,0.4,4.1,0.204158077464378,0.897290887323547,3.7,0.693132809859169,1-5,1-5,0.50-0.70,0.50-0.70
Marsabit,Moyale,Sololo,-1.03953413268038,1.11799890364021,-0.0844027126351466,-0.58826880721907,-0.331621522799682,-0.596689203966675,0.0157213805740124,1.06735027753951,-0.875726364045905,-0.726142817870324,16,248200,4.03252784997912e-05,1,1,761,1,10.0087341236482,4.048507980922,3.51623789641979,9.63615343925083,18.9149072451767,9.63615343925083,0.097276960084843,0.134177398605338,4,0.609238718057871,1.4,7.6,0.233476607634733,0.92761839959128,6.2,0.694141791956547,1-5,5-17,0.50-0.70,0.50-0.70
Marsabit,Moyale,Uran,-1.4368651744969,1.5925275523862,-1.457719784894,-0.435784348236761,1.76362911856782,-0.753650041888127,0.395768644661463,1.45701991096003,-0.859449603987451,-0.481708954953245,23,142235,3.08515625641886e-05,1,1,762,1,4.38817200131737,3.29037650943364,0.822757824726887,3.54795071546515,13.7532851521703,3.54795071546515,0.162604145236277,0.114334830411877,3.1,0.19010611040669,0.6,9.7,0.0381471639782585,0.535645194899297,9.1,0.497498030921039,1-5,5-17,0.15-0.30,0.30-0.50
Marsabit,North Horr,Dukana,-1.66640133056954,1.94401210729104,-1.57081521307761,-0.697516369454062,2.77049759365134,-1.29003450042936,1.33600645404407,2.55069350555311,-0.981968624026121,0.46168084465719,7,193170,1.72540435501391e-05,1,1,763,1,3.33296359258038,2.10697577142077,0.73916756325362,2.95146410842058,8.45779611850716,2.95146410842058,0.103409185552064,0.0731685952713494,1.7,0.421778532448869,0.4,4.4,0.110336131220188,0.842193168776105,4,0.731857037555917,1-5,1-5,0.30-0.50,0.70-0.90
Marsabit,North Horr,Illeret,-1.68608080456102,2.39862896247745,-1.46507284695413,-1.02217855666223,2.88031046932389,-0.947980749443895,0.988278446537155,2.48598604477789,-0.675730592930236,0.481285302043164,0,78471,2.78347955681437e-05,1,1,764,0,2.18422424302781,6.33338349558513,0.0558929693159333,0.545036261212385,11.8566853658094,0.545036261212385,1.00444454645676,0.263805822416443,2.8,0.194338256251106,0.1,15.1,0.0290555943534893,0.522937951452264,15,0.493882357098775,1-5,5-17,0.15-0.30,0.30-0.50
Marsabit,North Horr,Maikona,-1.78043923520124,1.81882628679535,-1.97896033399784,-0.849643441530333,0.938288279846314,-0.749531891928893,0.802152133141034,2.1867075466025,-0.865607929054879,-0.0835568928991463,16,370331,3.29058770016416e-05,1,1,765,1,12.1860663358949,4.03763361871867,5.43666049892245,11.7183611672827,21.4222568033506,11.7183611672827,0.0960057491586676,0.133753122640432,3.3,0.715825372032199,1.5,5.8,0.348212508058407,0.955310056094343,4.3,0.607097548035935,1-5,1-5,0.70-0.90,0.50-0.70
Marsabit,North Horr,North Horr,-1.97352853211021,2.29265211023749,-1.8548542101707,-1.04152747843267,2.31358856326633,-0.910928526971115,1.04186273656954,2.39329101399025,-0.780969583720888,0.531070195585508,19,419674,2.5620611426518e-05,1,1,766,1,10.7523044798125,4.65710784514674,3.01553515124937,10.5113459077761,20.8220143836938,10.5113459077761,0.108547432029433,0.154135823384531,2.6,0.539545887287498,0.7,5,0.16279895829197,0.89461053528625,4.3,0.73181157699428,1-5,1-5,0.50-0.70,0.70-0.90
Marsabit,North Horr,Turbi,-1.70351846773349,1.82513088020372,-1.45265166207941,-0.816381178736013,1.28089137204193,-1.05300419467679,0.679817244777289,1.969739941599,-0.896613600670867,-0.0103407873472149,98,192675,0.000225972110203749,1,1,767,1,43.5391763335073,18.031934545896,13.5503406265103,42.037901091827,79.6212101943762,42.037901091827,0.389942386421245,0.594881959787707,22.6,0.446791643208063,7,41.3,0.140496524346485,0.815676142529441,34.3,0.675179618182956,17-51,17-51,0.30-0.50,0.50-0.70
Marsabit,Saku,Karare,-1.12080612182372,1.34429370969152,-1.17054646153986,-0.623150620802744,-0.89229064931697,-1.3665048203705,-0.395885983395516,0.619278942634514,-0.888797663158938,-0.201978271205443,8,61898,0.00010774777398281,1,1,768,1,6.66937171398799,2.57664207411676,2.9257779775616,6.22492565858799,13.0043373082316,6.22492565858799,0.0675997920177794,0.0857559629348905,10.8,0.858888345167994,4.7,21,0.556622940911855,0.984078272463845,16.3,0.427455331551991,5-17,5-17,0.70-0.90,0.30-0.50
Marsabit,Saku,Marsabit Central,-1.34737240612374,1.37262243077965,-1.22519534412115,-0.538100254382144,-0.837175192180188,-1.37452589182862,-0.544096057733619,0.358355662570572,-0.941237974467968,-0.196859017428409,38,614766,3.77736330713605e-05,1,1,769,1,23.221945308748,7.5280490493039,9.61894424594563,23.2286393048722,38.3904237957048,23.2286393048722,0.159226453702698,0.248128178481693,3.8,0.606710490918341,1.6,6.2,0.277984255349731,0.893649473329242,4.6,0.615665217979511,1-5,1-5,0.50-0.70,0.50-0.70
Marsabit,Saku,Sagante/Jaldesa,-1.28382801174318,1.2672586128076,-1.45609569789914,-0.795525537187487,-1.13064536538304,-1.32099475431454,-0.324611109412286,0.803565461250616,-0.922201599216944,-0.212358563589558,22,121465,0.000123760020735089,1,1,770,1,15.0325109185876,4.95138847672027,6.06431689842997,14.6915589958541,25.1519899282222,14.6915589958541,0.113146385298814,0.163732657398661,12.4,0.693919293425124,5,20.7,0.286881701478344,0.949580190455305,15.7,0.662698488976961,5-17,5-17,0.50-0.70,0.50-0.70
Meru,Buuri,Kibirichia,-0.229312064451363,-1.04166238795005,-1.10956821257669,0.67451484834428,-1.32996193370241,-0.652620801534321,0.0378491794824834,-0.587297235761131,-0.226371485252877,-1.10999018847129,0,240596,3.21650527705842e-07,0,1,771,0,0.0773878303639147,0.274281464602989,0.00218829244450998,0.0249782282020793,0.488431739108104,0.0249782282020793,0.0609102056332021,0.0125258411321257,,0.023115588339567,0,0.2,0.00137410078463136,0.0969477938590945,0.2,0.0955736930744631,0,1-5,0.01-0.05,0.05-0.15
Meru,Buuri,Kiirua Naari,-0.297028845717963,-0.562140726263406,-1.33215962190815,0.591133263225052,-1.35419351052259,-0.695789727116658,0.141111752464638,-0.405110216794037,-0.262665323024481,-1.0265408066226,0,249862,2.46452386620072e-06,0,1,772,0,0.615790862256643,5.06824437145055,0.00683410917630455,0.10501608566952,3.45278205106612,0.10501608566952,1.7654473078734,0.271928651158971,0.2,0.0827089724160574,0,1.4,0.00397497857105712,0.317823637282604,1.4,0.313848658711547,1-5,1-5,0.05-0.15,0.30-0.50
Meru,Buuri,Kisima,-0.461542125214479,-1.21621440805711,-0.296872769774471,0.173258822928396,-1.21690218358568,-0.686260834644553,-0.0744519550088115,-0.708208594486707,-0.277785192086266,-1.04878265425971,0,345208,5.81629666767955e-07,0,1,773,0,0.200783214005632,0.817594934784374,0.00385228154169049,0.0434676209337196,1.51849932960547,0.0434676209337196,0.205988874676573,0.0388825023060135,0.1,0.0366138318910608,0,0.4,0.00218526386646824,0.15100733598894,0.4,0.148822072122472,1-5,1-5,0.01-0.05,0.05-0.15
Meru,Buuri,Ruiru Rwawera,-0.511214464194171,-0.173857349612832,-1.39125576650971,0.369992464429066,-1.36946860605368,-0.682560349544419,-0.0971275294067541,-0.015569538845998,-0.438190354334047,-0.908880247113717,0,219342,9.09166525556762e-06,0,1,774,0,1.99418404048671,9.61518841017514,0.0565007293288895,0.457598594219819,11.2114340800904,0.457598594219819,3.89857056787097,0.550626207345434,0.9,0.18639936346453,0,5.1,0.0294328163395547,0.512330314840078,5.1,0.482897498500524,1-5,5-17,0.15-0.30,0.30-0.50
Meru,Buuri,Timau,-0.503817037991535,-1.51119521778551,-0.839073067838423,0.154152594276582,-0.963808026568292,-0.870339759082572,0.0181881449305327,-0.96194410130458,-0.47580205399399,-1.226575341356,0,363041,9.93490056643863e-08,0,1,775,0,0.0360677623654045,0.0946968696447236,0.00165762304315514,0.0148189835229971,0.225849023304006,0.0148189835229971,0.0192043540703492,0.00420916795074644,,0.0144351254620928,0,0.1,0.00134358003165933,0.0569820194529754,0.1,0.0556384394213161,0,1-5,0.01-0.05,0.05-0.15
Meru,Igembe Central,Akirang'ondu,-0.105496458336822,-0.262882215464136,-0.108244971062228,0.357583182074519,-0.667049933736432,-1.23358536150086,-0.381834348571821,0.380650879793084,0.469667144996102,-1.02034217297581,0,354856,3.51976048456439e-07,0,1,776,0,0.124900812651058,0.450461012605232,0.00263308488691405,0.0339235080040872,0.844955877466003,0.0339235080040872,0.0991843543544591,0.0205177973296501,,0.0243290674417607,0,0.2,0.0016064846605384,0.0982760407296885,0.2,0.0966695560691501,0,1-5,0.01-0.05,0.05-0.15
Meru,Igembe Central,Athiru Ruujine,-0.621732282462397,1.36002727381224,-1.40897097193777,-0.740647087961969,-1.0130453273447,-0.957668865150987,-0.0244491509935347,0.379033980158739,0.152779715785787,-0.468674194361051,0,434874,5.78661703978821e-06,0,1,777,0,2.51644929856086,6.5365874243252,0.0778466046089742,0.632324647572438,17.8944771255163,0.632324647572438,0.941053046424468,0.266222464371641,0.6,0.248851541070787,0,4.1,0.0380097278987741,0.627157095411613,4.1,0.589147367512839,1-5,1-5,0.15-0.30,0.50-0.70
Meru,Igembe Central,Kangeta,-0.076757691102309,0.0198663894999144,-0.385274571912117,-0.0304368113017162,-0.860816792418462,-1.21554512515093,-0.131437812105549,0.358217642124053,0.426340953790598,-0.937787147865692,0,413907,4.33771879221906e-07,0,1,778,0,0.179541217213102,0.462502802288466,0.00628576776947698,0.0576685280907064,1.19764264909943,0.0576685280907064,0.0560870291506533,0.0181728779805873,,0.0378202625939652,0,0.3,0.00378319200919973,0.127518273306421,0.3,0.123735081297221,0,1-5,0.01-0.05,0.05-0.15
Meru,Igembe Central,Kiengu/Igembe East,-0.108678665043704,0.685922825336332,-1.06433749405308,0.289479022327872,-0.907868980535963,-0.961920481483983,0.0462109269631582,0.349012998850487,0.334509774072914,-0.435487488625728,0,416721,4.93527692873248e-06,0,1,779,0,2.05663353701833,8.14821507283027,0.05139600326178,0.426061190157992,15.3440697642887,0.426061190157992,2.13586129011333,0.39275291380946,0.5,0.168141846383489,0,3.7,0.0249907097275586,0.479501930903902,3.7,0.454511221176344,1-5,1-5,0.15-0.30,0.30-0.50
Meru,Igembe Central,Njia,-0.488813625896289,0.39647040760027,-0.183278665347955,-0.267356388360056,-0.895402837588721,-1.24907193829782,-0.441276361538544,0.225052230624419,0.440683142378423,-0.968955127013474,0,424529,1.30848425005983e-06,0,1,780,0,0.555489510193651,3.0522798022061,0.0106322387017242,0.115602279709483,3.66808998463538,0.115602279709483,0.857021448005447,0.150724357897251,0.1,0.0694556865464338,0,0.9,0.00676659257553714,0.243072916338848,0.9,0.236306323763311,1-5,1-5,0.05-0.15,0.15-0.30
Meru,Igembe North,Amwathi,-0.8862658904198,0.747680959547059,-1.30096054060919,-0.191391313345922,-0.644075371029354,-0.913757393139235,0.267954802691808,0.675751062594252,-0.185510172271377,-0.602516510621637,0,397285,2.21987656422081e-05,0,1,781,0,8.81923660816465,22.2186056409266,0.160295104590653,2.30556951265824,56.5119565262104,2.30556951265824,3.09877266491993,0.898597594028269,2.2,0.276893471562297,0,14.2,0.0666223490663106,0.602183439550484,14.2,0.535561090484173,1-5,5-17,0.15-0.30,0.50-0.70
Meru,Igembe North,Antuambui,-0.807287204075208,0.439238649653065,-0.122349912013615,-0.342084047802291,-0.875327266876651,-1.18172254691981,-0.130121014196135,0.685850104323983,0.2680191000921,-1.05343970266878,0,362205,8.04919885706947e-06,0,1,782,0,2.91546007202485,15.5281868513304,0.0288553231828759,0.513199578711564,20.4214274813365,0.513199578711564,6.22485479894524,0.884738769198755,0.8,0.143364931435324,0,5.6,0.0149133437797948,0.444067240461939,5.6,0.429153896682144,1-5,5-17,0.05-0.15,0.30-0.50
Meru,Igembe North,Antubetwe Kiongo,-0.519189240371979,0.821907350737691,-1.09589060723463,0.128311631583133,-0.635790892758514,-1.06137180618465,-0.107812629266964,0.366466250450255,0.0139782434243995,-0.67513605678254,0,306999,6.53767236272201e-06,0,1,783,0,2.00705887768329,6.1403903438861,0.0508206420004496,0.466074388734713,12.5217610559268,0.466074388734713,1.14472977654645,0.266575260077894,0.7,0.17256368591833,0,4.1,0.0247393118573809,0.493149894898492,4.1,0.468410583041111,1-5,1-5,0.15-0.30,0.30-0.50
Meru,Igembe North,Naathu,-1.03854400320696,0.626340299866341,-0.21065516849125,-0.546975318196829,-0.710027609404589,-1.06337413561341,0.113345352312903,0.632197151004199,-0.0400519961153251,-0.902778464030446,0,250968,1.7485402494991e-05,0,1,784,0,4.38827649336291,21.3430451334928,0.0921291058980839,0.794702757454791,23.6499595784491,0.794702757454791,6.7797026097242,1.10371239036242,1.7,0.20119210819324,0,9.4,0.0429136375910351,0.54050015696426,9.4,0.497586519373225,1-5,5-17,0.15-0.30,0.30-0.50
Meru,Igembe North,Ntunene,-0.693620738717123,0.513760018426578,-0.118004415652201,-0.446069799692544,-0.812862121701244,-1.03446626300822,0.183640406780596,1.28373225392704,-0.0268041546222669,-1.01684501499989,0,250505,1.34886112516485e-05,0,1,785,0,3.3789645615942,13.205903152168,0.04948713857191,0.706531412698235,22.7906233389167,0.706531412698235,3.53196233549367,0.640988237006237,1.3,0.187644690910598,0,9.1,0.0261972843695165,0.508697571374656,9.1,0.482500287005139,1-5,5-17,0.15-0.30,0.30-0.50
Meru,Igembe South,Akachiu,0.57341889894935,0.0942797284333264,-0.464039508964471,0.238639071751627,-1.07048284228976,-1.06881020237226,0.126631184365174,0.402737131434613,0.339137824049597,-0.548728048654346,0,265708,8.00280202799149e-07,0,1,786,0,0.212640852125356,0.628090592687521,0.0122311896270145,0.0855812480230918,1.01874135464807,0.0855812480230918,0.159749547577507,0.0299654170087037,0.1,0.0780507305681357,0,0.4,0.00936827012800146,0.272137558000445,0.4,0.262769287872443,1-5,1-5,0.05-0.15,0.15-0.30
Meru,Igembe South,Athiru Gaiti,-0.0388456355751661,0.503702300015037,-1.14145265657963,0.150041181247372,-0.943686381251032,-1.04338807484231,-0.0387294912314837,0.24311189513327,0.420506066013958,-0.513200717041964,0,282178,6.42311498061052e-07,0,1,787,0,0.181246173899872,0.486288214777303,0.00551138694722569,0.0633973366751033,1.12011298018327,0.0633973366751033,0.0832045003975781,0.0206400982365889,0.1,0.0528180433446382,0,0.4,0.00394774619396808,0.191139992373017,0.4,0.187192246179049,1-5,1-5,0.05-0.15,0.15-0.30
Meru,Igembe South,Kanuni,0.115947428383898,0.494006481567802,-0.964070778374079,0.0212999329255623,-1.02016280960249,-0.91814003578074,0.243072984274169,0.348680256083784,0.441344859028044,-0.380928556227668,0,233308,2.87420318901083e-06,0,1,788,0,0.670574597621739,1.87366802682903,0.0355790594455868,0.261079679550005,3.56313796502686,0.261079679550005,0.40479796302131,0.0848522565450111,0.3,0.150160441680207,0,1.5,0.0221529745951865,0.437218646723523,1.5,0.415065672128336,1-5,1-5,0.15-0.30,0.30-0.50
Meru,Igembe South,Kiegoi/Antubochiu,0.834624695641631,-0.320405088898326,-0.462038580073146,0.477419296052694,-0.96578565432612,-1.2603085045722,-0.435084006576738,0.152824718871311,0.239652077707509,-0.801658159998871,0,419140,1.63769203107855e-07,0,1,789,0,0.0686422237906265,0.17679358788688,0.0025716437151118,0.0278482774538321,0.384158714788074,0.0278482774538321,0.0395416204612254,0.00809153579498476,,0.0330174266903098,0,0.1,0.00197044613902164,0.137706295935715,0.1,0.135735849796693,0,1-5,0.01-0.05,0.05-0.15
Meru,Igembe South,Maua,0.649479595939832,-0.132684722328121,-0.462038706536041,0.55064715459962,-0.973040721066388,-1.269520340917,-0.539636907883249,0.0561144152127353,0.439508265683411,-0.925044104183416,0,332963,1.35323565124404e-07,0,1,790,0,0.045057740214517,0.0886762541558551,0.00194958241821337,0.0207172349457932,0.242432391950537,0.0207172349457932,0.0138071574412065,0.00367743068557984,,0.025183451910394,0,0.1,0.00137964883030033,0.106803959879105,0.1,0.105424311048805,0,1-5,0.01-0.05,0.05-0.15
Meru,Imenti Central,Abothuguchi Central,0.257684627821173,-0.0746363608860152,0.163861729171493,0.944081439852369,-1.10061499475092,-0.256473238068531,0.498345653844549,-0.559596416062093,-0.121123058747404,-1.15744337778947,0,303210,5.19516907676743e-07,0,1,791,0,0.157522721576665,0.676075880190141,0.00284196327666607,0.037709037596365,0.87886869509848,0.037709037596365,0.207197479876819,0.0344837157621926,0.1,0.0235052089546845,0,0.3,0.00146299699587132,0.0914298042329519,0.3,0.0899668072370806,1-5,1-5,0.01-0.05,0.05-0.15
Meru,Imenti Central,Abothuguchi West,0.624498539206941,-2.29469124353794,0.363343388144561,-0.205138068961632,-0.74509681990735,-0.564456492712293,0.211960980491435,-0.71506923173026,-0.194679804604787,-1.19484522850987,0,388060,2.43885471538568e-09,0,1,792,0,0.000946421960852568,0.00129135670384657,3.77656246300546e-05,0.000538502783602627,0.00461188108624294,0.000538502783602627,9.28968575308901e-05,4.67115977042224e-05,,0.000825798390403056,0,0,3.13068597543581e-05,0.0038637985384802,,0.00383249167872584,0,0,<0.01,<0.01
Meru,Imenti Central,Kiagu,0.0895933622383222,0.462666323463096,-1.47417701825237,0.683937834451987,-1.27508217736739,-0.212197479365449,0.72521246087984,-0.253156380970565,-0.230156561993377,-0.766568507861761,0,257896,6.2457299767962e-06,0,1,793,0,1.61074877809583,5.42340646344596,0.045329795747636,0.38097930966897,12.8142275296615,0.38097930966897,1.07648128644347,0.239585825487869,0.6,0.162811965814459,0,5,0.020780525343323,0.433170953655364,5,0.412390428312041,1-5,5-17,0.15-0.30,0.30-0.50
Meru,Imenti Central,Mwangathia,0.210250190911476,0.320862497142823,-1.14816392921029,1.01432513103947,-1.1820450611823,-0.290767594230212,0.694502147198337,-0.262340112572679,0.0995504664114909,-0.971679530336133,0,287597,4.57608022033056e-06,0,1,794,0,1.31606694312641,4.13205090818822,0.0299914111220787,0.275938119912653,9.46128373446888,0.275938119912653,0.751871381080293,0.178219444210624,0.5,0.116490082658265,0,3.3,0.0150924206171071,0.346453034989996,3.3,0.331360614372889,1-5,1-5,0.05-0.15,0.30-0.50
Meru,Imenti North,Municipality,0.354199135814302,-0.500365124890198,-1.31515739089652,0.0644168136679347,-1.20594448314749,-0.501088827480439,0.357539350606696,-0.703091786585707,-0.0031886960961903,-1.20133623427774,0,398498,9.54081729695754e-08,0,1,795,0,0.0380199661120299,0.153850150927359,0.00155820851193314,0.0152803832841487,0.20329491027896,0.0152803832841487,0.0583875599891787,0.00855792248462163,,0.0177236006795708,0,0.1,0.00116093082675054,0.070104131888535,0.1,0.0689432010617845,0,1-5,0.01-0.05,0.05-0.15
Meru,Imenti North,Ntima East,0.389117858874259,-0.0736521669531958,-1.31515760491063,0.986362200223366,-1.16061691737023,-0.501088827480439,0.357539350606696,-0.703091786585707,-0.0031886960961903,-1.20133623427774,0,186372,6.04828485621719e-07,0,1,796,0,0.112723094522291,0.373618459515529,0.00504762336031275,0.0441407421691114,0.68959733483094,0.0441407421691114,0.119398697411953,0.0193662897491053,0.1,0.0491314930476542,0,0.4,0.00397703139109569,0.199938418442464,0.4,0.195961387051369,1-5,1-5,0.01-0.05,0.15-0.30
Meru,Imenti North,Ntima West,0.289408272209663,-0.455009989062568,-1.22561716400296,0.581206263118805,-1.13886646443286,-0.68693461101325,0.253861750900123,-0.394270891574204,-0.0362386694308404,-1.121431735672,0,335834,1.05869464120726e-07,0,1,797,0,0.03555456561352,0.0744394990857017,0.00132529275063832,0.0166712945087634,0.219879992557213,0.0166712945087634,0.0124565226046008,0.00314180331304662,,0.0155420493166154,0,0.1,0.00094147094521947,0.0590245386496231,0.1,0.0580830677044036,0,1-5,0.01-0.05,0.05-0.15
Meru,Imenti North,Nyaki East,0.271962550692076,0.195031724471909,-0.817778320633171,0.775448574601402,-1.13599730798238,-0.499837454727201,0.569462628117785,-0.185891265185868,0.250862952861964,-0.98057751110951,0,344902,5.89902425620565e-07,0,1,798,0,0.203458526401384,0.680947353448615,0.00294263474607798,0.0478638065974248,1.51141730624073,0.0478638065974248,0.113518877284454,0.0287130102284939,0.1,0.0319781414940124,0,0.4,0.00173295766899095,0.125828226097274,0.4,0.124095268428284,1-5,1-5,0.01-0.05,0.05-0.15
Meru,Imenti North,Nyaki West,0.199608022552267,-0.170648933511178,-1.31515758545482,0.580613368087798,-1.16239626662357,-0.595773614728789,0.390263222598909,-0.590334864171369,-0.0358457768220934,-1.14695920641573,0,420517,5.25075790404151e-07,0,1,799,0,0.220803296153382,0.715157221670537,0.00640435744592042,0.069077811991147,1.28809254883327,0.069077811991147,0.173298500644442,0.0335756165985401,0.1,0.0526064783534464,0,0.3,0.00456208406131127,0.192314345262125,0.3,0.187752261200814,1-5,1-5,0.05-0.15,0.15-0.30
Meru,Imenti South,Abogeta East,0.254715125940533,0.0800202805852105,-0.276850441564708,1.04337539089357,-1.12248355382241,-0.174695004208124,0.584395228168552,-0.623853772467465,-0.427418961371949,-1.20031651156629,0,309608,3.80257628831826e-06,0,1,800,0,1.17730803947364,5.05269928560302,0.0251030952218531,0.247983960038705,7.82738504199277,0.247983960038705,1.50195662933909,0.254772458654128,0.4,0.0895608933355272,0,2.5,0.0124454419758918,0.285985480823597,2.5,0.273540038847705,1-5,1-5,0.05-0.15,0.15-0.30
Meru,Imenti South,Abogeta West,1.03417814221722,-1.92265864140486,0.762409325860467,-0.283775961611051,-0.451303826112724,-0.439489925985812,0.366182571521387,-0.735979251540271,-0.551264125744919,-1.27599508861919,0,295191,2.16665108905986e-08,0,1,801,0,0.00639575901630668,0.0184632732285096,7.95130520319846e-05,0.00214052995159016,0.0391066848982458,0.00214052995159016,0.0039220798280792,0.000831914073075645,,0.00554054632515246,0,0,7.90086021143543e-05,0.0361211424705317,,0.0360421338684173,0,0,<0.01,0.01-0.05
Meru,Imenti South,Igoji East,0.213658468232725,0.0583520200345756,-0.0949556379161298,1.30452862095627,-1.087973035202,-0.111018383489713,0.680287863000407,-0.61675484000558,-0.683322041981307,-1.18465049773715,0,277617,2.58821829284679e-06,0,1,802,0,0.718533397805248,2.43084184305609,0.00977193668106828,0.145006132345845,5.50948536204481,0.145006132345845,0.526655859689317,0.110178609750834,0.3,0.0624287594390675,0,2,0.00512491048373099,0.234377080245727,2,0.229252169761996,1-5,1-5,0.05-0.15,0.15-0.30
Meru,Imenti South,Igoji West,0.647098693709572,-0.544760969767623,0.29482736737239,1.1814299876423,-0.958893515673911,-0.328388850904051,0.411869936801862,-0.680921348800537,-0.785012228093636,-1.27175880586272,0,208357,9.43050543043161e-07,0,1,803,0,0.196491181996844,0.915641544534476,0.00661165015380218,0.0513637180921581,1.00245011585921,0.0513637180921581,0.263917668417351,0.0456467469492327,0.1,0.0410150754771986,0,0.5,0.0039815051524244,0.158292519627983,0.5,0.154311014475558,1-5,1-5,0.01-0.05,0.15-0.30
Meru,Imenti South,Mitunguu,0.167857728275976,0.308210098390028,-1.15492796604905,0.699038562203132,-1.22504690364152,-0.14846513824301,0.731929092598964,-0.366727906578671,-0.41177911850718,-0.72124540150654,0,281490,4.58838835776578e-06,0,1,804,0,1.29158543882749,3.99531604449781,0.0418802604585243,0.390623117234651,7.66534174705088,0.390623117234651,0.783421453053352,0.175890909918022,0.5,0.149535565120087,0,2.7,0.0219235394290659,0.419628594651598,2.7,0.397705055222532,1-5,1-5,0.05-0.15,0.30-0.50
Meru,Imenti South,Nkuene,0.55907810970273,-2.35205207221197,0.677991264237564,-0.128416174617076,-0.427000558741267,-0.539170451921588,0.295907123839436,-0.730507003026065,-0.348039296921929,-1.2415421195168,0,526668,3.74992257841258e-09,0,1,805,0,0.00197496422452739,0.00502143114531746,7.31033877933658e-05,0.000894956782029516,0.00877142805485199,0.000894956782029516,0.00130139144423309,0.000241098817153762,,0.00140714887875291,0,0,6.02576327702673e-05,0.00671028569343256,,0.00665002806066229,0,0,<0.01,<0.01
Meru,Tigania East,Karama,-0.327749041345266,0.104470730413814,-0.646115370502806,-0.329469327851725,-0.848499400971786,-1.22556038238895,-0.19320199863112,0.339279986950405,0.220868412887421,-0.994905362766275,1,185951,9.1578283525724e-07,0,1,806,1,0.170290733998919,0.395840840352582,0.0161912122478622,0.0977491819224589,0.642831610257228,0.0977491819224589,0.149050209551152,0.021944349422433,0.1,0.109506791046655,0,0.3,0.0128058499702207,0.437685994726726,0.3,0.424880144756506,1-5,1-5,0.05-0.15,0.30-0.50
Meru,Tigania East,Kiguchwa,0.699222664305002,-0.361908119135551,-0.462038529487998,0.5399420462929,-0.956923133691183,-1.20099761342956,-0.0260478933678054,0.304975395806796,0.113252683746515,-0.890341980922365,0,187349,4.74940544136919e-07,0,1,807,0,0.0889796360035077,0.269225837313389,0.00408705497485606,0.0383359029979078,0.419763811629047,0.0383359029979078,0.0780406919531736,0.0134493952437146,,0.0383971365549466,0,0.2,0.0031585062524503,0.153335281585208,0.2,0.150176775332758,0,1-5,0.01-0.05,0.15-0.30
Meru,Tigania East,Mikinduri,0.704609853515965,0.0849849532301418,-0.46203884467243,0.4700288648134,-1.05441086067548,-0.893758314869658,0.399071119737407,0.180757796906593,0.384507251769969,-0.812828664451979,0,425251,1.17434627304806e-06,0,1,808,0,0.49939192695996,4.5815042255265,0.00718836676140007,0.080576371444371,2.00874171801849,0.080576371444371,1.57485510428578,0.244482466909196,0.1,0.0528262102427898,0,0.5,0.00416442988131021,0.186115262919065,0.5,0.181950833037755,1-5,1-5,0.05-0.15,0.15-0.30
Meru,Tigania East,Muthara,-0.592669935338645,0.333455970528289,-1.33991874073748,-0.440690368340743,-1.2596403224535,-1.09410613687531,-0.229784845809819,0.304440321038199,0.361347360139066,-1.08895178751594,0,431782,2.08872608437001e-06,0,1,809,0,0.901874326161452,4.35619118601815,0.0285366498474178,0.201931939607539,5.52285449435379,0.201931939607539,1.43955450467053,0.228800281723963,0.2,0.122239242136179,0,1.3,0.0159059669026538,0.383167561607795,1.3,0.367261594705141,1-5,1-5,0.05-0.15,0.30-0.50
Meru,Tigania East,Thangatha,0.561568639098964,0.25458731263109,-0.52592895222057,0.160673907395911,-1.15952191026391,-0.9059915945294,0.360404924861026,0.365075301147725,0.235878416840359,-0.566540318700908,0,361021,1.9946979622974e-06,0,1,810,0,0.720127853046571,2.58938706182321,0.029908495364368,0.208246240781799,4.59938547643227,0.208246240781799,0.655697284481312,0.123353546082292,0.2,0.130459376059298,0,1.3,0.0171171296984084,0.398641165788331,1.3,0.381524036089923,1-5,1-5,0.05-0.15,0.30-0.50
Meru,Tigania West,Akithii,-0.272251300160642,-0.247178534922558,-0.825760187302555,0.528383254297006,-1.22963015474725,-1.09121724582407,-0.254866426485456,-0.0375085385149552,0.332997253954642,-1.09274582080445,0,269169,1.87332848017489e-06,0,1,811,0,0.504241953680194,2.2129947493243,0.0137088205735285,0.124705598641664,2.43371285260383,0.124705598641664,0.727483544031174,0.11599113776718,0.2,0.0750759134831801,0,0.9,0.00715573174177918,0.263508239568541,0.9,0.256352507826762,1-5,1-5,0.05-0.15,0.15-0.30
Meru,Tigania West,Athwana,-0.679522403718366,0.253001168011336,-1.56688122500869,-0.296815394519201,-1.42218667063226,-0.762126294700565,-0.164089333929194,0.185098425895668,-0.183391453134957,-0.98482338183383,1,198003,2.98790514110532e-06,0,1,812,1,0.591614181654276,0.786035507684482,0.0842044357955648,0.405237810187036,2.53345442742817,0.405237810187036,0.0993084244053713,0.03113744149977,0.3,0.316445329855896,0,1.3,0.061675475506048,0.735444435077103,1.3,0.673768959571055,1-5,1-5,0.30-0.50,0.50-0.70
Meru,Tigania West,Kianjai,-0.375143963320901,-0.111095730426395,-1.12276416358059,0.373285320404699,-1.28074547518497,-0.987309733767806,-0.0704067987586867,-0.107085233469567,0.317055666630381,-1.07782696629893,0,403887,1.27150917675959e-06,0,1,813,0,0.513546026873902,1.57162559371379,0.013863378635034,0.138484038418778,3.65084799763189,0.138484038418778,0.348568089026172,0.0717445466710007,0.1,0.0805035600642003,0,0.9,0.00779779352974922,0.293726192987648,0.9,0.285928399457899,1-5,1-5,0.05-0.15,0.15-0.30
Meru,Tigania West,Mbeu,0.365586821429705,0.174829933925958,-0.478593387332073,0.595495352699133,-1.18037231006733,-0.673773142813533,0.556350509512231,0.0123288086537902,0.494012069309405,-0.95175427609232,1,171992,9.62932842093193e-07,0,1,814,1,0.165616745377292,0.346736633359484,0.0154399569553055,0.0984129874182018,0.668130370260087,0.0984129874182018,0.11206772007577,0.0180525600487791,0.1,0.100415468403641,0,0.4,0.0112485744890028,0.37102803411101,0.4,0.359779459622007,1-5,1-5,0.05-0.15,0.30-0.50
Meru,Tigania West,Nkomo,0.188929458037555,-0.101405313471154,-0.777886306865231,0.527871256972209,-1.13746001686389,-0.94206277222143,0.168422407768983,-0.128682808497249,0.420990113955471,-1.10104562467835,0,209055,5.3332031171441e-07,0,1,815,0,0.111493277765456,0.702830928978853,0.00337538669818338,0.0395874986491425,0.476505177472212,0.0395874986491425,0.299070090069947,0.0411403187489069,0.1,0.0356776832873205,0,0.2,0.00254760000865632,0.133245039055893,0.2,0.130697439047236,1-5,1-5,0.01-0.05,0.05-0.15
Migori,Awendo,Central Sakwa,0.869534959445646,-0.0449992861955321,1.07192363751263,0.514058505859337,1.01792292845252,0.754867556136619,0.476226163664937,-0.11021535134456,-0.250329447710197,0.350018509717752,0,202603,3.35779276279088e-08,0,1,816,0,0.00680298887119721,0.0147790651983555,0.000338304689365266,0.00319695720826155,0.0343534685128314,0.00319695720826155,0.00242016866633279,0.00062041998329699,,0.00316750486312503,0,0,0.000259821526661441,0.0118180968487616,,0.0115582753221002,0,0,<0.01,0.01-0.05
Migori,Awendo,North Sakwa,0.90914587109318,-0.0180330037790921,1.00722531926536,0.356856167162177,0.982086859211006,0.818134797457211,0.524822246825871,-0.133915370211878,-0.118741672930221,0.532626848081253,0,214986,3.08345467904755e-08,0,1,817,0,0.00662899587629717,0.0185232154774823,0.000300466444689106,0.00296169817555153,0.0333139076516202,0.00296169817555153,0.0044659947036038,0.000868209810622006,,0.00337555336382672,0,0,0.000243250815073798,0.0147707516638838,,0.01452750084881,0,0,<0.01,0.01-0.05
Migori,Awendo,South Sakwa,0.876320764881429,-0.19979973362275,0.991554442846264,0.752356005031942,1.09169480731487,0.800074554801011,0.391571486410231,-0.0717959008945757,-0.173662468075242,0.554964032893389,0,356259,3.09611361509075e-08,0,1,818,0,0.0110301834039861,0.0429646048154872,0.000319392063638368,0.00329472980231628,0.0780156099791476,0.00329472980231628,0.0117993053956813,0.00210491369702513,,0.00278348090816139,0,0,0.000212049035756174,0.0107285650591808,,0.0105165160234246,0,0,<0.01,0.01-0.05
Migori,Awendo,West Sakwa,0.789085501924993,0.0324992867620883,0.822748688203839,0.441118579279905,1.06777215624715,0.750961627935049,0.567354936647834,-0.00537483916073655,-0.193907022628742,0.543059763541716,0,218672,5.95069305667157e-08,0,1,819,0,0.0130124995208849,0.0554149179553523,0.000424095867117521,0.00412464089347005,0.0619848802182569,0.00412464089347005,0.0141090760139372,0.00264470988859256,,0.00401552606176944,0,0,0.000261903890687363,0.0159310789350971,,0.0156691750444098,0,0,<0.01,0.01-0.05
Migori,Kuria East,Gokeharaka/Getambwega,0.275446356301988,-0.205557092756711,0.603839761440526,-0.0160859839982329,1.52907366074175,0.89585303117503,0.674815559151903,0.495355726660088,-0.227400035445801,0.73667338293253,0,203377,2.02294823643865e-07,0,1,820,0,0.0411421143482183,0.20599180721178,0.00046197434448681,0.00811795833355242,0.209033400316775,0.00811795833355242,0.0442227758822999,0.00931092682609983,,0.0125337376037439,0,0.1,0.000381647143385991,0.0627174265110478,0.1,0.0623357793676618,0,1-5,0.01-0.05,0.05-0.15
Migori,Kuria East,Ntimaru East,0.38783566478736,-0.321641048477976,0.727849532220416,0.00709919215595961,1.23569137452863,0.636401003682019,0.917293686544656,0.654375396257956,-0.0347190493513248,1.03883393808447,0,125787,1.31522527374372e-07,0,1,821,0,0.0165438241508402,0.0502116789814603,0.000650321745602981,0.00679200778413788,0.084569579506205,0.00679200778413788,0.0127398973933352,0.00239357456562181,,0.00627265469652602,0,0.1,0.000470204877191874,0.0245461061543787,0.1,0.0240759012771868,0,1-5,<0.01,0.01-0.05
Migori,Kuria East,Ntimaru West,0.402554049845037,-0.270146731165936,0.727849541948324,0.112018194887201,1.4571283991597,0.692545102173559,0.841701799324351,0.487679344648982,-0.115641455910252,0.889028627141093,0,228021,4.24878040944143e-08,0,1,822,0,0.00968811157741245,0.0242720485750952,0.00036919930505621,0.0039687837236441,0.0554859758044037,0.0039687837236441,0.00632868445389577,0.00116781071909164,,0.003287979844055,0,0,0.000254906849459299,0.0113044585203609,,0.0110495516709016,0,0,<0.01,0.01-0.05
Migori,Kuria East,Nyabasi East,0.312649864271049,-0.240701023620773,0.613065365322334,-0.0331804144299425,1.26532710615107,0.749554202959943,0.862859666523027,0.522287693740851,-0.0266964835064279,0.944713602497952,0,257689,7.04456184825694e-08,0,1,823,0,0.0181530609811548,0.0739440704579697,0.000436973275856938,0.00588696843233697,0.0984769206180978,0.00588696843233697,0.0172200877222921,0.00342741079531842,,0.00421384725472651,0,0,0.000333759970170748,0.0142923478515191,,0.0139585878813484,0,0,<0.01,0.01-0.05
Migori,Kuria East,Nyabasi West,0.328661979506207,-0.222107615005852,0.59766671875303,0.11322899937153,1.37874957124483,0.835259718615233,0.780758345516194,0.407634607409815,-0.101768621062209,0.895157576644978,0,329174,4.53753944540524e-08,0,1,824,0,0.0149364000940183,0.0593097876498441,0.00031486590589917,0.00393222238197394,0.0973830335064741,0.00393222238197394,0.0165335808317649,0.00292121563128189,,0.00302646419144139,0,0,0.000240518990594315,0.0113130780204179,,0.0110725590298236,0,0,<0.01,0.01-0.05
Migori,Kuria West,Bukira Central/Ikerege,0.191677364373872,-0.0833545794296075,0.446012341561369,0.147664278905826,1.38661422078198,0.90528335188948,0.614927773754615,0.515466463965138,-0.215429355662998,0.768027003846434,0,194064,8.29824691634448e-08,0,1,825,0,0.0161039098957348,0.0717587501484782,0.00036070831269965,0.00418573715274842,0.0783416490359848,0.00418573715274842,0.017197248371989,0.00335686041202352,,0.00323783120394713,0,0,0.000269134977223082,0.0122520776296285,,0.0119829426524054,0,0,<0.01,0.01-0.05
Migori,Kuria West,Bukira East,0.265284463709994,-0.0905829682693168,0.446080419452448,0.154505457297727,1.30723632834754,0.872992109816136,0.613818545991037,0.3179723775718,-0.0862115669911672,0.8580558191079,0,266333,4.69795549398765e-08,0,1,826,0,0.0125122058058021,0.0590251791593014,0.000285100899970734,0.00364693317183066,0.060115518146156,0.00364693317183066,0.0207701438141569,0.0031801592900688,,0.00338394978890913,0,0,0.000188940359962012,0.0135558125523075,,0.0133668721923455,0,0,<0.01,0.01-0.05
Migori,Kuria West,Isibania,0.397996590542711,-0.0667983049422442,0.480201200094624,0.107560305497864,1.72359731932179,0.879900394941026,0.375976780818176,0.173530425088234,-0.274187442938257,0.60933503854762,0,160951,1.30680573985655e-08,0,1,827,0,0.00210331690635652,0.00469619072997709,8.10107922973816e-05,0.000996400178410718,0.0117390654632994,0.000996400178410718,0.000857446007939053,0.000202736237447088,,0.00115065306521522,0,0,6.68333938296426e-05,0.00441184531270935,,0.0043450119188797,0,0,<0.01,<0.01
Migori,Kuria West,Masaba,0.286618990435285,-0.0115152268096424,0.448050238473277,0.285549096915892,1.33416299252699,0.874720577397658,0.47157014202076,0.333803028347355,-0.238608029920891,0.673895869891792,0,313763,5.53977638516328e-07,0,1,828,0,0.173817685793799,1.42390606867605,0.000462079398434006,0.0128486142454987,0.747581162395611,0.0128486142454987,0.354837735162389,0.0674697723692999,0.1,0.0205140990315182,0,0.2,0.000306592157592981,0.136099474706209,0.2,0.135792882548616,1-5,1-5,0.01-0.05,0.05-0.15
Migori,Kuria West,Mokerero,0.331174093869473,-0.0754883936378406,0.471414572244599,0.0773285133557661,1.52038418626506,0.900097079415262,0.512641803157067,0.400499289226766,-0.244396065224922,0.724481086679103,0,156786,6.0296570039334e-08,0,1,829,0,0.00945365803018701,0.0337363254316662,0.000464896886689643,0.00369269536503343,0.0568323588498667,0.00369269536503343,0.00925294567204858,0.0016520439502767,,0.0034364477337512,0,0,0.000338337045376699,0.0121097337860469,,0.0117713967406702,0,0,<0.01,0.01-0.05
Migori,Kuria West,Nyamosense/Komosoko,0.286711462721723,0.0526167579133675,0.480201209822556,-0.268188783179181,1.47478388098863,0.925688440541636,0.362810512082394,0.245371408359869,-0.268175946772155,0.555759147576272,0,332099,2.84974675187445e-08,0,1,830,0,0.00946398046550754,0.0343678033390844,0.000266115262266839,0.00298329331386052,0.0525887708354932,0.00298329331386052,0.00646067095451942,0.00149541407586598,,0.00276365826009511,0,0,0.00017009189620409,0.0115108925170377,,0.0113408006208336,0,0,<0.01,0.01-0.05
Migori,Kuria West,Tagare,0.308375015437583,-0.00328566791938724,0.473961062035435,0.147353993624796,1.34464566847412,0.922822559512785,0.407687558971067,0.248611327464965,-0.296825068864232,0.581965493839573,0,342867,4.60986039348755e-08,0,1,831,0,0.0158056900353389,0.0639306589647908,0.000250580151274744,0.00428206521760088,0.100473981456859,0.00428206521760088,0.0167099488827012,0.00307849490752844,,0.00432959938191277,0,0,0.000172919561552972,0.0203040638884757,,0.0201311443269227,0,0,<0.01,0.01-0.05
Migori,Nyatike,Got Kachola,-0.123517305638689,0.460843144538338,0.468864858622921,-0.911979648046691,1.65289594421326,0.763908695972154,0.427544626400078,0.361279008852115,-0.127453364047124,0.168636623703423,0,228297,1.82653974631809e-08,0,1,832,0,0.00416993544465182,0.0125603685589306,0.000241294515244211,0.00196777698086475,0.0177233968997916,0.00196777698086475,0.00370011003493766,0.000631209235046839,,0.00209718459065355,0,0,0.000172484280974499,0.00793092233612624,,0.00775843805515174,0,0,<0.01,<0.01
Migori,Nyatike,Kachieng',-0.212897944230957,0.439138266080884,0.788059613403463,0.373414118068528,1.64566005746591,0.530799970534232,0.208802814140388,-0.215856118549858,-0.40534222393433,0.436072036231114,0,168354,1.10504230530536e-07,0,1,833,0,0.0186038292267378,0.0590211840150795,0.000535552317434917,0.00539775488171902,0.119585507174198,0.00539775488171902,0.00957861395368482,0.00247221845529802,,0.00531889676896957,0,0.1,0.000404373483217592,0.0237764429082942,0.1,0.0233720694250766,0,1-5,<0.01,0.01-0.05
Migori,Nyatike,Kaler,0.0996143856700965,0.348109727292778,0.423322897421299,-0.911976454716182,1.68796788253723,0.8486545282798,0.426933843732696,0.505187495661347,-0.00481000596522511,0.294413282593215,0,164931,9.78442373448097e-08,0,1,834,0,0.0161375479095168,0.0508331636024517,0.000277074480683831,0.00474418354354511,0.104710499940014,0.00474418354354511,0.0100288658332095,0.00224176694418086,,0.00911659973578986,0,0.1,0.000248552040617005,0.047544377205785,0.1,0.047295825165168,0,1-5,<0.01,0.01-0.05
Migori,Nyatike,Kanyasa,0.111006116232689,0.396654128477697,1.40494389413269,0.345412867286333,1.54051346095728,0.697543559923071,0.467576735971232,-0.0466241908572946,-0.313157754027209,0.610430301681517,0,181329,6.32167612986023e-08,0,1,835,0,0.0114630321095143,0.0359816960240398,0.000239575550928935,0.00326452755185894,0.0777753668304099,0.00326452755185894,0.0059038235698615,0.00151123172280888,,0.00292018646124879,0,0,0.000141981090825296,0.0116772801312312,,0.0115352990404059,0,0,<0.01,0.01-0.05
Migori,Nyatike,Macalder/Kanyarwanda,-0.0366285082942466,0.430472028129187,0.374179448267474,-0.511507528464908,1.50127272986325,0.843174259466867,0.453325645649517,0.341459444800444,-0.0106229811382959,0.301995912308415,0,378205,1.65526906702257e-08,0,1,836,0,0.0062603103749327,0.0224379422738975,0.000127962276029762,0.00178986764371669,0.0399167820915321,0.00178986764371669,0.00479396593551142,0.00101274706355846,,0.00149775747036594,0,0,8.18883647053308e-05,0.00587688434378884,,0.00579499597908351,0,0,<0.01,<0.01
Migori,Nyatike,Muhuru,-0.443410864180035,0.554724723343733,0.424484468776946,-1.27468052215669,1.88914401510253,0.675621858875409,0.464531810970405,0.553047915362691,-0.149617659058904,0.0660153469121908,0,151187,1.38662518006521e-08,0,1,837,0,0.00209639701098518,0.00629463417541196,5.0602577308506e-05,0.000861522029744002,0.0101017652298975,0.000861522029744002,0.00180118960954,0.000312971043597891,,0.00113141253391962,0,0,4.45998379671757e-05,0.00531586435110042,,0.00527126451313325,0,0,<0.01,<0.01
Migori,Nyatike,North Kadem,0.0457321222377848,0.486584480806874,0.330165053693319,-0.103306484609977,1.53555394101286,0.792362118996231,0.505450103537993,0.300070647777919,-0.143404751838496,0.450369870493886,0,370292,3.00385156471182e-08,0,1,838,0,0.0111230220360027,0.0304835123057441,0.000194186014377259,0.00298333187945322,0.0800437024502886,0.00298333187945322,0.00364725001477455,0.00119464564453463,,0.00221786520098468,0,0,0.000114788646089607,0.0080462708787715,,0.00793148223268189,0,0,<0.01,<0.01
Migori,Rongo,Central Kamagambo,1.0658736376432,-0.0270828178123847,0.939586548201336,0.885601446035442,0.882812238842828,0.847741851081304,0.250516955758703,-0.337709386736064,-0.0756416239333128,0.459913653766982,0,343155,2.02771599973051e-08,0,1,839,0,0.00695820883887522,0.047593260920671,9.12357603204307e-05,0.00167696184071351,0.0271036476548583,0.00167696184071351,0.0165324720680871,0.00255063639960542,,0.00167923181833243,0,0,6.60811199107726e-05,0.00726048940380499,,0.00719440828389422,0,0,<0.01,<0.01
Migori,Rongo,East Kamagambo,1.01162530606112,-0.0158077995208321,0.905157999692191,0.665301025384854,0.934018898669006,0.891604761681,0.470556692046191,-0.32325366255184,-0.035232429562851,0.557660851677406,0,315373,1.90786931940029e-08,0,1,840,0,0.00601690470867227,0.0287191238896734,0.000107693790320159,0.00176514449815706,0.0330713747379967,0.00176514449815706,0.00805861559875249,0.00141785004055561,,0.00186293738039394,0,0,8.71965758643574e-05,0.00716233970006651,,0.00707514312420215,0,0,<0.01,<0.01
Migori,Rongo,North Kamagambo,1.0369787214059,-0.0346515006484022,0.853420946512151,0.861706286064951,0.887204371974758,0.953390568385961,0.484082874894702,-0.208463754759335,-0.0413382869929178,0.700583120507965,0,192038,4.4269705136223e-08,0,1,841,0,0.00850146563494999,0.0721620836124117,0.000189122161859291,0.00252750745309591,0.035644250787519,0.00252750745309591,0.0336383554176994,0.00440944184643122,,0.00254364432986724,0,0,0.000143885373197949,0.00973315705312479,,0.00958927167992684,0,0,<0.01,<0.01
Migori,Rongo,South Kamagambo,1.00352684802563,-0.162420005964146,1.07190028468113,0.894510838153099,1.01022655138649,0.832548035702391,0.287473848906945,-0.103513493522212,-0.144947151496863,0.678348384436728,0,295370,2.21803582473948e-08,0,1,842,0,0.00655141241553301,0.0157367306390638,0.000152740511090909,0.00249120504789587,0.0429088744653052,0.00249120504789587,0.00182186952023946,0.000612864263111886,,0.00230489532984725,0,0,0.000124421663478473,0.00840200825102479,,0.00827758658754632,0,0,<0.01,<0.01
Migori,Suna East,God Jope,0.380883953328417,0.0153842033745794,0.447046204855801,0.691964270684145,1.25126586974903,0.899026489194455,0.455538010343045,0.104490776966771,-0.335619700739797,0.539233969738374,0,229950,9.57276683091181e-08,0,1,843,0,0.0220125773276817,0.133310197295837,0.000315090606505937,0.00439022713644726,0.124156848091678,0.00439022713644726,0.0437563849162092,0.00698303535801778,,0.00328068430099567,0,0.1,0.000213486416426269,0.0130871129576323,0.1,0.012873626541206,0,1-5,<0.01,0.01-0.05
Migori,Suna East,Kakrao,0.248970898077779,0.110288207452318,0.475296677454498,0.072910540597778,1.2515042131276,0.809500613254341,0.29602357862909,-0.157465639563475,-0.208368355469267,0.345581319189361,0,429201,1.89835554408667e-08,0,1,844,0,0.00814776097877541,0.0504030984597682,0.000113121369488625,0.00176227667526649,0.0432361803340559,0.00176227667526649,0.0157368354237615,0.00258917078467207,,0.00190767729457726,0,0,8.20271735345466e-05,0.00888289937958888,,0.00880087220605434,0,0,<0.01,<0.01
Migori,Suna East,Kwa,0.34827124496432,-0.0424542013718025,0.446012337670197,0.504584958685254,1.26059570025567,0.919080153457439,0.568875757859821,0.30134688360893,-0.192240161808485,0.792123360993034,0,184591,8.08214375915037e-08,0,1,845,0,0.0149189099864533,0.0477550910926423,0.000441115131422476,0.00495566734130124,0.0831648736680604,0.00495566734130124,0.00896152376074275,0.00207692510500898,,0.00347936119090046,0,0,0.000319646371485438,0.0119053670994374,,0.0115857207279519,0,0,<0.01,0.01-0.05
Migori,Suna East,Suna Central,0.330001616520138,0.0368881042399131,0.465090789685602,0.419889850283682,1.24575532991943,0.926353633640505,0.435814453257044,0.151242663160978,-0.316873494350374,0.612949939757592,0,307710,5.97112483231919e-08,0,1,846,0,0.0183737482215294,0.0629857716647373,0.00031333389502414,0.00462610271376078,0.111423900023733,0.00462610271376078,0.0126593578350409,0.0027924330759152,,0.00336528717332962,0,0,0.00019503324840893,0.0138549216937766,,0.0136598884453676,0,0,<0.01,0.01-0.05
Migori,Suna West,Ragana-Oruba,0.33149841853735,0.0553127337670192,0.479037642298872,0.0530565403852977,1.24989002492431,0.841385127369247,0.290161209755058,-0.159489879509332,-0.202617818130779,0.296134268705596,0,339802,1.18338503614967e-08,0,1,847,0,0.00402116602053731,0.0151523159143055,0.000109980785601502,0.0012331004018279,0.0196483686798883,0.0012331004018279,0.00316205568146858,0.000679144261990554,,0.00118791382728914,0,0,8.07094916430567e-05,0.00449639243126295,,0.00441568293961989,0,0,<0.01,<0.01
Migori,Suna West,Waseweta Ii,0.198983976500556,0.131131442711119,0.480201030828926,-0.36223236664327,1.30642480153641,0.963330834440266,0.313239626987234,0.152232110989259,-0.156206129356131,0.419046969179487,0,267455,1.65213088042299e-08,0,1,848,0,0.00441870664623529,0.0118215467835132,0.000151198324301497,0.00169380258017871,0.0265837910155763,0.00169380258017871,0.00251740771394328,0.000533044976528158,,0.00170229394626394,0,0,0.000108560296691903,0.00618694396677154,,0.00607838367007963,0,0,<0.01,<0.01
Migori,Suna West,Wasimbete,0.132915393879719,0.235554068238636,0.47794265462665,-0.48832527953034,1.55003457992653,0.979742646460097,0.357403537190142,0.376690535400891,-0.140754903108933,0.424955371953041,0,322303,1.27961768946988e-08,0,1,849,0,0.00412424620169212,0.00952442922940526,0.00011617567351575,0.00148763159661641,0.0247887051438895,0.00148763159661641,0.00135131875793961,0.000386653800180008,,0.00152769524115959,0,0,7.21396043572749e-05,0.00633116060536534,,0.00625902100100807,0,0,<0.01,<0.01
Migori,Suna West,Wiga,0.0733690372456532,0.263662590840986,0.48020098218934,-0.588985976029014,1.4062200947788,0.946529228866806,0.290743370385901,0.196526738559902,-0.00840512199843502,0.322232596503325,0,439540,8.33904495574474e-09,0,1,850,0,0.00366534381984804,0.0102639366460405,0.000110456596971783,0.00121836584441347,0.0235256177291697,0.00121836584441347,0.0016623657726191,0.000429711418527212,,0.00115313087851251,0,0,8.20099927082523e-05,0.0044349591868249,,0.00435294919411664,0,0,<0.01,<0.01
Migori,Uriri,Central Kanyamkago,0.486937201746508,0.0443366915653692,0.369119794575229,0.370043557717196,1.16108427090836,0.745575010568555,0.470048292916303,0.0562284259127059,-0.262552446508901,0.408627451882456,0,211708,1.28673844972647e-07,0,1,851,0,0.0272412823714692,0.161245227301722,0.000445925531212472,0.00532647468825532,0.156389156196082,0.00532647468825532,0.0466322018980194,0.00804830120718143,,0.00618079372021097,0,0.1,0.000262016434781657,0.0300136323436902,0.1,0.0297516159089085,0,1-5,<0.01,0.01-0.05
Migori,Uriri,East Kanyamkago,0.513788739347529,-0.136301827941718,0.45242852568879,0.74438598430542,1.21831685828474,0.872718127780704,0.478405348286481,0.137182491463975,-0.196291032864268,0.551968514542069,0,138132,9.00123401440117e-08,0,1,852,0,0.0124335845687726,0.0398136020381322,0.000452568931352101,0.00458306026052989,0.0572992486328763,0.00458306026052989,0.00793229938628319,0.00176069930582041,,0.00445340479913526,0,0,0.000341863682839658,0.0179619243123214,,0.0176200606294817,0,0,<0.01,0.01-0.05
Migori,Uriri,North Kanyamkago,0.475949415803623,0.144785292111483,0.259802015201456,0.103922037605616,1.21483871574826,0.767213647897959,0.597875526800361,0.258113706882463,-0.192492938498326,0.615497158327081,0,326214,7.65372839941138e-08,0,1,853,0,0.0249675335608559,0.160777385076823,0.0005943165939263,0.00702642303945524,0.122989926624363,0.00702642303945524,0.0683901419457822,0.0094095996919051,,0.00559583640241649,0,0,0.000339025941507168,0.0196450186082782,,0.019305992666771,0,0,<0.01,0.01-0.05
Migori,Uriri,South Kanyamkago,0.5188385867353,-0.0443795877491503,0.701713026879216,0.713671467034835,1.13697698044224,0.794664422302849,0.484803481074453,0.0322772283802824,-0.32314269698304,0.410311690921313,0,316374,9.07151746751273e-08,0,1,854,0,0.0286999226726687,0.0782634320102355,0.000594375252310897,0.00811803729569891,0.19542836979042,0.00811803729569891,0.0103059136772998,0.00312671023832773,,0.00510383427671535,0,0.1,0.000316954907075315,0.0193412670945183,0.1,0.019024312187443,0,1-5,<0.01,0.01-0.05
Migori,Uriri,West Kanyamkago,0.354838993930957,0.15533531793718,0.274102376335535,0.0448246665571221,1.26339683166464,0.809368611711239,0.477624896465803,0.276080765219466,-0.16101933242264,0.480980916333547,0,317707,5.72804860977452e-08,0,1,855,0,0.0181984113966563,0.0560496499487496,0.000491205574905491,0.005291596599756,0.123025164497319,0.005291596599756,0.00986917748062075,0.00239662714835596,,0.00459498995022634,0,0,0.000293580397664188,0.0195843452479577,,0.0192907648502935,0,0,<0.01,0.01-0.05
Mombasa,Changamwe,Airport,0.161608768809153,1.42554905541316,-0.926089443743716,-1.38952466221804,2.52057018132998,0.62689215256222,-0.179628849079586,0.932031597971611,0.375706411637873,0.188094832459285,0,262431,3.38949668011634e-09,0,1,856,0,0.000889509003259611,0.00385058926136865,1.73425567278615e-05,0.000364017046599826,0.00377395625056284,0.000364017046599826,0.00166591173818008,0.000227127833466286,,0.000599815041627563,0,0,1.49507051216906e-05,0.00301393248904044,,0.00299898178391875,0,0,<0.01,<0.01
Mombasa,Changamwe,Chaani,0.170255606577251,1.42554393451816,-0.926089459308383,-1.67511325732886,2.49345563846442,0.454984448032193,-2.86578937408359,-0.899751734326911,-0.151329830812779,-1.13866242410169,0,149953,2.32284480707152e-10,0,1,857,0,3.48317547354795e-05,0.000121572616447578,2.35703731053574e-07,8.71896080485662e-06,0.000199245747185167,8.71896080485662e-06,2.41402952030098e-05,5.3712300154109e-06,,3.45189476368509e-05,0,0,2.35457763921275e-07,0.000198980672788904,,0.000198745215024983,0,0,<0.01,<0.01
Mombasa,Changamwe,Changamwe,0.169774384175023,1.42554204048849,-0.926089523512611,-1.67511325732886,2.49852734005626,0.454984448032193,-2.86578937408359,-0.899751734326911,-0.151329830812779,-1.13866242410169,0,227540,1.60716426584359e-10,0,1,858,0,3.6569415705005e-05,0.000137604611525854,2.15100315573674e-07,9.4578661468023e-06,0.000226776182276781,9.4578661468023e-06,3.76961434645866e-05,6.73555333669486e-06,,3.48181723039718e-05,0,0,2.12974569838598e-07,0.000220969992535645,,0.000220757017965807,0,0,<0.01,<0.01
Mombasa,Changamwe,Kipevu,0.173467949664476,1.42555712257655,-0.926089371757143,-1.23305838620299,2.49203785338854,0.289866519526945,-3.17468047989314,-0.955993270216064,-0.131071743319653,-1.25020475017415,0,206108,1.42573725122676e-10,0,1,859,0,2.93855853375845e-05,9.48616760285703e-05,1.90471246007614e-07,7.77193431999892e-06,0.000193858586971742,7.77193431999892e-06,1.82697657406983e-05,4.15527103027918e-06,,2.80144249981782e-05,0,0,1.8863145673488e-07,0.000164951716704324,,0.00016476308524759,0,0,<0.01,<0.01
Mombasa,Changamwe,Port Reitz,0.168021436332263,1.42554063750355,-0.926089644138747,-1.67511325732886,2.51223259578988,0.593185556850467,-0.399460806553329,0.290219538455698,0.559430814934847,0.115155197431967,0,153106,1.46402614757817e-09,0,1,860,0,0.000224151187351104,0.000428908619659716,5.01219390287509e-06,9.65685548163098e-05,0.00125961662688274,9.65685548163098e-05,6.52650777866067e-05,1.76910074115105e-05,,0.000214815035385915,0,0,4.99103252480872e-06,0.00117061708098607,,0.00116562604846126,0,0,<0.01,<0.01
Mombasa,Jomvu,Jomvu Kuu,0.0889804370921636,1.42554393451816,-1.457572853501,-1.13344802933062,2.55477740032917,0.593185556850467,-0.399460806553329,0.290219538455698,0.559430814934847,0.115155197431967,0,712449,9.25865216598462e-10,0,1,861,0,0.000659631747700358,0.00362625268174277,6.87991392728225e-06,0.000150117912443755,0.00305260059017991,0.000150117912443755,0.0009630695632778,0.000175582045758839,,0.000288844031870891,0,0,5.35792044695437e-06,0.00158878606361298,,0.00158342814316602,0,0,<0.01,<0.01
Mombasa,Jomvu,Mikindani,0.163119137286463,1.42554484645835,-1.00247034717696,-1.57877686255993,2.49988784088665,0.454984448032193,-2.86578937408359,-0.899751734326911,-0.151329830812779,-1.13866242410169,0,486514,7.3707023641776e-11,0,1,862,0,3.5859498900055e-05,0.000104274101484496,2.80625874865831e-07,9.34694586185225e-06,0.000237830470173094,9.34694586185225e-06,1.38045398645671e-05,4.170512377038e-06,,3.37543851028409e-05,0,0,2.79946974726781e-07,0.00018601614632083,,0.000185736199346103,0,0,<0.01,<0.01
Mombasa,Jomvu,Miritini,0.157223773941467,1.41733240398432,-0.935569129078072,-1.05085572906863,2.5341639373715,0.593185556850467,-0.399460806553329,0.290219538455698,0.559430814934847,0.115155197431967,0,399323,1.03356575311631e-09,0,1,863,0,0.000412726577231663,0.00138680545574425,8.78698692230397e-06,0.000154982560512904,0.00216528387838183,0.000154982560512904,0.000423889271733165,7.06637506047334e-05,,0.000292356740502131,0,0,7.97311830485291e-06,0.00133001843990933,,0.00132204532160448,0,0,<0.01,<0.01
Mombasa,Kisauni,Bamburi,0.310498517105374,1.45842702530657,-1.6473033482849,-1.40463044607581,2.3634524531,0.315590325789887,-0.655694023800974,0.636053034600429,0.634241807026217,0.118952481046398,0,387510,1.32995355483027e-09,0,1,864,0,0.000515370302032278,0.00189479314766589,8.80639272800657e-06,0.000177426904379937,0.00242505440260748,0.000177426904379937,0.000514086910233354,9.2432331447358e-05,,0.000374378144019674,0,0,8.53257854478359e-06,0.00176066548906196,,0.00175213291051718,0,0,<0.01,<0.01
Mombasa,Kisauni,Junda,0.172530503895762,1.45847479694366,-1.0072898711916,-1.28433396028273,2.44055772948566,0.126148555734928,-3.28767891363991,-1.08161231299896,0.120095406959798,-1.29202692267048,0,318129,8.23282936332827e-11,0,1,865,0,2.61910177252626e-05,0.000111302931057165,1.3160297512212e-07,5.3468781873956e-06,0.000151005827321351,5.3468781873956e-06,2.66978852850782e-05,5.20823024814815e-06,,2.58291474171933e-05,0,0,1.31278025710385e-07,0.000150991457353721,,0.000150860179328011,0,0,<0.01,<0.01
Mombasa,Kisauni,Magogoni,0.254927668158617,1.4586202163323,-0.926089437906958,-1.52292444752944,2.42426206653185,0.126148555734928,-3.28767891363991,-1.08161231299896,0.120095406959798,-1.29202692267048,0,119746,1.53998233804012e-10,0,1,866,0,1.84406725050952e-05,5.42304558563296e-05,1.10653748479604e-07,4.80501771291957e-06,0.000102166739091698,4.80501771291957e-06,1.10084110488279e-05,2.41115063722537e-06,,1.83912076981206e-05,0,0,1.10649886034404e-07,0.000102164262732446,,0.000102053612846412,0,0,<0.01,<0.01
Mombasa,Kisauni,Mjambere,0.254927668158617,1.4586202163323,-0.926089447634889,-1.33650712634611,2.42942208133547,0.126148555734928,-3.28767891363991,-1.08161231299896,0.120095406959798,-1.29202692267048,0,100748,8.27250833524109e-10,0,1,867,0,8.3343866975887e-05,0.000458174552008597,3.00229509926047e-07,1.34784632864528e-05,0.000529363790372172,1.34784632864528e-05,0.000144635410322551,2.36362980413902e-05,,8.32105547815745e-05,0,0,3.00215598540917e-07,0.0005280214815653,,0.000527721265966759,0,0,<0.01,<0.01
Mombasa,Kisauni,Mtopanga,0.254927668158617,1.45861804170566,-1.37603892590681,-1.45101170893011,2.40431657879392,0.126148555734928,-3.28767891363991,-1.08161231299896,0.120095406959798,-1.29202692267048,0,267080,9.45888595285436e-11,0,1,868,0,2.52627926028834e-05,0.000123767279465205,1.65556187618224e-07,5.93022502589154e-06,0.000157312937455227,5.93022502589154e-06,5.10703953204739e-05,7.14384043348439e-06,,2.50945967306076e-05,0,0,1.65528438009485e-07,0.000157101777817814,,0.000156936249379804,0,0,<0.01,<0.01
Mombasa,Kisauni,Mwakirunge,0.218725204350133,1.42028575742453,-1.65333716603324,-1.03149775952842,2.47737410947589,0.644194716335704,-0.114543437753533,1.26987706130324,0.392130842586354,0.506806950799446,0,93194,1.17949109960279e-07,0,1,869,0,0.0109921493536382,0.0700651646294905,0.000141802177336869,0.00273172788916302,0.0610870517517921,0.00273172788916302,0.0301595394021567,0.00412311180248673,,0.00725925243953237,0,0.1,0.000123114112217905,0.0443586124051256,0.1,0.0442354982929077,0,1-5,<0.01,0.01-0.05
Mombasa,Kisauni,Shanzu,0.317956447283172,1.45859229693206,-1.52849022066169,-1.67914749820411,2.34503488621946,0.229081602074511,-2.9353827873942,-0.970999924852094,-0.05534690163223,-1.2368055418309,0,477261,6.25353456418809e-11,0,1,870,0,2.98456815963897e-05,7.43585485318871e-05,1.55600992093954e-07,8.13420224037102e-06,0.000199574667227748,8.13420224037102e-06,1.01901559859773e-05,2.99590582121107e-06,,2.92912028374289e-05,0,0,1.55598551942348e-07,0.000199555254979397,,0.000199399656427455,0,0,<0.01,<0.01
Mombasa,Likoni,Bofu,0.191405931656957,1.42563267331537,-0.926089546859599,-1.67511299121799,2.48396316161792,0.153717350381791,-1.12839623619336,-0.0957903257926134,0.655614454533946,-0.41289437272701,0,165945,4.5329178602608e-10,0,1,871,0,7.52215054320979e-05,0.000136631584837559,1.20013538569617e-06,3.00217447119409e-05,0.000460015431807819,3.00217447119409e-05,1.65125388274158e-05,5.36501473698413e-06,,7.40554932326333e-05,0,0,1.19920552055731e-06,0.000459319814695787,,0.00045812060917523,0,0,<0.01,<0.01
Mombasa,Likoni,Likoni,0.16462268582555,1.42563183152442,-0.926089422342315,-1.67190316183558,2.49716206553873,0.153717350381791,-1.12839623619336,-0.0957903257926134,0.655614454533946,-0.41289437272701,0,167937,5.53258344155764e-10,0,1,872,0,9.29125465424866e-05,0.000172325578305152,1.68624900483088e-06,3.41185544940803e-05,0.000559608524175733,3.41185544940803e-05,1.42210111551751e-05,6.34882898312009e-06,,9.12406313777555e-05,0,0,1.64851487952358e-06,0.000553002667729123,,0.000551354152849599,0,0,<0.01,<0.01
Mombasa,Likoni,Mtongwe,0.113974645556065,1.42562937630078,-0.926089579934519,-1.08802529785051,2.54065717479338,0.17958089333491,-1.06990008962038,-0.00722358519573842,0.592979374330346,-0.369963774035365,0,466882,2.9528019446721e-10,0,1,873,0,0.00013786100775324,0.000287066466834475,2.25865529987371e-06,5.93175320099704e-05,0.000804823677954972,5.93175320099704e-05,4.73321197884611e-05,1.20713848508506e-05,,0.000122035574369688,0,0,2.25392416885609e-06,0.000678875939933589,,0.000676622015764733,0,0,<0.01,<0.01
Mombasa,Likoni,Shika Adabu,0.166247797167637,1.42563183152442,-0.926089420396728,-1.59866918273851,2.5154684737048,0.153717350381791,-1.12839623619336,-0.0957903257926134,0.655614454533946,-0.41289437272701,0,677369,6.89501891878692e-10,0,1,874,0,0.000467047206999977,0.00209772994860542,2.33434981020243e-06,9.60985026730399e-05,0.00378986856586089,9.60985026730399e-05,0.000674456098658059,0.000108992394606425,,0.000398598028594196,0,0,2.20825118378499e-06,0.00261868098200057,,0.00261647273081679,0,0,<0.01,<0.01
Mombasa,Likoni,Timbwani,0.244765123347585,1.42562965689778,-0.926089262804501,-1.67511325732886,2.49507323644423,-0.0143638474603617,-3.64090292175579,-1.088975204476,0.206204552635484,-1.40619452463288,0,961073,4.23040886744455e-11,0,1,875,0,4.06573174146153e-05,0.00013310521935914,1.46019908776499e-07,6.51117383193362e-06,0.000314267572998867,6.51117383193362e-06,2.3486758813171e-05,5.69458967040527e-06,,4.01701868219838e-05,0,0,1.45899769512976e-07,0.000314081204975187,,0.000313935305205674,0,0,<0.01,<0.01
Mombasa,Mvita,Ganjoni-Shimanzi,0.190707857378209,1.42561506585442,-0.926089363974821,-1.66197696006196,2.46372204625593,0.289866519526945,-3.17468047989314,-0.955993270216064,-0.131071743319653,-1.25020475017415,0,352412,3.04394039223737e-10,0,1,876,0,0.000107272112150916,0.000407180749984539,4.37493312307002e-07,1.70162111767922e-05,0.000795238717553281,1.70162111767922e-05,7.15897844366153e-05,1.74039214136707e-05,,0.00010688386026785,0,0,4.37466390381909e-07,0.000792933865430803,,0.000792496399040421,0,0,<0.01,<0.01
Mombasa,Mvita,Majengo,0.19243491615335,1.42561885391377,-0.926089597444772,-1.67498206466715,2.45497903828793,-0.103069233305973,-3.65201143428812,-1.14574408661796,0.271071802325741,-1.41216871069416,0,305884,1.31082990788365e-10,0,1,877,0,4.00961895543083e-05,0.000135003878120023,1.90017483600663e-07,7.8617044728873e-06,0.000262624952365789,7.8617044728873e-06,2.67671005895576e-05,5.96209756258719e-06,,3.99880337541147e-05,0,0,1.90017162131665e-07,0.000262615770013498,,0.000262425752851366,0,0,<0.01,<0.01
Mombasa,Mvita,Makadara-Mji Wa Kale,0.193899719859947,1.43302046462692,-0.926089451526038,-1.67482372869613,2.46492194661237,-0.103069233305973,-3.65201143428812,-1.14574408661796,0.271071802325741,-1.41216871069416,0,223041,1.85824089309536e-10,0,1,878,0,4.14463907036882e-05,0.00016824628311995,1.40973848102612e-07,7.05568234190757e-06,0.000315002731692025,7.05568234190757e-06,4.50909123782003e-05,8.17221432296968e-06,,4.1411102558622e-05,0,0,1.40866396842965e-07,0.000314972752204579,,0.000314831885807736,0,0,<0.01,<0.01
Mombasa,Mvita,Tononoka,0.193899711786241,1.43302046462692,-0.926089447634889,-1.67511325732886,2.44689786794194,-0.103069233305973,-3.65201143428812,-1.14574408661796,0.271071802325741,-1.41216871069416,0,170883,1.20328486496667e-10,0,1,879,0,2.05620927580099e-05,8.42624944440524e-05,6.54393848786751e-08,3.52825134522901e-06,0.00013259791949049,3.52825134522901e-06,1.85113715171393e-05,3.83537596985943e-06,,2.01060126676191e-05,0,0,6.54358247718855e-08,0.000128795308588646,,0.000128729872763874,0,0,<0.01,<0.01
Mombasa,Mvita,Tudor,0.174997022281145,1.44782747411261,-0.92608942817905,-1.40906278882108,2.44951180262009,-0.103069233305973,-3.65201143428812,-1.14574408661796,0.271071802325741,-1.41216871069416,0,204973,2.53613342156118e-10,0,1,880,0,5.19838875817659e-05,0.00017252083530553,1.36695132273547e-07,8.09115806125855e-06,0.000410640864217167,8.09115806125855e-06,2.51055863860956e-05,7.04340453348621e-06,,5.1901331524854e-05,0,0,1.36690474181691e-07,0.000410639748310179,,0.000410503057835997,0,0,<0.01,<0.01
Mombasa,Nyali,Frere Town,0.279311363929118,1.4586202163323,-0.926089435961395,-1.53537178373921,2.41738113751994,0.126148555734928,-3.28767891363991,-1.08161231299896,0.120095406959798,-1.29202692267048,0,232038,3.29911667314111e-10,0,1,881,0,7.65520434602317e-05,0.000344960320238077,2.03947507311539e-07,1.30668317637552e-05,0.00051980356239001,1.30668317637552e-05,9.90977387055995e-05,1.71760944489724e-05,,7.63307104352704e-05,0,0,2.03925203258515e-07,0.000519785949792521,,0.000519582024589262,0,0,<0.01,<0.01
Mombasa,Nyali,Kadzandani,0.35814753927274,1.45862014618306,-0.926089445689303,-1.53559451854215,2.39628962389454,0.229081602074511,-2.9353827873942,-0.970999924852095,-0.05534690163223,-1.2368055418309,0,416258,2.41212010356225e-10,0,1,882,0,0.000100406429006862,0.000331114209245706,3.8515640268117e-07,1.9123374737067e-05,0.000673555711721633,1.9123374737067e-05,5.12479049500705e-05,1.37119527677009e-05,,9.93251767966551e-05,0,0,3.84276442556559e-07,0.000673518083249787,,0.00067313380680723,0,0,<0.01,<0.01
Mombasa,Nyali,Kongowea,0.193899716220501,1.45862056707853,-0.926089566315439,-1.53774336386325,2.42332710581081,-0.103069233305973,-3.65201143428812,-1.14574408661796,0.271071802325741,-1.41216871069416,0,437080,2.04460580115933e-10,0,1,883,0,8.93656303570721e-05,0.000475048658515546,1.12536404114246e-07,8.9510365540735e-06,0.000541492699459215,8.9510365540735e-06,8.71552500288084e-05,2.05345396058165e-05,,8.55514394564501e-05,0,0,1.12405553395621e-07,0.000531981763810685,,0.000531869358257289,0,0,<0.01,<0.01
Mombasa,Nyali,Mkomani,0.207050658566068,1.4586202163323,-0.926089459308383,-1.54242585083164,2.43755064757506,-0.103069233305973,-3.65201143428812,-1.14574408661796,0.271071802325741,-1.41216871069416,0,959357,1.60823390716785e-11,0,1,884,0,1.54287045647883e-05,4.02132478203611e-05,6.81783445534699e-08,3.57619261760252e-06,0.000117440943205134,3.57619261760252e-06,4.88108315416263e-06,1.58036135656808e-06,,1.49529114017143e-05,0,0,6.81499218198861e-08,0.000113415986189475,,0.000113347836267655,0,0,<0.01,<0.01
Mombasa,Nyali,Ziwa La Ng'ombe,0.358147541657202,1.45862189991424,-0.926089313389649,-1.70902456454895,2.4042043971465,0.229081602074511,-2.9353827873942,-0.970999924852095,-0.05534690163223,-1.2368055418309,0,1173081,3.21823481791421e-10,0,1,885,0,0.000377525011843362,0.00297989340097232,1.70282582247911e-07,2.26893370051264e-05,0.00218596893689873,2.26893370051264e-05,0.000930534758502687,0.000153084688892244,,0.000313317394160292,0,0,1.5723316763896e-07,0.00141684188401511,,0.00141668465084747,0,0,<0.01,<0.01
Muranga,Gatanga,Gatanga,0.205675536530384,-1.0591790757756,0.3034282893351,1.35754908404782,-0.752853294284487,-0.817832411621719,-0.611956302213344,-0.893401508766151,0.343575373642638,-1.10366166817149,0,217718,9.4742563704524e-08,0,1,886,0,0.0206271614846216,0.0661125896764211,0.000285794497098315,0.00600781730197817,0.138600668038357,0.00600781730197817,0.0144034672295099,0.00300161890687318,,0.0105949960244778,0,0.1,0.000248876115264166,0.0560172872039363,0.1,0.0557684110886722,0,1-5,0.01-0.05,0.05-0.15
Muranga,Gatanga,Ithanga,-0.383582088440656,-0.0416064477240206,-0.113398578898043,0.313830296339282,-0.588837502915601,-0.310777545040456,0.29520366612954,-0.582795285130226,-0.121716930403331,-0.941237631904028,0,162670,8.78878688176607e-07,0,1,887,0,0.142967196205689,0.917783676358694,0.00260331977196149,0.0395960057876273,0.69828593444574,0.0395960057876273,0.38365235819002,0.0532871737976674,0.1,0.0426904645045997,0,0.4,0.00204503762186391,0.189952585485258,0.4,0.187907547863394,1-5,1-5,0.01-0.05,0.15-0.30
Muranga,Gatanga,Kakuzi/Mitubiri,-0.444224057571814,-0.237341085145999,-0.363796004089406,0.723209413040839,-0.639661244838887,-0.234643525397706,0.0108328934637559,-0.827321873724309,0.704923930852819,-1.11623782257534,0,296295,1.91670690601945e-07,0,1,888,0,0.0567910672719032,0.398309077665862,0.000398767448457297,0.0100870043328062,0.297850175888289,0.0100870043328062,0.163139801349991,0.0229135059673179,,0.0131856986104336,0,0.1,0.00026636226463339,0.0739072489330857,0.1,0.0736408866684523,0,1-5,0.01-0.05,0.05-0.15
Muranga,Gatanga,Kariara,1.1865883135973,-1.55017168260015,0.352089265060392,0.54447817227968,-0.676996507570631,-1.07492604531029,-0.579057173873273,-0.867242251788572,-0.193654565333045,-1.02036445027883,0,333309,3.06149829985201e-08,0,1,889,0,0.0102042493682537,0.0288673317869645,0.000343961391145414,0.00392260920600769,0.0534532713459514,0.00392260920600769,0.00570358891790877,0.0012735918205436,,0.00953754140515737,0,0,0.000295264650434204,0.0510692778012272,,0.050774013150793,0,0,<0.01,0.05-0.15
Muranga,Gatanga,Kihumbu-Ini,-0.00119218997464776,-0.903727011994713,0.276482773660226,1.58395195929941,-0.687159261236025,-0.819252313417952,-0.57043087742607,-0.91291316882174,0.080843797706041,-1.12070876301372,0,207751,2.99344234974423e-07,0,1,890,0,0.0621890641601713,0.247802798000141,0.00159223614668692,0.018725945156372,0.34938520858347,0.018725945156372,0.0513954419349147,0.0110867456797359,,0.0226257300397613,0,0.2,0.00120900390203449,0.113822123577157,0.2,0.112613119675122,0,1-5,0.01-0.05,0.05-0.15
Muranga,Gatanga,Mugumo-Ini,-0.434145491327053,-0.564935191659567,-0.206303389842676,1.34237065192097,-0.713448638184394,-0.450326046699447,-0.154591512194875,-0.861088540400717,0.923093330971432,-1.1634917068811,0,324355,3.21023866405956e-07,0,1,891,0,0.104125696188104,0.461392945231769,0.0017652308133265,0.0224404468921225,0.613659865041519,0.0224404468921225,0.119537992104957,0.0221507724721549,,0.0248498354942325,0,0.2,0.0012765124884488,0.119031070288976,0.2,0.117754557800527,0,1-5,0.01-0.05,0.05-0.15
Muranga,Kandara,Gaichanjiru,0.0695300238325429,-0.739251580446594,0.0868150453260904,1.73272284101165,-0.580121687915323,-0.315245398993731,-0.3476525952142,-0.857030896141407,-0.0478292753181373,-1.10668951284833,0,274602,3.55940604408277e-07,0,1,892,0,0.0977420018517216,0.287574771002362,0.00297074600799522,0.0263107807494337,0.695765034696378,0.0263107807494337,0.041269051412675,0.0117039967264609,,0.0250994784254349,0,0.3,0.00195434122667796,0.123681825445397,0.3,0.121727484218719,0,1-5,0.01-0.05,0.05-0.15
Muranga,Kandara,Ithiru,0.195529784441052,-0.898116475234338,0.261663521676953,1.50651795225155,-0.628101590978768,-0.902896388036822,-0.072638581173186,-0.872166759391915,-0.247671436466208,-1.08618612815398,0,274643,3.26112268173608e-07,0,1,893,0,0.0895644516680042,0.313116759007745,0.00272554680380622,0.0297710517598782,0.500160146696346,0.0297710517598782,0.0541702326202442,0.0133276476495676,,0.0288074138932085,0,0.2,0.00219380503068671,0.123207690568924,0.2,0.121013885538237,0,1-5,0.01-0.05,0.05-0.15
Muranga,Kandara,Kagundu-Ini,-0.187256139945241,-0.653301426232507,0.0217741974822829,1.75151984882594,-0.613065158492786,-0.641852288090405,0.107749337328164,-0.846547293719222,-0.174849556536292,-1.05151998365999,0,330497,1.48333801321032e-06,0,1,894,0,0.490238763351971,2.72684120315829,0.00834625016728642,0.0877585141935184,3.23603115768781,0.0877585141935184,0.820354288512632,0.138114050995478,0.1,0.0562419576431476,0,1,0.00511547797872882,0.223681633422985,1,0.218566155444256,1-5,1-5,0.05-0.15,0.15-0.30
Muranga,Kandara,Muruka,-0.263581410872794,-0.675548347920138,0.00748219846349108,1.88885701065385,-0.634016274570086,-0.545099316446652,-0.122307669666406,-0.85740496498726,0.0775323269389107,-1.06026121766342,0,221817,1.02171511879941e-06,0,1,895,0,0.226633782506728,1.18967226404852,0.00336711730755379,0.04520360036552,1.26879959962811,0.04520360036552,0.296726657281709,0.0563873818251934,0.1,0.0354466443000377,0,0.6,0.0022808058059065,0.162167841910524,0.6,0.159887036104618,1-5,1-5,0.01-0.05,0.15-0.30
Muranga,Kandara,Ng'araria,-0.254618621496545,-0.758587097943567,0.061772947873421,1.8016727011212,-0.641239971366396,-0.569870851459361,-0.199187511310805,-0.867180421838357,0.36165524762085,-1.11729545824625,0,152444,6.61489267162838e-07,0,1,896,0,0.100840069843372,0.376123906974135,0.00253709842916337,0.0273049261109875,0.709780485274951,0.0273049261109875,0.0712104244642436,0.0163978249738833,0.1,0.028333375666635,0,0.5,0.00176104732168118,0.124450214626083,0.5,0.122689167304402,1-5,1-5,0.01-0.05,0.05-0.15
Muranga,Kandara,Ruchu,0.657077689152862,-1.29211000057575,0.303428343811421,1.6030991690261,-0.696312039096995,-0.909719978492071,-0.224967431697603,-0.914488764917733,-0.214349641716441,-1.09780432679922,0,345118,6.86131002789184e-08,0,1,897,0,0.0236796159420598,0.0809131656460435,0.000408808491579171,0.00762702841572735,0.125714346687505,0.00762702841572735,0.0164120426169428,0.00359668767586566,,0.00894019965835841,0,0,0.00032545401532759,0.0408369902341465,,0.0405115362188189,0,0,<0.01,0.01-0.05
Muranga,Kangema,Kanyenya-Ini,0.909280047455134,-1.54247455649322,0.33765663736439,0.517753189257234,-0.564996942217543,-1.05108414570658,0.265004175285836,-0.861262088831111,-0.532822931351223,-1.01357831655606,0,220578,4.43010237973298e-08,0,1,898,0,0.00977183122716742,0.0121493350885796,0.000753023799120557,0.00612626907570433,0.0417042375933328,0.00612626907570433,0.000946601492882439,0.000444064044445633,,0.00871538204052311,0,0,0.000738859796305239,0.0349549169957877,,0.0342160571994825,0,0,<0.01,0.01-0.05
Muranga,Kangema,Muguru,0.413042607057092,-1.03087357408817,-0.122677649343378,1.0910177531877,-0.42300660226215,-0.906215274878451,0.521735245600087,-0.91531702852563,-0.431729478234919,-1.16529431028701,0,320401,1.02968598974867e-07,0,1,899,0,0.0329912420801463,0.0873847229816084,0.00140995024270099,0.0143737874619451,0.18154141839539,0.0143737874619451,0.020772317042599,0.00407710425592234,,0.0177441640468885,0,0.1,0.00114023981095733,0.0814454424740107,0.1,0.0803052026630533,0,1-5,0.01-0.05,0.05-0.15
Muranga,Kangema,Rwathia,0.938821338669615,-1.53921493144142,0.337656495336829,0.614163030627843,-0.507736394673727,-0.997620248674526,0.35022720957069,-0.906427832526605,-0.489433044137996,-1.05765648162367,0,182217,3.70294813293383e-08,0,1,900,0,0.00674740099938804,0.0146529072152655,0.000301465632825254,0.00364244885485464,0.0314586607585742,0.00364244885485464,0.00387726968767837,0.000708585677749408,,0.00584330162928455,0,0,0.000297127399942114,0.0282238332472781,,0.027926705847336,0,0,<0.01,0.01-0.05
Muranga,Kigumo,Kahumbu,-0.00894679852961016,-0.648149244650834,0.00520614274946229,1.76255440239674,-0.528115946962315,-0.570363496734797,0.127504803833516,-0.809810803484648,-0.286104095273712,-1.05898009177993,0,181591,8.20915165106781e-07,0,1,901,0,0.149070805746905,1.13403623301906,0.00201956671137824,0.0303619199136751,0.653434200256735,0.0303619199136751,0.499227806261051,0.0674353132364606,0.1,0.0296749542237827,0,0.4,0.00138168300676176,0.161049668615889,0.4,0.159667985609127,1-5,1-5,0.01-0.05,0.15-0.30
Muranga,Kigumo,Kangari,1.272660488045,-1.78384268195424,0.439453923650834,0.425626136319765,-0.361389809484245,-1.09747041624229,-0.194338244151226,-0.822859413627535,-0.412475335574772,-0.96445745891836,0,326360,1.06858816614794e-08,0,1,902,0,0.00348744433904042,0.0101536862104838,4.33343808229288e-05,0.00125840591517673,0.0213973676994075,0.00125840591517673,0.00252726413090749,0.000480925968768,,0.00333014590228194,0,0,4.01903156514358e-05,0.0187418197770459,,0.0187016294613945,0,0,<0.01,0.01-0.05
Muranga,Kigumo,Kigumo,0.615339088973011,-1.0448992846459,0.246138700165763,1.34955245223374,-0.575884955348166,-0.899679377244774,0.311502569286055,-0.885433606740355,-0.391018627060873,-1.05367904883626,0,242155,1.16549141426248e-07,0,1,903,0,0.028222957342073,0.0745953186090479,0.000918216196392849,0.0106266343755837,0.160605298598531,0.0106266343755837,0.0139782627520584,0.00324297405648131,,0.0150004736877199,0,0.1,0.000795912077426367,0.0663156294860506,0.1,0.0655197174086243,0,1-5,0.01-0.05,0.05-0.15
Muranga,Kigumo,Kinyona,0.953167200378364,-1.44008941583951,0.318184883821251,0.647087864831807,-0.64661616600122,-0.882254570327317,0.167845421554161,-0.901598378745776,-0.405894013457508,-1.04296283484663,0,284821,3.00578226799628e-08,0,1,904,0,0.00856109911352968,0.0348718716889331,0.000260805918337878,0.00398658316910839,0.0399789824426983,0.00398658316910839,0.0156039043950603,0.00208962297369976,,0.00634874508054205,0,0,0.000234143654559489,0.0282434065237546,,0.0280092628691951,0,0,<0.01,0.01-0.05
Muranga,Kigumo,Muthithi,0.0574415792850149,-0.662053807459312,0.00520653381161652,1.62094562879247,-0.500216558786889,-0.685551259298102,0.164433039789636,-0.855251229003373,-0.282337818471587,-1.06144120922897,0,233170,7.21131389390121e-07,0,1,905,0,0.168146206064094,1.27978894892786,0.00414178046932332,0.0357006668910086,0.710797267688261,0.0357006668910086,0.376625270597951,0.0642903536185848,0.1,0.0290176673917782,0,0.3,0.00272597087194051,0.111481996428931,0.3,0.10875602555699,1-5,1-5,0.01-0.05,0.05-0.15
Muranga,Kiharu,Gaturi,0.153509878223863,-0.549356376777348,-0.550350673329106,0.824750404316245,-0.272894174642544,-0.943048836012989,0.394648159427058,-0.819888630056813,-0.541186540611305,-1.2263487986871,0,355737,1.77020341218638e-07,0,1,906,0,0.0629726851240945,0.344664045785609,0.00221660342988296,0.0202032110316659,0.2940379288098,0.0202032110316659,0.121733325330925,0.0185983256263507,,0.0244633372444711,0,0.1,0.00154052329074572,0.10569303984126,0.1,0.104152516550515,0,1-5,0.01-0.05,0.05-0.15
Muranga,Kiharu,Mbiri,-0.216647563687791,-0.277214688678184,-0.494220624326829,1.27350807617865,-0.334242447519705,-0.015924672096302,0.166645591441351,-0.683020963546877,-0.414924765910957,-1.1591435505749,0,389857,7.30591131791202e-07,0,1,907,0,0.284826066866723,1.02592995491507,0.00629630159339016,0.0617274992174435,2.3186805846226,0.0617274992174435,0.214675232281407,0.0460200075979537,0.1,0.0335514665136922,0,0.6,0.0027815894095826,0.1413535648884,0.6,0.138571975478817,1-5,1-5,0.01-0.05,0.05-0.15
Muranga,Kiharu,Mugoiri,0.522710480208022,-0.896908505204159,-0.152136679124623,1.24169931098729,-0.471909020362342,-0.853069793836211,0.450230826988514,-0.850012591073977,-0.375880337353288,-1.07981034796296,0,278996,1.19532149575928e-07,0,1,908,0,0.0333489916030856,0.0787566027876817,0.00213024086054204,0.0178188150301429,0.174478959022847,0.0178188150301429,0.0199921792575204,0.00375491889274517,,0.0183176111813794,0,0.1,0.00186954787893308,0.0700531404288755,0.1,0.0681835925499425,0,1-5,0.01-0.05,0.05-0.15
Muranga,Kiharu,Murarandia,0.733230184672822,-1.44888830601693,0.337123736372761,1.0644705322302,-0.587485867504144,-0.890889160380478,0.272120924459521,-0.916531578741043,-0.438317993921854,-1.10367221246509,0,226657,6.96283363095533e-08,0,1,909,0,0.0157817498229144,0.0457992377052342,0.000878116670822056,0.00734553592203517,0.0739999237352464,0.00734553592203517,0.0118699470884543,0.00219902043258403,,0.0101770003256905,0,0,0.000769604709536961,0.0465819180261686,,0.0458123133166317,0,0,0.01-0.05,0.01-0.05
Muranga,Kiharu,Township,-0.027717670282308,-0.371377986858761,-0.550350492389891,1.34587267104489,-0.32387272041971,-0.600929999757247,0.187230831495795,-0.843002811887812,-0.276213914586078,-1.1824527045008,0,296774,2.90945778962297e-07,0,1,910,0,0.0863451426057566,0.289459764054479,0.00236447505613218,0.0253993981824503,0.605022583809696,0.0253993981824503,0.0620317174978178,0.0130767517431754,,0.0229263171709095,0,0.2,0.00181618469486624,0.0954599682478332,0.2,0.093643783552967,0,1-5,0.01-0.05,0.05-0.15
Muranga,Kiharu,Wangu,0.467451687614537,-0.964431364219774,-0.201937122438274,1.16275645527433,-0.447755101202345,-0.885350499176857,0.513065856215137,-0.871702085919769,-0.417791366620502,-1.12724616530124,0,238754,1.14741360627921e-07,0,1,911,0,0.0273949588153587,0.0577368189724734,0.00159809615213391,0.0145744584906684,0.121571676588597,0.0145744584906684,0.0102591892448717,0.00247464662726833,,0.0162075575073059,0,0.1,0.00142052871048013,0.0646235887417205,0.1,0.0632030600312404,0,1-5,0.01-0.05,0.05-0.15
Muranga,Mathioya,Gitugi,0.464026503211529,-1.10639421888256,-0.0564079149213846,1.03745495613152,-0.397528070169586,-1.04783567773737,0.432729522230606,-0.926219699814441,-0.476410711144988,-1.18034021664903,0,305384,6.65995881180827e-08,0,1,912,0,0.0203384486178526,0.0336149734799544,0.00148201269433925,0.0112155614243167,0.0911653298901465,0.0112155614243167,0.00402097568068992,0.00131730762817064,,0.0141567786369564,0,0,0.00124170921783335,0.0564953211010464,,0.0552536118832131,0,0,0.01-0.05,0.05-0.15
Muranga,Mathioya,Kamacharia,0.296259857802523,-1.23950024009008,-0.0817328009022179,0.967208071613916,-0.326948424082726,-1.18496207198545,0.368776772706405,-0.960692677455654,-0.540259334334748,-1.2692769379162,0,204721,8.90699161376397e-08,0,1,913,0,0.0182344823016137,0.0422917403587325,0.000795860912311347,0.00841088062535363,0.0827913635862571,0.00841088062535363,0.00622696433924033,0.00173121006187351,,0.0126196901068006,0,0,0.000711376170396653,0.0511979750043092,,0.0504865988339125,0,0,0.01-0.05,0.05-0.15
Muranga,Mathioya,Kiru,1.03964590077245,-1.89377391738648,0.397754399169491,0.490028161563997,0.0438836111887153,-1.31765606603312,0.277195409012655,-0.811971724223297,-0.59229022082942,-0.94280599133318,0,306054,9.164355126009e-09,0,1,914,0,0.00280478754373556,0.00409128785824036,0.000128719341935266,0.00154694435465103,0.0135747250303043,0.00154694435465103,0.000399631710993404,0.000154652810593702,,0.00263491268684816,0,0,0.000113481737167968,0.012273599022076,,0.012160117284908,0,0,<0.01,0.01-0.05
Muranga,Muranga South,Ichagaki,0.0162407559712852,-0.447716291274056,-0.0146684554055306,1.58892078157005,-0.450282257068147,-0.549781204878232,0.156756653371555,-0.794786095193167,-0.302231890499199,-1.02981953541255,0,293458,6.91131412100003e-07,0,1,915,0,0.202818041932043,1.41087119609487,0.00366827277353904,0.0449376076828216,1.18373851486023,0.0449376076828216,0.642523936154153,0.0852524464363333,0.1,0.036085550697447,0,0.4,0.00217098548221576,0.158003887467827,0.4,0.155832901985612,1-5,1-5,0.01-0.05,0.15-0.30
Muranga,Muranga South,Kamahuhu,-0.193632681821105,-0.242633775669046,0.00520648906320323,1.5176318068633,-0.484018415441465,-0.178262195228702,-0.24164928228908,-0.765020340635356,-0.232043486079642,-1.01192145706957,0,303697,1.86917023512794e-06,0,1,916,0,0.56766139289765,1.76515200465672,0.00547066374134911,0.100451396082973,4.62943661815698,0.100451396082973,0.226465139669376,0.0701419205509415,0.2,0.0404146150459542,0,1.5,0.00247312495141784,0.172153643451571,1.5,0.169680518500153,1-5,1-5,0.01-0.05,0.15-0.30
Muranga,Muranga South,Kambiti,-0.270280537595817,-0.12697716915939,-0.0539188626287697,1.04204696540219,-0.442398768515735,-0.142443875201119,-0.0728320839271674,-0.722151040808861,-0.287019345792155,-1.04032842579747,0,283520,4.05936581906765e-07,0,1,917,0,0.115091139702206,0.45917991955151,0.00395690170920554,0.0352677009142556,0.635989289380664,0.0352677009142556,0.146520362246886,0.0237873053818187,,0.0211041442995753,0,0.2,0.00209964092682089,0.0731074876443716,0.2,0.0710078467175507,0,1-5,0.01-0.05,0.05-0.15
Muranga,Muranga South,Kimorori/Wempa,-0.383422776354713,-0.339007196019855,-0.114848810551022,1.54167386003718,-0.599035206790298,-0.151721016890062,-0.22296592699952,-0.756193822729234,0.115731860839355,-1.0533417502604,0,535115,1.04346273288238e-06,0,1,918,0,0.558372560306353,1.99005609372486,0.00287898969393206,0.0760392260321763,4.71966012129234,0.0760392260321763,0.286698358104817,0.0810634955375172,0.1,0.0275316301427617,0,0.9,0.00124085417066256,0.127906410382753,0.9,0.12666555621209,1-5,1-5,0.01-0.05,0.05-0.15
Muranga,Muranga South,Makuyu,-0.292929992597102,-0.140816563317561,-0.0522722671854132,1.12622847981371,-0.498791954157964,-0.104614350001161,-0.120431976698468,-0.638872670728448,-0.231200785670751,-0.939307557778652,0,322642,5.1853589661001e-07,0,1,919,0,0.167301458754047,0.72014564422535,0.00247843590049454,0.03705490853822,0.968182659388523,0.03705490853822,0.207349199492384,0.0358869196561851,0.1,0.0187648017991164,0,0.3,0.00110053439156175,0.0761273071491007,0.3,0.075026772757539,1-5,1-5,0.01-0.05,0.05-0.15
Muranga,Muranga South,Nginda,0.300736353445849,-0.674695613675827,-0.00175273059712682,1.33976329756109,-0.440815353545514,-0.633607829397403,0.190622585779263,-0.846920810946393,-0.243116659786223,-1.12689365302244,0,271017,8.16127140066906e-08,0,1,920,0,0.0221184329119513,0.0802904237342793,0.000620743174233257,0.0070927351480674,0.119556410721068,0.0070927351480674,0.015536557527928,0.0035216243087334,,0.00743558402027669,0,0,0.000467289920705148,0.0278924047758438,,0.0274251148551386,0,0,<0.01,0.01-0.05
Nairobi,Dagoretti North,Gatina,-0.556352253543412,-0.491311663096088,1.7180720676443,-0.279925869461767,-1.12944171427243,-1.43551702874552,-2.90162721836318,-1.22312860097414,2.95886670241252,-1.44328547162826,0,275454,2.14524979476558e-09,0,1,921,0,0.000590917636967359,0.0111630131307617,8.13048298595414e-07,4.23598821829327e-05,0.0015920588349539,4.23598821829327e-05,0.00553987854897611,0.000703378153945204,,0.000216278739948717,0,0,7.58298879006257e-07,0.00138262853166482,,0.00138187023278581,0,0,<0.01,<0.01
Nairobi,Dagoretti North,Kabiro,-0.555463709537432,-0.492243174944553,1.7112679634714,-0.279925869461767,-1.13244815684994,-1.43551702874552,-2.90162721836318,-1.22312860097414,2.95886670241252,-1.44328547162826,0,296231,9.0930338594829e-10,0,1,922,0,0.000269363851322848,0.00151559925331725,6.16326179201587e-07,4.38320990442291e-05,0.00151885682017963,4.38320990442291e-05,0.000547017804453017,8.25239002600528e-05,,0.000220739253503964,0,0,6.15921054005035e-07,0.00129623127445066,,0.00129561535339666,0,0,<0.01,<0.01
Nairobi,Dagoretti North,Kawangware,-0.483003502564703,-0.568035858518114,1.15646328444738,-0.279925869461767,-1.14487679225549,-1.43551702874552,-2.90162721836318,-1.22312860097414,2.95886670241252,-1.44328547162826,0,218282,7.26945128776229e-10,0,1,923,0,0.000158679036599533,0.000449821165751417,7.02115151674527e-07,4.13514236224929e-05,0.00105313071048754,4.13514236224929e-05,8.30413952255763e-05,1.94765932150871e-05,,0.00014738938511174,0,0,7.00439482569956e-07,0.000956037675161896,,0.000955337235679326,0,0,<0.01,<0.01
Nairobi,Dagoretti North,Kileleshwa,-0.601749585943954,-0.49131152279759,1.71807203651497,-0.96195872994013,-1.1160244994101,-1.43551702874552,-2.90162721836318,-1.22312860097414,2.95886670241252,-1.44328547162826,0,304929,1.00854114552584e-09,0,1,924,0,0.000307533442964048,0.000898009169988118,1.54963349599633e-06,6.69432122289602e-05,0.00214599617675799,6.69432122289602e-05,0.000124340749855507,3.62615428791309e-05,,0.000260704082559552,0,0,1.45928315996738e-06,0.00180749408154202,,0.00180603479838205,0,0,<0.01,<0.01
Nairobi,Dagoretti North,Kilimani,-0.599827299958529,-0.491315170558409,1.71807174467753,-0.940551174435459,-1.10006423059896,-1.49010591728499,-3.32529712822221,-1.22232605562103,3.09840107320896,-1.55094030359528,0,709415,3.29026255878064e-10,0,1,925,0,0.000233416161313737,0.000787706395116897,6.31515882327315e-07,3.86311842663363e-05,0.00184817618125036,3.86311842663363e-05,0.000121054833300634,3.25656432605393e-05,,0.000200598972069156,0,0,6.11688331994302e-07,0.00143094250437768,,0.00143033081604568,0,0,<0.01,<0.01
Nairobi,Dagoretti South,Mutu-Ini,-0.326930405573519,-0.723493744686482,0.0184763294142669,1.33126371619199,-1.18660849296202,-1.0741055824334,-1.91948517712109,-1.18507911003198,1.39363454698153,-1.22607561519991,0,426632,3.69644370774328e-08,0,1,926,0,0.0157702117192193,0.219493307640886,8.24020070360598e-05,0.00198865092451584,0.0491395662262454,0.00198865092451584,0.105937678738315,0.0136410749299778,,0.00272916977841582,0,0,6.25974113384789e-05,0.014131092805449,,0.0140684953941106,0,0,<0.01,0.01-0.05
Nairobi,Dagoretti South,Ngando,-0.429785538236989,-0.608711829135365,0.858666629058464,-0.137989779480408,-1.13824656706202,-1.15860564918283,-2.18552908744943,-1.21192079031868,1.94413541786722,-1.35432960439834,0,452974,3.39051935857803e-09,0,1,927,0,0.00153581711593253,0.00544915271466546,2.48697816987427e-05,0.000514383582998437,0.00789442114469228,0.000514383582998437,0.0017409638640431,0.000282425561652803,,0.0011120064450811,0,0,2.09830132803412e-05,0.00539858363106888,,0.00537760061778853,0,0,<0.01,<0.01
Nairobi,Dagoretti South,Riruta,-0.376320830017954,-0.67962086244405,0.339628837778673,-0.279925869461767,-1.14596016349945,-1.0741055824334,-1.91948517712109,-1.18507911003198,1.39363454698153,-1.22607561519991,0,828638,3.38617658639961e-09,0,1,928,0,0.002805914594201,0.00660696892855433,7.19088850076364e-05,0.00113174953134244,0.0155857080059655,0.00113174953134244,0.00144531346651627,0.000300340352184038,,0.00169262186769684,0,0,5.36353365930687e-05,0.00838716987295246,,0.00833353453635939,0,0,<0.01,<0.01
Nairobi,Dagoretti South,Uthiru/Ruthimitu,-0.332083878255645,-0.723495708865389,0.0184762068425454,1.11982265881442,-1.18669241608655,-1.32171863136872,-2.40339831339327,-1.20954985468579,2.16881649909244,-1.33480910914712,0,603254,5.2802520549822e-09,0,1,929,0,0.00318533317317623,0.0198543114442049,1.91151257666208e-05,0.000597269184787272,0.0149301511479795,0.000597269184787272,0.00657859483657835,0.00104391532512056,,0.00112123051175451,0,0,1.67312230501692e-05,0.00688099417778973,,0.00686426295473956,0,0,<0.01,<0.01
Nairobi,Dagoretti South,Waithaka,-0.334376748771289,-0.723493744686482,0.0184763897273468,0.53328288773997,-1.16470268208208,-1.0741055824334,-1.91948517712109,-1.18507911003198,1.39363454698153,-1.22607561519991,0,648411,6.44672447104083e-09,0,1,930,0,0.00418012706099205,0.0110499384106969,0.000109118125567325,0.00157601590658334,0.0219059546436351,0.00157601590658334,0.00199783800486924,0.000475784103652499,,0.00221218468562332,0,0,8.47392756421063e-05,0.0117371331174002,,0.0116523938417581,0,0,<0.01,0.01-0.05
Nairobi,Embakasi Central,Kayole Central,-0.760779632808366,-0.434537703020886,1.71807241784922,-0.698482085821896,-0.965931081294583,-0.602515807143924,-2.32620935076854,-1.21229700423785,1.83417247007321,-1.54420507126925,0,170857,5.47608482137232e-09,0,1,931,0,0.00093562742432521,0.0034449894679079,1.03997139139256e-05,0.000278064571485674,0.00512140448930211,0.000278064571485674,0.000873541967509843,0.000164187777320323,,0.000788292384960631,0,0,1.01337262618169e-05,0.00428564991802597,,0.00427551619176415,0,0,<0.01,<0.01
Nairobi,Embakasi Central,Kayole North,-0.70952654959836,-0.434541350781732,1.71807205986196,-0.698482085821896,-0.965060693216335,-0.602515807143924,-2.32620935076854,-1.21229700423785,1.83417247007321,-1.54420507126925,0,186246,3.52321836376477e-09,0,1,932,0,0.000656185327377733,0.00124131670970848,1.08875711589113e-05,0.000247546372041418,0.00372780037900862,0.000247546372041418,0.000129939615489832,4.74719838677358e-05,,0.000588609891083792,0,0,1.02994577701302e-05,0.00337713924515913,,0.003366839787389,0,0,<0.01,<0.01
Nairobi,Embakasi Central,Kayole South,-0.769045979986533,-0.434541210483234,1.71807205986196,-0.698482085821896,-0.966963604246226,-1.23885169031813,-3.13462588754577,-1.22826539522996,3.59569769784741,-1.50861935654482,0,187118,6.47203899861521e-10,0,1,933,0,0.000121103499334288,0.000376846948544399,3.448394025741e-07,1.96659521817019e-05,0.000999775677094674,1.96659521817019e-05,4.665041562724e-05,1.48673782103576e-05,,0.000114897631734797,0,0,3.38624671378264e-07,0.000798298218619165,,0.000797959593947787,0,0,<0.01,<0.01
Nairobi,Embakasi Central,Komarock,-0.767253458145945,-0.434558116451727,1.7173020720844,-0.698573361852245,-0.980487374624721,-1.23885169031813,-3.13462588754577,-1.22826539522996,3.59569769784741,-1.50861935654482,0,897588,1.87078699459189e-10,0,1,934,0,0.000167919595690174,0.000702816470954074,3.58086227439086e-07,2.14112472320719e-05,0.00111285329864411,2.14112472320719e-05,0.000123115419555672,3.00115110706276e-05,,0.000112335874653735,0,0,3.20385431535251e-07,0.000669980128916675,,0.00066965974348514,0,0,<0.01,<0.01
Nairobi,Embakasi Central,Matopeni/Spring Valley,-0.699901227501967,-0.438307663843313,1.53173495542946,-0.708105453418987,-0.956136242515404,-0.602515807143924,-2.32620935076854,-1.21229700423785,1.83417247007321,-1.54420507126925,0,275599,1.43577056584636e-09,0,1,935,0,0.000395696932176692,0.0021232498805868,4.47314451801439e-06,0.00012826413284736,0.0017781685192185,0.00012826413284736,0.000859204877350255,0.000121483944426397,,0.000281244135460349,0,0,4.19297627933345e-06,0.00162212617016425,,0.00161793319388492,0,0,<0.01,<0.01
Nairobi,Embakasi East,Embakasi,-0.816788830927382,-0.428950736407443,1.71807195869166,-0.154417336057675,-0.966614954597332,-0.293164916644801,-1.57819370574459,-1.17407119606802,0.691266636823786,-1.47928790473843,0,1258255,2.86371600732702e-08,0,1,936,0,0.0360328498479926,0.145021796401144,0.000296646331118789,0.0050459557841985,0.2669678137986,0.0050459557841985,0.0216527808086666,0.00595543397060362,,0.00385650304560011,0,0,0.000149252850562596,0.0197387166680197,,0.0195894638174571,0,0,<0.01,0.01-0.05
Nairobi,Embakasi East,Lower Savanna,-0.775582863701322,-0.434543595557633,1.71807182250086,-0.863698619650933,-0.983251382091851,-1.20030950621133,-2.57061630337252,-1.22716577930538,2.69890346249738,-1.5497611251612,0,782703,6.30003058274372e-10,0,1,937,0,0.000493105283720526,0.00290011498048616,2.88900263622746e-06,9.78101853322972e-05,0.00290131946468721,9.78101853322972e-05,0.00119761637614665,0.000167453598381917,,0.000335797397491056,0,0,2.59859264078595e-06,0.00220647641887537,,0.00220387782623458,0,0,<0.01,<0.01
Nairobi,Embakasi East,Mihango,-0.707705857387378,-0.431421392880322,1.5980835540541,-0.432582768291506,-0.939218423213796,-0.602515807143924,-2.32620935076854,-1.21229700423785,1.83417247007321,-1.54420507126925,0,1872254,1.63187578305373e-09,0,1,938,0,0.00305528596232547,0.0157217987293041,1.80787749914895e-05,0.000437163868629613,0.0181588715508414,0.000437163868629613,0.00374593243305022,0.000734080497984119,,0.000715602259134785,0,0,1.17405388939872e-05,0.0046422902205283,,0.00463054968163431,0,0,<0.01,<0.01
Nairobi,Embakasi East,Upper Savanna,-0.769045980488527,-0.434541210483234,1.71807205207964,-0.698482085821896,-0.967573187043106,-1.23885169031813,-3.13462588754577,-1.22826539522996,3.59569769784741,-1.50861935654482,0,386818,4.9562900989919e-10,0,1,939,0,0.000191718222351185,0.000957180823334465,4.14472247374481e-07,2.83181286436403e-05,0.00131092427165862,2.83181286436403e-05,0.000249513032300994,4.60493051030476e-05,,0.00017179430587484,0,0,3.84008124099735e-07,0.00118093291468116,,0.00118054890655706,0,0,<0.01,<0.01
Nairobi,Embakasi East,Utawala,-0.847556303790767,-0.434542192572688,1.71807201705913,-0.21479363597467,-0.998863683209397,-1.20030950621133,-2.57061630337252,-1.22716577930538,2.69890346249738,-1.5497611251612,0,628416,2.12735049871867e-09,0,1,940,0,0.00133686109100279,0.0193182521552758,3.81072349520069e-06,0.000147618736202288,0.00444662212094861,0.000147618736202288,0.0093851932293576,0.0012044685099525,,0.000440965002548461,0,0,3.51856676469777e-06,0.00258167452218142,,0.00257815595541672,0,0,<0.01,<0.01
Nairobi,Embakasi North,Dandora Area I,-0.75170873635292,-0.448157389738037,1.04462854923111,-1.00612754697405,-1.01627153001875,-1.23885169031813,-3.13462588754577,-1.22826539522996,3.59569769784741,-1.50861935654482,0,120334,1.00457119303192e-09,0,1,941,0,0.000120884069942303,0.000396194231862043,2.50952688704792e-07,2.22348111509259e-05,0.000864742089926299,2.22348111509259e-05,6.10208805619092e-05,1.63880610331437e-05,,0.000116635679107294,0,0,2.50197028354352e-07,0.000821601119724808,,0.000821350922696454,0,0,<0.01,<0.01
Nairobi,Embakasi North,Dandora Area Ii,-0.734328592322606,-0.461808292870014,0.369519146865759,-0.844614478201796,-1.0071683644061,-1.23885169031813,-3.13462588754577,-1.22826539522996,3.59569769784741,-1.50861935654482,0,227352,3.97875399576376e-09,0,1,942,0,0.000904577678444882,0.00868976228738533,3.85783643265068e-07,5.371849338134e-05,0.00426785713554194,5.371849338134e-05,0.0030618444674343,0.000468442458701276,,0.000872552914367287,0,0,3.8577151647793e-07,0.00357905896066076,,0.00357867318914428,0,0,<0.01,<0.01
Nairobi,Embakasi North,Dandora Area Iii,-0.734279003804385,-0.461930212260984,0.363570696430885,-0.838000824608605,-0.996451564678854,-1.23885169031813,-3.13462588754577,-1.22826539522996,3.59569769784741,-1.50861935654482,0,227720,3.28631194138391e-10,0,1,943,0,7.48358955291944e-05,0.000381280721689966,2.37034287549155e-07,1.11774869788961e-05,0.00042022171761084,1.11774869788961e-05,0.000102351084403365,1.8530406038586e-05,,6.08523921163491e-05,0,0,2.20842208859532e-07,0.000408917478686999,,0.000408696636478139,0,0,<0.01,<0.01
Nairobi,Embakasi North,Dandora Area Iv,-0.73417546048114,-0.461929089873034,0.363570873478929,-0.838000824608605,-1.00567283642562,-1.16418366364965,-3.03403415195422,-1.22508428109982,3.17655392587452,-1.51747941324403,0,104852,9.30798691244201e-10,0,1,944,0,9.75961043743369e-05,0.000340528524797092,4.25569951339158e-07,2.08254285287128e-05,0.000533633326439403,2.08254285287128e-05,5.96776820809867e-05,1.45428054832661e-05,,9.39212462184741e-05,0,0,4.25247361049249e-07,0.000533609007999833,,0.000533183760638784,0,0,<0.01,<0.01
Nairobi,Embakasi North,Kariobangi North,-0.744396303524074,-0.453899245888451,0.760588524870296,-0.935608963252393,-1.02574209905113,-1.23885169031813,-3.13462588754577,-1.22826539522996,3.59569769784741,-1.50861935654482,0,245638,3.07422509403314e-10,0,1,945,0,7.55146503648113e-05,0.000326677136719743,2.25414141397433e-07,1.39890482035979e-05,0.000486844673485321,1.39890482035979e-05,9.97171163624461e-05,1.66371023035536e-05,,6.97397208147997e-05,0,0,2.13025809607725e-07,0.000461549461341714,,0.000461336435532106,0,0,<0.01,<0.01
Nairobi,Embakasi South,Imara Daima,-0.847971797824766,-0.434541210483234,1.71807207153545,-0.698482085821896,-1.0063911910934,-1.20030950621133,-2.57061630337252,-1.22716577930538,2.69890346249738,-1.5497611251612,0,752141,5.01078044247107e-10,0,1,946,0,0.000376881341278063,0.00126232731123632,1.24389224488699e-06,6.67323748121736e-05,0.00331992884431392,6.67323748121736e-05,0.000189021560076757,5.18730676958485e-05,,0.000242309892359013,0,0,1.21457850569152e-06,0.00159426467958951,,0.00159305010108382,0,0,<0.01,<0.01
Nairobi,Embakasi South,Kwa Njenga,-0.847971803932332,-0.434541350781732,1.7180720676443,-0.698482085821896,-1.00716163009748,-1.20030950621133,-2.57061630337252,-1.22716577930538,2.69890346249738,-1.5497611251612,0,111949,6.07620880460607e-09,0,1,947,0,0.000680225499466845,0.00249995571092345,1.80263799192031e-06,0.000122302115652108,0.00502142151318398,0.000122302115652108,0.000459824942211825,0.000108137423807529,,0.000638107559539861,0,0,1.79731570506869e-06,0.00487497330601545,,0.00487317599031038,0,0,<0.01,<0.01
Nairobi,Embakasi South,Kwa Reuben,-0.847971794478153,-0.434541210483234,1.71807207153545,-0.698482085821896,-0.993823053206082,-1.20030950621133,-2.57061630337252,-1.22716577930538,2.69890346249738,-1.5497611251612,0,135130,2.08258234270498e-09,0,1,948,0,0.000281419351969724,0.00118827795829235,1.67271598803493e-06,6.53550068433111e-05,0.001679833486948,6.53550068433111e-05,0.000389739263320713,6.22259237295754e-05,,0.000229021279101805,0,0,1.67048917491052e-06,0.00145440416459018,,0.00145273367541527,0,0,<0.01,<0.01
Nairobi,Embakasi South,Kware,-0.847971788454245,-0.434541210483234,1.71807206375313,-0.698481819711024,-1.00182971993518,-1.20030950621133,-2.57061630337252,-1.22716577930538,2.69890346249738,-1.5497611251612,0,186625,1.72331286703249e-09,0,1,949,0,0.000321613263809938,0.0012490848973494,1.87332594104818e-06,6.7133095010573e-05,0.00190496150036785,6.7133095010573e-05,0.000226123287864311,5.380082509856e-05,,0.000283881513445851,0,0,1.66001269589761e-06,0.00164342031835572,,0.00164176030565982,0,0,<0.01,<0.01
Nairobi,Embakasi South,Pipeline,-0.837458653084935,-0.435632031271238,1.7180723633729,-0.313700129580884,-1.02496744044861,-0.743442293767462,-1.89618019308166,-1.1905959633216,0.636411548596702,-1.47334683748426,0,412793,3.98361346487905e-08,0,1,950,0,0.0164440775300782,0.0532122941152004,0.000234890975183172,0.00452662287541332,0.110545414119018,0.00452662287541332,0.0143092078543001,0.00258771425591526,,0.00818094654750909,0,0,0.000191600189012667,0.0458836143314006,,0.045692014142388,0,0,<0.01,0.01-0.05
Nairobi,Embakasi West,Kariobangi South,-0.767536290997273,-0.435728065590114,1.65942931584376,-1.09608340127688,-1.01332974532845,-1.23885169031813,-3.13462588754577,-1.22826539522996,3.59569769784741,-1.50861935654482,0,294958,7.40541306192165e-10,0,1,951,0,0.000218428582591829,0.00115741368361031,3.92941068541572e-07,2.65368721341484e-05,0.0013639787008697,2.65368721341484e-05,0.000380871100106358,6.06890377779427e-05,,0.00020216653974707,0,0,3.85503302009629e-07,0.00115517151970947,,0.00115478601640746,0,0,<0.01,<0.01
Nairobi,Embakasi West,Mowlem,-0.767456721662964,-0.435786499912718,1.65634158240187,-0.929307191605487,-0.99853340373149,-1.23885169031813,-3.13462588754577,-1.22826539522996,3.59569769784741,-1.50861935654482,0,668231,1.80269403995318e-10,0,1,952,0,0.000120461604101195,0.00126038692953063,1.63764863018598e-07,1.22527243760814e-05,0.000563200666161388,1.22527243760814e-05,0.000506325821123556,7.18797909623379e-05,,6.496313592707e-05,0,0,1.57522239894894e-07,0.000501722768606139,,0.000501565246366244,0,0,<0.01,<0.01
Nairobi,Embakasi West,Umoja I,-0.769045973376972,-0.434541350781732,1.71807206375313,-1.08807426225163,-0.999692514636339,-1.23885169031813,-3.13462588754577,-1.22826539522996,3.59569769784741,-1.50861935654482,0,448338,4.37369985202626e-10,0,1,953,0,0.000196089584425775,0.000863614656568377,3.8414961012663e-07,2.43734867196645e-05,0.00141914027590367,2.43734867196645e-05,0.000199699930166613,3.99400259126629e-05,,0.00016624844106296,0,0,3.35799962479436e-07,0.00127609957610412,,0.00127576377614164,0,0,<0.01,<0.01
Nairobi,Embakasi West,Umoja Ii,-0.769045974464626,-0.434541210483234,1.71807204818847,-1.03769894126431,-0.992737082007529,-1.23885169031813,-3.13462588754577,-1.22826539522996,3.59569769784741,-1.50861935654482,0,533961,2.56247268537621e-09,0,1,954,0,0.00136826047755617,0.0119328120621054,3.07447977604172e-07,5.70713528702324e-05,0.00541445043899245,5.70713528702324e-05,0.00322557785470656,0.000581352105891283,,0.00102264256926293,0,0,2.76155479934824e-07,0.00474465226116303,,0.0047443761056831,0,0,<0.01,<0.01
Nairobi,Kamukunji,Airbase,-0.769045962835139,-0.434541210483234,1.71807207542663,-1.12674922025721,-1.03500927491426,-1.37417201228606,-2.85530921893037,-1.22661513807013,2.51141317418378,-1.48483551080367,0,606070,2.28437487694163e-09,0,1,955,0,0.00138449108166802,0.0149172544757421,2.10725696574484e-06,0.000128592826101384,0.00688909993994511,0.000128592826101384,0.00516171639260172,0.000798180614525846,,0.000621953608079805,0,0,2.10496561117243e-06,0.00454571344610846,,0.00454360848049728,0,0,<0.01,<0.01
Nairobi,Kamukunji,California,-0.769045980990522,-0.434541210483234,1.71807208320897,-1.25655730707961,-1.05293140126683,-1.37417201228606,-2.85530921893037,-1.22661513807013,2.51141317418378,-1.48483551080367,0,181459,4.47274572002865e-09,0,1,956,0,0.00081161996561068,0.00234532198644632,3.4556434637269e-06,0.000166039325828268,0.00589813104741387,0.000166039325828268,0.000312445693631771,9.39263939761606e-05,,0.000789076657544252,0,0,3.45252725596407e-06,0.0057266218330256,,0.00572316930576963,0,0,<0.01,<0.01
Nairobi,Kamukunji,Eastleigh North,-0.769045980990522,-0.434541210483234,1.71807204429729,-1.25655704096873,-1.06023966052077,-1.37417201228606,-2.85530921893037,-1.22661513807013,2.51141317418378,-1.48483551080367,0,405188,1.98725416939e-09,0,1,957,0,0.000805211542386796,0.00288098845011639,4.1594442096726e-06,0.000171249472000166,0.00583060674311891,0.000171249472000166,0.000555819990442446,0.000126257996927085,,0.000762039032535257,0,0,4.00866299479995e-06,0.00530442695317723,,0.00530041829018243,0,0,<0.01,<0.01
Nairobi,Kamukunji,Eastleigh South,-0.76904597454829,-0.434541210483234,1.71807207542663,-1.14017903781998,-1.03425251763845,-1.37417201228606,-2.85530921893037,-1.22661513807013,2.51141317418378,-1.48483551080367,0,327476,2.0914158376763e-09,0,1,958,0,0.000684888492858882,0.00236314240358561,5.39716433884713e-06,0.000160127597859909,0.00413685882565899,0.000160127597859909,0.000540527107208714,0.000108915060223385,,0.000585543923605306,0,0,5.01349190420797e-06,0.00403437102558852,,0.00402935753368431,0,0,<0.01,<0.01
Nairobi,Kamukunji,Pumwani,-0.769045979651874,-0.434541210483234,1.71807205597081,-1.25655704096873,-1.05473044197956,-1.24823859939096,-2.64949367994707,-1.22365238643367,2.57935850825056,-1.52714507751038,0,227949,3.09383261920556e-09,0,1,959,0,0.000705236051715288,0.00256707863037929,4.41405659550432e-06,0.000170105031147253,0.00502036833034859,0.000170105031147253,0.000543698098617147,0.000115564641070101,,0.000639584680739755,0,0,4.33669105742735e-06,0.00421604145424538,,0.00421170476318795,0,0,<0.01,<0.01
Nairobi,Kasarani,Clay City,-0.756899182186036,-0.461929861514756,0.363570725614632,-0.838000824608605,-1.01270933649113,-0.776274966531344,-2.7759306284463,-1.21523154504683,2.47529214242636,-1.55964526026967,0,793742,6.07894619930586e-10,0,1,960,0,0.000482511491412943,0.00288720040260616,2.66745358972489e-06,0.000101254707476785,0.00268563100139391,0.000101254707476785,0.000894509672732333,0.000147875052433626,,0.000359828041630757,0,0,2.55672028657982e-06,0.00199737333316838,,0.0019948166128818,0,0,<0.01,<0.01
Nairobi,Kasarani,Kasarani,-0.734126510987586,-0.461928879425302,0.363570857914262,-0.838000824608605,-1.03771152280421,-1.16418366364965,-3.03403415195422,-1.22508428109982,3.17655392587452,-1.51747941324403,0,545266,4.95535486675068e-10,0,1,961,0,0.000270198652677368,0.0017056851255495,6.23823225785947e-07,3.96133292707166e-05,0.00152465474285311,3.96133292707166e-05,0.000681683059515199,9.70519218864698e-05,,0.000252205928111515,0,0,6.07252266993076e-07,0.0014268178553634,,0.0014262106030964,0,0,<0.01,<0.01
Nairobi,Kasarani,Mwiki,-0.822184261853945,-0.425970094910222,0.363570859859849,-0.316865784557927,-0.927681614856344,-0.241942955063266,-2.07073420280752,-1.15289202563361,1.32438940946762,-1.52427934613473,0,657135,6.33596837583696e-09,0,1,962,0,0.00416358657865562,0.0382626529892234,2.57306891544272e-05,0.000720580882354639,0.0213078229888806,0.000720580882354639,0.017613986719887,0.00232397766188199,,0.0013835470821084,0,0,2.45805599624002e-05,0.0077098474300712,,0.0076852668701088,0,0,<0.01,<0.01
Nairobi,Kasarani,Njiru,-0.783430209563135,-0.458608014081007,0.527716875374021,-0.758404134474112,-0.967969062096765,-0.602515807143924,-2.32620935076854,-1.21229700423785,1.83417247007321,-1.54420507126925,0,1280250,1.29525662466005e-09,0,1,963,0,0.00165825229372103,0.0161143789981664,1.617970625138e-05,0.000343641861769156,0.00636923329620479,0.000343641861769156,0.00735655293464547,0.000974850667155392,,0.000625469155606261,0,0,1.55058107505909e-05,0.00384686194873882,,0.00383135613798823,0,0,<0.01,<0.01
Nairobi,Kasarani,Ruai,-0.906325875613766,-0.349162632332212,0.417052604772816,0.170299669990884,-0.835638746881492,-0.0846886902942554,-1.44261623846519,-1.05340758199939,1.62956371652796,-1.43046431136045,0,4478983,8.47859005372383e-09,0,1,964,0,0.0379754607145981,0.209898618151146,8.08254935346172e-05,0.00290417813130087,0.333445388496111,0.00290417813130087,0.070288799130553,0.011083031095808,,0.00143413325627867,0,0,3.40414605867456e-05,0.00752091806218095,,0.00748687660159421,0,0,<0.01,<0.01
Nairobi,Kibra,Laini Saba,-0.667883900112303,-0.491311382499093,1.71807205597081,-0.279925869461767,-1.08087579849228,-1.21674319048963,-2.52503916694848,-1.22142484147092,2.41167657383986,-1.4672278224459,0,42977,1.77731642532091e-08,0,1,965,0,0.000763837280110166,0.0039648025571909,7.05850294604418e-06,0.000198286916670572,0.00421180652589478,0.000198286916670572,0.00167430013892374,0.00023127010405054,,0.000727152912568173,0,0,6.6346182275256e-06,0.00386869128547987,,0.00386205666725234,0,0,<0.01,<0.01
Nairobi,Kibra,Lindi,-0.659476904472611,-0.491308997424695,1.71807222329092,-0.279925869461767,-1.0855908374604,-1.21674319048963,-2.52503916694848,-1.22142484147092,2.41167657383986,-1.4672278224459,0,85366,8.37669652805906e-09,0,1,966,0,0.000715085075814289,0.00209643386557248,6.20150262623472e-06,0.000227696655052358,0.00363305990988405,0.000227696655052358,0.000442998634113436,9.43127534740433e-05,,0.000685417713305972,0,0,6.17113701544538e-06,0.00355337712350541,,0.00354720598648997,0,0,<0.01,<0.01
Nairobi,Kibra,Makina,-0.568465544562939,-0.491316012349365,1.71807162405139,-0.279925869461767,-1.08822382426485,-1.21674319048963,-2.52503916694848,-1.22142484147092,2.41167657383986,-1.4672278224459,0,139583,4.84036860315687e-09,0,1,967,0,0.000675633170734445,0.0019999541667923,7.16617436244811e-06,0.000204652995525152,0.00402547269169981,0.000204652995525152,0.000315729386864378,8.32125835648771e-05,,0.000614901508987213,0,0,7.13748913811803e-06,0.00364842387594832,,0.0036412863868102,0,0,<0.01,<0.01
Nairobi,Kibra,Sarang'ombe,-0.522423391352539,-0.491309909364913,1.71807223885559,-0.279925869461767,-1.09732136374624,-1.15860564918283,-2.18552908744943,-1.21192079031868,1.94413541786722,-1.35432960439834,0,183247,6.12144123200786e-09,0,1,968,0,0.00112173574144174,0.00348392318124197,1.27605096476477e-05,0.000314270231167587,0.00705610051978744,0.000314270231167587,0.000735036123768965,0.00015665909073007,,0.00102126024539592,0,0,1.19533371125862e-05,0.00594723668145372,,0.00593528334434113,0,0,<0.01,<0.01
Nairobi,Kibra,Woodley/Kenyatta Golf Course,-0.601937537407256,-0.49131264518554,1.71807187308601,-0.452959942485564,-1.08508295124815,-1.19113915009273,-2.37551736751814,-1.21723921366199,2.20576929988816,-1.41750692832735,0,981836,1.7078994875667e-09,0,1,969,0,0.00167687720127454,0.00964814788934931,7.38813938991228e-06,0.000269749531925963,0.00946791665352885,0.000269749531925963,0.00231786371856064,0.000451695798455283,,0.000725495514566545,0,0,6.84839214464424e-06,0.00449243299979919,,0.00448558460765455,0,0,<0.01,<0.01
Nairobi,Langata,Karen,-0.415399154936793,-0.619652796713583,0.590702835530502,0.361712158421527,-1.12051095548494,-0.959368030589224,-1.87011572891137,-1.16441304498397,1.03897979352863,-1.21847931501305,0,824474,1.12264926660317e-08,0,1,970,0,0.00925595131433381,0.048350160595279,0.000105631766650063,0.00224037934035661,0.0456391956699226,0.00224037934035661,0.0120016560382767,0.00228801770265739,,0.00292558464258446,0,0,8.45645453939776e-05,0.0164766137709289,,0.0163920492255349,0,0,<0.01,0.01-0.05
Nairobi,Langata,Mugumo-Ini,-0.783994366664699,-0.459582948313256,1.71807187697718,-0.170685226109535,-1.02845206156046,-0.776949241284549,-1.60497371517789,-1.14012926951555,0.573451377290917,-1.33078636950399,0,256415,5.37256682777285e-08,0,1,971,0,0.0137760672314338,0.0697029789360397,0.000145998354064946,0.00353113747834199,0.0826763254235054,0.00353113747834199,0.0257241895675833,0.00383114233127635,,0.00586601918061658,0,0,0.000122605107595491,0.0308223521589141,,0.0306997470513186,0,0,<0.01,0.01-0.05
Nairobi,Langata,Nairobi West,-0.667778659909585,-0.491308786976963,1.71807228554959,-0.283799379368112,-1.06544464175221,-1.21674319048963,-2.52503916694848,-1.22142484147092,2.41167657383986,-1.4672278224459,0,207104,3.52171115289251e-09,0,1,972,0,0.00072936046660865,0.00403948949665881,4.34396494448758e-06,0.000161144924150006,0.00457966767375065,0.000161144924150006,0.00177665828370054,0.000240105609943676,,0.000648467748794043,0,0,4.33645011216132e-06,0.00382895842456849,,0.00382462197445633,0,0,<0.01,<0.01
Nairobi,Langata,Nyayo Highrise,-0.66788389927565,-0.49131152279759,1.71807205986196,-0.279925869461767,-1.07569451520763,-1.21674319048963,-2.52503916694848,-1.22142484147092,2.41167657383986,-1.4672278224459,0,31651,2.37883447258355e-08,0,1,973,0,0.000752924898917421,0.00320177680501005,6.06899170690166e-06,0.000190339408145203,0.00451095995329833,0.000190339408145203,0.000969754135546911,0.000162581709407204,,0.000738223184115689,0,0,5.98472464134621e-06,0.00443196548435389,,0.00442598075971255,0,0,<0.01,<0.01
Nairobi,Langata,South C,-0.814336880957272,-0.441587772475189,1.7180723050054,-0.453126794004604,-1.03372016627969,-0.743442293767462,-1.89618019308166,-1.1905959633216,0.636411548596702,-1.47334683748426,0,356317,2.54969257284729e-08,0,1,974,0,0.00908498808479226,0.0292020741475946,0.000194875758245526,0.00272976649184589,0.0637327265238913,0.00272976649184589,0.0054768052123777,0.00126983424251911,,0.00448246746507427,0,0,0.000141705876700593,0.0220384306046564,,0.0218967247279558,0,0,<0.01,0.01-0.05
Nairobi,Makadara,Harambee,-0.769045977643903,-0.434541210483234,1.7180720676443,-1.11703830218202,-1.01140825101654,-1.23885169031813,-3.13462588754577,-1.22826539522996,3.59569769784741,-1.50861935654482,0,949888,1.3030009935023e-10,0,1,975,0,0.000123770500771592,0.000452095500160142,2.56034215856353e-07,1.6153571063157e-05,0.000809992294763559,1.6153571063157e-05,9.14924023335219e-05,2.00830026036793e-05,,0.00010176958302856,0,0,2.46758107169131e-07,0.000669680793664897,,0.000669434035557728,0,0,<0.01,<0.01
Nairobi,Makadara,Makongeni,-0.769045978396891,-0.434541210483234,1.71807205986196,-1.20448260204021,-1.0396915374056,-1.24823859939096,-2.64949367994707,-1.22365238643367,2.57935850825056,-1.52714507751038,0,260977,1.20194825288056e-09,0,1,976,0,0.00031368084919201,0.00107067974621615,1.99536799690993e-06,7.67716093020555e-05,0.00192888347378623,7.67716093020555e-05,0.000279344594691701,5.15251698521879e-05,,0.000294951349431841,0,0,1.93453119957669e-06,0.00186080374190407,,0.0018588692107045,0,0,<0.01,<0.01
Nairobi,Makadara,Maringo/Hamza,-0.769045979819203,-0.434541140334,1.71807205986196,-1.11782891759366,-1.02298849140238,-1.24823859939096,-2.64949367994707,-1.22365238643367,2.57935850825056,-1.52714507751038,0,506265,7.37984593553127e-10,0,1,977,0,0.000373615770255174,0.00133001506350637,1.92784405190859e-06,7.44151210478984e-05,0.00279431584375984,7.44151210478984e-05,0.000255712787932595,5.82314659641086e-05,,0.000321887446364298,0,0,1.73986537341373e-06,0.0022125798791352,,0.00221084001376179,0,0,<0.01,<0.01
Nairobi,Makadara,Viwandani,-0.823374993819237,-0.434542683617415,1.71807195480049,-0.806688090089494,-1.00804079835026,-1.20030950621133,-2.57061630337252,-1.22716577930538,2.69890346249738,-1.5497611251612,0,411831,1.03848179767533e-09,0,1,978,0,0.000427678997218427,0.00177075217728839,1.36435551313764e-06,7.80670071301629e-05,0.00269147294017135,7.80670071301629e-05,0.000409138826676796,8.18723119494865e-05,,0.00036222951838405,0,0,1.35703217086332e-06,0.00217315405848436,,0.00217179702631349,0,0,<0.01,<0.01
Nairobi,Mathare,Hospital,-0.769045977141915,-0.434541210483234,1.71807205597081,-1.22398906144905,-1.05763710597173,-1.37417201228606,-2.85530921893037,-1.22661513807013,2.51141317418378,-1.48483551080367,0,257370,1.62149407592079e-09,0,1,979,0,0.000417323930319734,0.00154800274065076,2.06558739176912e-06,8.07536595471139e-05,0.00219333261539116,8.07536595471139e-05,0.000281317737660101,6.6744240790626e-05,,0.000390551181940266,0,0,2.03214436091776e-06,0.0020979043723355,,0.00209587222797458,0,0,<0.01,<0.01
Nairobi,Mathare,Huruma,-0.765737411427628,-0.437140941570252,1.5895534104515,-1.11598397089259,-1.03423956048768,-1.37417201228606,-2.85530921893037,-1.22661513807013,2.51141317418378,-1.48483551080367,0,169010,1.98375491676134e-09,0,1,980,0,0.000335274418481834,0.000846509680137096,1.60881951914536e-06,8.31985772809323e-05,0.00232508622416965,8.31985772809323e-05,0.000118779801528343,3.42812807631845e-05,,0.000322686694475716,0,0,1.52639021593098e-06,0.0022882661807685,,0.00228673979055257,0,0,<0.01,<0.01
Nairobi,Mathare,Kiamaiko,-0.748912470154276,-0.450355165640815,0.936010041533479,-0.974272212379435,-1.02771618916582,-1.23885169031813,-3.13462588754577,-1.22826539522996,3.59569769784741,-1.50861935654482,0,411519,2.82414856345266e-10,0,1,981,0,0.000116219079268348,0.000746202668661403,1.77645228823411e-07,1.73098399129266e-05,0.000827352100813405,1.73098399129266e-05,0.000322009128043828,4.39626457303257e-05,,0.000107992961422499,0,0,1.76212979554646e-07,0.000687085952232946,,0.000686909739253391,0,0,<0.01,<0.01
Nairobi,Mathare,Mabatini,-0.769045977727574,-0.434541350781732,1.7180720793178,-1.1170385682929,-1.04205736821992,-1.37417201228606,-2.85530921893037,-1.22661513807013,2.51141317418378,-1.48483551080367,0,197231,1.97637874177645e-09,0,1,982,0,0.000389803155619312,0.00122470455487983,2.00347008535868e-06,8.5937732420767e-05,0.00260723184829612,8.5937732420767e-05,0.000189699051839368,5.07261800177647e-05,,0.000363567973603965,0,0,2.0004113731344e-06,0.0025034797258484,,0.00250147931447527,0,0,<0.01,<0.01
Nairobi,Mathare,Mlango Kubwa,-0.769045977811239,-0.434541210483234,1.71807205597081,-1.235025477796,-1.05875542742499,-1.37417201228606,-2.85530921893037,-1.22661513807013,2.51141317418378,-1.48483551080367,0,228028,1.8796286569643e-09,0,1,983,0,0.000428607963390254,0.00133598376706341,2.17137314244623e-06,8.45122015779917e-05,0.00326332317227211,8.45122015779917e-05,0.000178889245785452,5.35614655211563e-05,,0.000398540692415828,0,0,2.06400493315855e-06,0.00296225042026836,,0.0029601864153352,0,0,<0.01,<0.01
Nairobi,Mathare,Ngei,-0.75376241795728,-0.446544728702991,1.12440133518904,-1.0304870704226,-1.03041890590005,-1.23885169031813,-3.13462588754577,-1.22826539522996,3.59569769784741,-1.50861935654482,0,280622,4.85458653446757e-10,0,1,984,0,0.000136230378247536,0.00106420811920656,1.98823794930262e-07,1.86672508616929e-05,0.000593223222758337,1.86672508616929e-05,0.000442015910361006,6.16087563868392e-05,,0.00011419430404978,0,0,1.9370815815357e-07,0.000562644176702285,,0.000562450468544131,0,0,<0.01,<0.01
Nairobi,Roysambu,Githurai,-0.677119727011236,-0.461928388380575,0.363570861805435,-0.837782081468795,-1.02736417236261,-1.16418366364965,-3.03403415195422,-1.22508428109982,3.17655392587452,-1.51747941324403,0,326541,4.37812217267632e-10,0,1,985,0,0.00014296363923879,0.000585451379687788,5.04355375654707e-07,3.01967030801878e-05,0.000880671687698284,3.01967030801878e-05,0.000173815055350356,2.95066275217217e-05,,0.000135312555363334,0,0,5.03361922303737e-07,0.000869774369460154,,0.00086927100753785,0,0,<0.01,<0.01
Nairobi,Roysambu,Kahawa,-0.677175533716161,-0.46193014211175,0.363570731451392,-0.829163548538259,-1.025318050719,-0.970203824806284,-0.310200063449437,-1.07182889016861,4.95026799699672,-0.998563711983,0,330454,5.72960836879343e-10,0,1,986,0,0.000189337200390126,0.000933961936376697,2.31406748536094e-07,1.98559269958926e-05,0.00141528201868801,1.98559269958926e-05,0.000268055457385696,4.64877853600564e-05,,0.000146273617921761,0,0,2.03613784106277e-07,0.00107548142508211,,0.001075277811298,0,0,<0.01,<0.01
Nairobi,Roysambu,Kahawa West,-0.70814503862645,-0.483987099638979,0.363570659464817,-0.686496718092305,-1.00499412040985,-0.883441293259729,-0.360963606596091,-1.08053498632169,5.27015432602769,-1.08718783700481,0,902785,1.49832915756678e-10,0,1,987,0,0.000135266908851393,0.00061506504093139,7.97597894560699e-08,1.22120582082424e-05,0.000981044295063731,1.22120582082424e-05,0.000129680694273694,2.76517916340154e-05,,8.51733472249865e-05,0,0,6.23017126968554e-08,0.000783795609003406,,0.000783733307290709,0,0,<0.01,<0.01
Nairobi,Roysambu,Roysambu,-0.724703574131079,-0.461734846608617,0.373262691553057,-0.590247341579716,-1.0629588720489,-1.19164474438541,-2.41099899280181,-1.20802642600791,1.63599917415002,-1.47081331963298,0,2178063,9.02274040069168e-10,0,1,988,0,0.00196520970253517,0.00712444237635276,1.83056517889195e-05,0.00052895633935951,0.0128956264807095,0.00052895633935951,0.00127806095688474,0.000306126321924773,,0.000893139989599282,0,0,1.69801230728782e-05,0.00475626819667704,,0.00473928807360416,0,0,<0.01,<0.01
Nairobi,Roysambu,Zimmerman,-0.679654024559162,-0.461928388380575,0.363570861805435,-0.71865462075255,-1.05278273501067,-1.16418366364965,-3.03403415195422,-1.22508428109982,3.17655392587452,-1.51747941324403,0,451938,3.37881659397384e-10,0,1,989,0,0.000152701561384735,0.000484939522086364,7.73474759851116e-07,3.27129944021824e-05,0.000993046888141806,3.27129944021824e-05,8.74146526143927e-05,2.08637222349419e-05,,0.000140135563578265,0,0,7.72571477764912e-07,0.00094020800943318,,0.000939435437955416,0,0,<0.01,<0.01
Nairobi,Ruaraka,Babandogo,-0.73417544330883,-0.461928107783581,0.363570945465502,-0.838000824608605,-1.03721629538728,-1.23885169031813,-3.13462588754577,-1.22826539522996,3.59569769784741,-1.50861935654482,0,298114,3.47735134619061e-10,0,1,990,0,0.000103664711921827,0.000359448091102872,2.46163780933717e-07,1.83459537025056e-05,0.000800160805377,1.83459537025056e-05,5.58888566406932e-05,1.49014683409921e-05,,0.000100420400348078,0,0,2.3558799432424e-07,0.000724445342957649,,0.000724209754963324,0,0,<0.01,<0.01
Nairobi,Ruaraka,Korogocho,-0.735986430743213,-0.460509479565221,0.433913090342654,-0.856775212998468,-1.01898302692751,-1.23885169031813,-3.13462588754577,-1.22826539522996,3.59569769784741,-1.50861935654482,0,118485,6.87267875385526e-10,0,1,991,0,8.1430934215054e-05,0.000247667433250372,3.05716847357251e-07,1.6194626751498e-05,0.000573755618024182,1.6194626751498e-05,3.96337594575813e-05,1.03385909556129e-05,,8.02198773466976e-05,0,0,3.05477389471528e-07,0.000573742241505743,,0.000573436764116272,0,0,<0.01,<0.01
Nairobi,Ruaraka,Lucky Summer,-0.734175456799869,-0.461928388380575,0.363570861805435,-0.838000558497734,-1.019525437127,-1.16418366364965,-3.03403415195422,-1.22508428109982,3.17655392587452,-1.51747941324403,0,159183,9.71696243164298e-10,0,1,992,0,0.000154677523075622,0.000764195641927063,6.26223210979347e-07,2.92262727977159e-05,0.000879855692120305,2.92262727977159e-05,0.000279804262222255,4.18623634175465e-05,,0.000151061071814998,0,0,6.26189766311678e-07,0.000879658295741296,,0.000879032105974985,0,0,<0.01,<0.01
Nairobi,Ruaraka,Mathare North,-0.734396169768347,-0.461756943621342,0.372142870460763,-0.849377596765529,-1.0326754959992,-1.23885169031813,-3.13462588754577,-1.22826539522996,3.59569769784741,-1.50861935654482,0,105109,8.07326208336632e-10,0,1,993,0,8.48572504320551e-05,0.000240402671855757,2.56664344195666e-07,1.70274675150245e-05,0.000581055064236861,1.70274675150245e-05,3.11342219141412e-05,9.57130107505876e-06,,8.25578969876537e-05,0,0,2.56458381985204e-07,0.000565113202811859,,0.000564856744429874,0,0,<0.01,<0.01
Nairobi,Ruaraka,Utalii,-0.743001394154817,-0.454999396526288,0.706401115095826,-0.922309007796945,-1.04283074815625,-1.37417201228606,-2.85530921893037,-1.22661513807013,2.51141317418378,-1.48483551080367,0,334191,1.15605390148072e-09,0,1,994,0,0.000386342809389744,0.00118001793814435,2.2815529199824e-06,9.34659062610515e-05,0.0027420611611073,9.34659062610515e-05,0.00019900880195033,4.99018654156062e-05,,0.000333566729057747,0,0,2.20557549273395e-06,0.00230254834103278,,0.00230034276554005,0,0,<0.01,<0.01
Nairobi,Starehe,Landimawe,-0.779862202205091,-0.446851140613083,1.71807223885559,-0.750050115753996,-1.05068261103146,-1.24823859939096,-2.64949367994707,-1.22365238643367,2.57935850825056,-1.52714507751038,0,392330,1.03992686113297e-09,0,1,995,0,0.000407994505428299,0.00141939067754347,1.6555080256399e-06,8.39179827880372e-05,0.00287097054804787,8.39179827880372e-05,0.000285645905038172,6.29509075908857e-05,,0.000338517700901856,0,0,1.65418405623836e-06,0.00228913060681495,,0.00228747642275872,0,0,<0.01,<0.01
Nairobi,Starehe,Nairobi Central,-0.669366309432364,-0.482117201315847,1.71807175245987,-1.25655704096873,-1.07830857775241,-1.49010591728499,-3.32529712822221,-1.22232605562103,3.09840107320896,-1.55094030359528,0,318858,5.04526138271095e-10,0,1,996,0,0.000160872195396845,0.000615448087781501,3.3078948122614e-07,2.43326714192336e-05,0.00121003230768482,2.43326714192336e-05,0.000121913984778965,2.71726948004205e-05,,0.000152264423955767,0,0,3.13849072057909e-07,0.00116027553929387,,0.00115996169022181,0,0,<0.01,<0.01
Nairobi,Starehe,Nairobi South,-0.845564737341508,-0.435301979064953,1.718071943127,-0.473600832557416,-1.03522349412395,-1.24823859939096,-2.64949367994707,-1.22365238643367,2.57935850825056,-1.52714507751038,0,674826,9.74473464413224e-10,0,1,997,0,0.000657600030096118,0.00246968644935252,1.91024074123423e-06,0.000112756499067654,0.00483991766766156,0.000112756499067654,0.000462900489344703,0.000107374740390795,,0.000411419937158923,0,0,1.83047007345419e-06,0.00299071009450873,,0.00298887962443528,0,0,<0.01,<0.01
Nairobi,Starehe,Ngara,-0.681215455676181,-0.476459804858602,1.71807197814748,-1.25655704096873,-1.08256836893326,-1.37417201228606,-2.85530921893037,-1.22661513807013,2.51141317418378,-1.48483551080367,0,310998,9.76585292809458e-10,0,1,998,0,0.000303716072893156,0.00104621147663968,1.81066242697309e-06,6.81135522956098e-05,0.00205598159906297,6.81135522956098e-05,0.000251117164830629,4.89661558124688e-05,,0.000271865330413743,0,0,1.64718452727233e-06,0.00204322435069277,,0.0020415771661655,0,0,<0.01,<0.01
Nairobi,Starehe,Pangani,-0.769045979902868,-0.434541210483234,1.71807205207964,-1.25655704096873,-1.06790211031044,-1.37417201228606,-2.85530921893037,-1.22661513807013,2.51141317418378,-1.48483551080367,0,264985,1.45409333872692e-09,0,1,999,0,0.000385312923362553,0.00166503181379252,1.35120980875272e-06,8.98908546739556e-05,0.00248397329403505,8.98908546739556e-05,0.000659623191053468,9.43711627062044e-05,,0.00036470989303053,0,0,1.33418293560175e-06,0.00227326682077432,,0.00227193263783872,0,0,<0.01,<0.01
Nairobi,Starehe,Ziwani/Kariokor,-0.769045981576174,-0.434541210483234,1.71807206375313,-1.25655704096873,-1.06708444590159,-1.37417201228606,-2.85530921893037,-1.22661513807013,2.51141317418378,-1.48483551080367,0,108899,4.215019991791e-09,0,1,1000,0,0.000459011462086049,0.00198630458090589,2.41463714776646e-06,0.000106776806552943,0.00278916029363622,0.000106776806552943,0.000671418396000451,0.000105276693910854,,0.000441462776865809,0,0,2.37878798911855e-06,0.00277552013016866,,0.00277314134217954,0,0,<0.01,<0.01
Nairobi,Westlands,Kangemi,-0.55114650374598,-0.496758541663621,1.67821286029513,-0.303384607596165,-1.14926751885461,-1.43551702874552,-2.90162721836318,-1.22312860097414,2.95886670241252,-1.44328547162826,0,84412,4.65525716322952e-09,0,1,1001,0,0.00039295956766253,0.0012185575619663,1.40065984122506e-06,9.57536907170446e-05,0.00242071186667482,9.57536907170446e-05,0.000236454263967658,5.34888542902825e-05,,0.00038144347460908,0,0,1.2940107441431e-06,0.00241214624551555,,0.00241085223477141,0,0,<0.01,<0.01
Nairobi,Westlands,Karura,-0.589573629000405,-0.664614254968091,0.429078507516402,-0.0450670550246668,-1.10433152328816,-1.40835975560469,-2.52773376303478,-1.20570296617036,1.62221982243142,-1.45207959884646,0,600574,2.70315747110627e-09,0,1,1002,0,0.00162344609505218,0.0039026192197978,2.0635940304635e-05,0.000578707207341133,0.0104459420031473,0.000578707207341133,0.000651043307327315,0.000164587249880369,,0.00124703619259197,0,0,1.86495074656445e-05,0.00704919071893313,,0.00703054121146748,0,0,<0.01,<0.01
Nairobi,Westlands,Kitisuru,-0.517650057782254,-0.737206729901881,0.435319466611601,0.189843917144062,-1.14045512193448,-1.43551702874552,-2.90162721836318,-1.22312860097414,2.95886670241252,-1.44328547162826,0,383021,1.14041506406483e-09,0,1,1003,0,0.000436802918253176,0.00241326943960101,1.90410525859567e-06,8.49087951625112e-05,0.00271662627177619,8.49087951625112e-05,0.00101908773569541,0.000140767047974997,,0.000314880373665355,0,0,1.73785710026602e-06,0.00231972523956996,,0.00231798738246969,0,0,<0.01,<0.01
Nairobi,Westlands,Mountain View,-0.405333637242768,-0.649274438569755,0.561770698780894,-0.279925869461767,-1.16222620401978,-1.43551702874552,-2.90162721836318,-1.22312860097414,2.95886670241252,-1.44328547162826,0,139376,2.5261755485788e-09,0,1,1004,0,0.000352088243258718,0.00128266911021285,1.2348017818199e-06,6.76957096511889e-05,0.00232224558493923,6.76957096511889e-05,0.000270087216749388,5.76433741626144e-05,,0.000340191571862641,0,0,1.23000655921118e-06,0.00219386065037672,,0.00219263064381751,0,0,<0.01,<0.01
Nairobi,Westlands,Parklands/Highridge,-0.611833677803231,-0.596199869174681,1.0857082713153,-0.679218319531669,-1.10088240647429,-1.49010591728499,-3.32529712822221,-1.22232605562103,3.09840107320896,-1.55094030359528,0,408294,5.79970743605704e-10,0,1,1005,0,0.000236798574789747,0.0010608135397014,4.79113205532179e-07,3.76174970572398e-05,0.00148118853410149,3.76174970572398e-05,0.00021856525484725,4.73691500358682e-05,,0.000215699404609566,0,0,4.67307361347424e-07,0.0012582231417795,,0.00125775583441816,0,0,<0.01,<0.01
Nakuru,Gilgil,Elementaita,-0.322010470292732,-1.47646187046307,-0.519530330869939,-0.0192079967916762,-0.130340283873253,-1.4150332787874,0.125039899096708,-0.0513365592789034,0.812374322803001,0.312163225276581,0,296310,4.92678779577285e-08,0,1,1006,0,0.0145985649176545,0.028254326529115,0.000390068195134724,0.0061132839199722,0.0878139180490528,0.0061132839199722,0.00307956112863536,0.00108824880306536,,0.00925009746088595,0,0,0.000295665836032304,0.0380172890136639,,0.0377216231776316,0,0,<0.01,0.01-0.05
Nakuru,Gilgil,Gilgil,-0.813332779641044,-1.16598810853053,-0.122551196183153,-0.272323613965437,-0.621991782926248,-1.25161803195618,-0.208941995966372,-0.621414402024142,0.745421047304766,-0.365486351457186,0,598007,4.44112429539908e-08,0,1,1007,0,0.0265582341651872,0.125194548629909,0.000490987513322904,0.00758578697979166,0.135981297940809,0.00758578697979166,0.0472130095252681,0.00694501214889368,,0.00862789999133337,0,0,0.000373932615864787,0.0396200908259959,,0.0392461582101311,0,0,<0.01,0.01-0.05
Nakuru,Gilgil,Malewa West,-0.828035412858153,-1.00600896310635,-1.06993513254506,-0.408634652256745,-0.674241067167002,-1.15870698738167,-0.229185871161893,-0.798428020712611,1.00050458805291,-0.461308797973805,0,269970,2.89040811704348e-08,0,1,1008,0,0.00780323479358229,0.0197480991080341,0.000237593682158622,0.00350048237841917,0.0380377083267693,0.00350048237841917,0.00614429944925222,0.00101308934411638,,0.00572472274010959,0,0,0.0002181189629787,0.0320635040384861,,0.0318453850755074,0,0,<0.01,0.01-0.05
Nakuru,Gilgil,Mbaruk/Eburu,-0.686643763932781,-1.01013507165486,-0.790983766626255,-0.323366873250705,-0.445702671472169,-1.21167999429594,-0.153652216340907,-0.520946781563019,0.936644839675126,-0.244908283339279,0,584432,2.2545759591217e-08,0,1,1009,0,0.0131764633694141,0.0354019007054268,0.000314698296976486,0.00461503300891142,0.0731255492003214,0.00461503300891142,0.00604597165419282,0.00150188721920401,,0.00625113001827212,0,0,0.000271314186819256,0.0300610658189669,,0.0297897516321476,0,0,<0.01,0.01-0.05
Nakuru,Gilgil,Murindat,-0.523474774921542,-1.26929508043666,-0.162171458714676,-0.00544367785818111,-0.584651405529727,-1.33057241596541,-0.145217991869657,-0.767233455612359,0.422734149584211,-0.469581280513891,0,306760,5.54328873690513e-08,0,1,1010,0,0.0170045925293302,0.149893465425022,0.000529598616126545,0.00582391307585703,0.0738502429111994,0.00582391307585703,0.0731724146976036,0.00936787741796383,,0.00766015593617066,0,0,0.00043747503286718,0.0323004590293576,,0.0318629839964904,0,0,<0.01,0.01-0.05
Nakuru,Kuresoi North,Kamara,0.329590247187313,-1.57610284273056,0.460979841124461,0.664872586875019,-0.471567105022079,0.358529887181946,0.699078435165873,-0.430441943501468,-0.00504821943966494,-0.0627237782501533,0,398588,1.39085177835596e-07,0,1,1011,0,0.0554376828631344,0.388015655543516,0.000779411009755607,0.0098956537203148,0.304339973854763,0.0098956537203148,0.162448897069998,0.0225443027556774,,0.00784439703594245,0,0.1,0.00055162738172261,0.0349864286155185,0.1,0.0344348012337959,0,1-5,<0.01,0.01-0.05
Nakuru,Kuresoi North,Kiptororo,0.84425028638742,-1.59990069411607,0.281960916396364,0.687559603469948,-0.0915487908353802,-0.294912446812416,0.76269436945664,0.0376257735001489,0.38728759858012,0.085474687425287,0,442781,1.79129218614809e-08,0,1,1012,0,0.00793150145474838,0.0253327889408489,0.000178473976734993,0.00304688635789008,0.0426160575168038,0.00304688635789008,0.00737853860133079,0.00126775288104764,,0.00337555473386098,0,0,0.000139766679294412,0.0147786541372357,,0.0146388874579413,0,0,<0.01,0.01-0.05
Nakuru,Kuresoi North,Nyota,0.512679737719017,-1.83627019469668,0.283958374367816,0.455496549892702,-0.301822889104127,-1.00271690508342,0.472364978685983,0.217204046120751,1.07632228359304,0.0120335369977108,0,605070,1.60057942360224e-08,0,1,1013,0,0.00968462591839006,0.0506685141684413,0.000117368052558439,0.00243604953193898,0.0546165752863764,0.00243604953193898,0.0150104152173273,0.00255162111851998,,0.0028778730707443,0,0,9.6426830188009e-05,0.0135042923651054,,0.0134078655349174,0,0,<0.01,0.01-0.05
Nakuru,Kuresoi North,Sirikwa,0.379546931525627,-1.75690845774358,0.376460757055324,0.481689311163798,-0.452231285325429,-0.570168001209474,0.536911880167248,-0.0816555276768647,0.870670070844393,0.093880213006772,0,236500,3.45029898210874e-08,0,1,1014,0,0.00815995709268717,0.0240153666184642,0.000179192032365031,0.00299504631366648,0.0350258809700386,0.00299504631366648,0.00527838745852964,0.00109326710841965,,0.00402898427358762,0,0,0.00015399477666501,0.0179243907383202,,0.0177703959616552,0,0,<0.01,0.01-0.05
Nakuru,Kuresoi South,Amalo,0.681408723183479,-1.59562299304518,0.621052389731977,0.170688724091113,0.0699965322023056,-0.55423790235526,0.608391225107127,0.865248282033751,0.370147158337954,0.483031428441595,0,266959,8.30376839990007e-08,0,1,1015,0,0.0221676570826892,0.067135549822218,0.000392757956977919,0.00696979521610189,0.138025034774661,0.00696979521610189,0.0114111610041046,0.00284471768445651,,0.00750932134833278,0,0.1,0.000277704834861648,0.0335074524074693,0.1,0.0332297475726076,0,1-5,<0.01,0.01-0.05
Nakuru,Kuresoi South,Keringet,0.571177228106783,-1.89168957281582,0.350791232466109,0.237100418668454,-0.174686132368976,-1.45362612407723,0.2532457771364,0.535341788876848,1.39311101352877,0.0578456107765319,0,507665,1.11964232128124e-08,0,1,1016,0,0.0056840321903324,0.0454452211515108,7.09241845060329e-05,0.00135460941515611,0.0236347791311166,0.00135460941515611,0.0184357470740594,0.0026030830985046,,0.00218173563673482,0,0,6.24569198639683e-05,0.0114079432261523,,0.0113454863062883,0,0,<0.01,0.01-0.05
Nakuru,Kuresoi South,Kiptagich,0.729200943220721,-1.46825798619715,0.621052064819638,0.260820477682763,0.0810385819870989,-0.737080867450783,0.586834313904218,1.02186789406638,0.417458883757169,0.467435047813346,0,290249,1.31826510071064e-07,0,1,1017,0,0.0382625127216162,0.134911424985805,0.000570637192223816,0.0117911708758978,0.211670410312485,0.0117911708758978,0.0440489457298485,0.00705217379405031,,0.011962006156861,0,0.1,0.000418923038379527,0.056409652403816,0.1,0.0559907293654365,0,1-5,0.01-0.05,0.05-0.15
Nakuru,Kuresoi South,Tinet,0.674464234686526,-1.65297154560104,0.434972781250013,0.416210601316573,-0.0726212918766801,-1.07191520123499,0.449618364893193,0.725816892724664,0.822155512594369,0.167021400461274,0,432159,3.12404773618594e-08,0,1,1018,0,0.0135008534562238,0.052863825639958,0.000250009455999596,0.00403774761691088,0.0727501132200202,0.00403774761691088,0.0151612540991261,0.00263058285127881,,0.00482553740036992,0,0,0.000195098760027193,0.0244268277001803,,0.0242317289401531,0,0,<0.01,0.01-0.05
Nakuru,Molo,Elburgon,0.218987004883201,-1.60913044096745,-0.583680418877954,0.55558564023042,-0.454265387506827,-1.13576725263855,0.283338472910101,-0.189247538739045,1.60154418087391,-0.00858636783963785,0,411481,1.13694307785284e-08,0,1,1019,0,0.00467830474617965,0.0240969344545757,5.65015344989879e-05,0.00150081478701741,0.0229352533888648,0.00150081478701741,0.00958089906069848,0.00136796123632197,,0.00229305419893541,0,0,4.6555897812482e-05,0.0108104639499149,,0.0107639080521025,0,0,<0.01,0.01-0.05
Nakuru,Molo,Mariashoni,0.44154768172243,-1.86073951467268,-0.404862902836703,0.400919870400199,-0.146346627289571,-1.42143230272296,0.397194691859901,0.113180405492692,1.57331619632261,0.168665947864992,0,222528,9.77034264791072e-09,0,1,1020,0,0.00217417480875428,0.00495228041816327,3.26159598127322e-05,0.000902403921231896,0.0119640056954054,0.000902403921231896,0.000758610742426407,0.000204583613403246,,0.00178858365043599,0,0,3.0611483467113e-05,0.00970855041737688,,0.00967793893390977,0,0,<0.01,<0.01
Nakuru,Molo,Molo,0.224818747986595,-1.46316865834062,-0.745461866329863,0.725017370330182,-0.591954720607716,-0.457345798199961,0.373374731646063,-0.41458979342936,1.03469004448164,-0.101255025157982,0,446700,3.39539539199878e-08,0,1,1021,0,0.0151672312160585,0.104800698546615,0.000220411870587994,0.00348647846225042,0.0648031046189995,0.00348647846225042,0.0363557568762412,0.00561342903360501,,0.00428936466281461,0,0,0.000152302162481308,0.0197309592659269,,0.0195786571034456,0,0,<0.01,0.01-0.05
Nakuru,Molo,Turi,0.43635946918388,-1.83854141686086,-0.00700128676939279,0.566529183881746,-0.470410849805062,-0.936780258314817,0.301487845962032,-0.280227612178653,1.51089343968326,-0.0928612966288668,0,292730,8.87965122992513e-09,0,1,1022,0,0.00259934030453598,0.00953435971327542,3.76317930879445e-05,0.000909123190277705,0.0129187638896266,0.000909123190277705,0.00299019160265232,0.000490619249346813,,0.0015364379845722,0,0,3.32988777812927e-05,0.0072623017401872,,0.00722900286240591,0,0,<0.01,<0.01
Nakuru,Naivasha,Biashara,-0.412867499738953,-1.62500381253706,-0.596019441787041,-0.0279311112963547,-0.843368880735033,-1.52107721121412,-0.305829170084002,-1.02374228318352,0.369001638270302,-0.770205037159841,0,300717,1.98782040157397e-08,0,1,1023,0,0.00597771387700118,0.0115702650508452,0.000208585063203255,0.00321830173497439,0.0259345567967728,0.00321830173497439,0.0025061683808668,0.000524387912593855,,0.00456050733445258,0,0,0.000198415654093345,0.0198428314821742,,0.0196444158280808,0,0,<0.01,0.01-0.05
Nakuru,Naivasha,Hells Gate,-0.615710619600637,-1.35997939687065,-0.771522877217993,-0.486759217026983,-0.970967449077251,-1.38085928825106,-0.546762153445324,-1.00135225440161,1.53191432992952,-0.804563722112796,0,493917,7.01748639403515e-09,0,1,1024,0,0.00346605582728266,0.0416228287746598,4.40054097340548e-05,0.000893826184723641,0.0110905460763168,0.000893826184723641,0.020520619438891,0.00261406734435964,,0.00169515766092014,0,0,4.03063030332523e-05,0.00815121925104745,,0.0081109129480142,0,0,<0.01,<0.01
Nakuru,Naivasha,Lake View,-0.756170939028181,-1.06981110607083,-1.01099117727426,-0.255315935679199,-0.927868513231699,-1.30712178189579,-0.495204248872844,-1.05298623533945,1.51027975621025,-0.800225010013998,0,369787,8.96347457393392e-09,0,1,1025,0,0.0033145763722713,0.0059090393861939,7.65421538177848e-05,0.0014975781431596,0.0183864077381853,0.0014975781431596,0.000588903789444946,0.000224105778387165,,0.00256934086900875,0,0,7.02807578155402e-05,0.0130059322245259,,0.0129356514667104,0,0,<0.01,0.01-0.05
Nakuru,Naivasha,Maeilla,-0.329823165642907,-1.14669566267108,-0.307469112683356,-0.436260154482475,-0.579108899045272,-0.613288891672034,0.437066437287945,-0.0938762170893157,1.33197848527758,0.0311924434117079,0,349538,3.2450515589653e-08,0,1,1026,0,0.0113426883181761,0.0302485537411466,0.000246069787577697,0.00431666172444814,0.070004967083803,0.00431666172444814,0.00713511937743615,0.00140780782967832,,0.00569727895415348,0,0,0.00021067120148309,0.0298492180145569,,0.0296385468130738,0,0,<0.01,0.01-0.05
Nakuru,Naivasha,Mai Mahiu,-0.853431516977636,-0.774729842620983,-0.499592544073694,-0.297698882626456,-1.17715130730247,-1.3846273616074,-0.131408815923584,-0.607132912707895,0.967996867921633,-0.616166791800153,0,477692,1.48774753630502e-07,0,1,1027,0,0.0710685096112617,0.404089228263449,0.00116047671775133,0.0208685061172531,0.340786311612079,0.0208685061172531,0.116679604170369,0.0201578895058268,,0.0201835319928231,0,0.1,0.000801037906057687,0.0818388575677636,0.1,0.0810378196617059,0,1-5,0.01-0.05,0.05-0.15
Nakuru,Naivasha,Naivasha East,-0.477949377117189,-1.52944994583683,-0.122211355382186,-0.266419678077674,-1.02305170013457,-1.60318390695442,-0.495946458218032,-0.941016141680587,0.285023559831174,-0.876694313655344,0,458868,4.55558362147166e-08,0,1,1028,0,0.0209041154521746,0.0478966371760222,0.000831616045617398,0.0100396166344007,0.112209581155648,0.0100396166344007,0.0127145795303919,0.00231876527353711,,0.0145488012274759,0,0,0.000763593618367704,0.065796401386287,,0.0650328077679193,0,0,0.01-0.05,0.05-0.15
Nakuru,Naivasha,Olkaria,-0.650723322575508,-0.825148280934605,-0.81914953827362,-0.393039490498588,-0.806686078739875,-0.952672594464071,0.125783789325926,-0.481632270232628,1.71312044975461,-0.328937857579139,0,264206,2.13122327326397e-08,0,1,1029,0,0.0056308197613598,0.0146236118359294,0.000169360697895691,0.0023504513300592,0.0338731682156223,0.0023504513300592,0.00273177298685529,0.000635211703977012,,0.0035366390956243,0,0,0.000138220601603659,0.0178224822731689,,0.0176842616715652,0,0,<0.01,0.01-0.05
Nakuru,Naivasha,Viwandani,-0.701806689412773,-1.04114812382164,-1.00460086745374,-0.925387378406775,-0.742402670236619,-0.969143848488973,-0.194581264375485,-0.702834399446916,1.91560895519925,-0.482015086786053,0,435789,3.44652278322597e-09,0,1,1030,0,0.00150195671717926,0.00381414438811678,3.07980494758137e-05,0.000639368016392764,0.00791399861599725,0.000639368016392764,0.00101518898243297,0.00018482002471192,,0.00113285325631623,0,0,2.83742805589443e-05,0.00557861752675912,,0.00555024324620018,0,0,<0.01,<0.01
Nakuru,Nakuru East,Biashara,-0.376951842784054,-0.918532501580027,-0.997786545079495,-0.529182080605602,-0.631916278457495,-1.02287962392674,-0.568620072143221,-0.961161823606587,2.29640713075621,-0.525376267294278,0,328681,1.66906780577155e-09,0,1,1031,0,0.000548590875468798,0.00123571702708132,9.40698049005462e-06,0.000201304268747301,0.00351606624869986,0.000201304268747301,0.000173780524825325,5.00676489188387e-05,,0.000494525921452058,0,0,8.82993251768464e-06,0.00323787885842488,,0.00322904892590719,0,0,<0.01,<0.01
Nakuru,Nakuru East,Flamingo,-0.362781677365363,-0.93342546727616,-0.997786270752304,-0.556750901214812,-0.617137369342982,-0.797389486552102,-2.81141240431417,-1.04807421662692,0.782653979675659,-1.29373695143239,0,130288,3.26683573587703e-09,0,1,1032,0,0.000425629494355946,0.000833324341169581,7.8302570631827e-06,0.000170141988607898,0.00225616976781951,0.000170141988607898,0.000105059400405344,3.29965693754011e-05,,0.000414449040852957,0,0,7.78259306975314e-06,0.00223176898532266,,0.0022239863922529,0,0,<0.01,<0.01
Nakuru,Nakuru East,Kivumbini,-0.358041880000103,-0.937878190717816,-0.997786484766415,-0.498945764578599,-0.616169674767373,-1.02287962392674,-0.568620072143221,-0.961161823606587,2.29640713075621,-0.525376267294278,0,109177,7.17762454596567e-09,0,1,1033,0,0.000783631515054894,0.00174098382472725,1.44503190050686e-05,0.000295610430077101,0.00443974294345761,0.000295610430077101,0.000273093861595696,7.23267149095585e-05,,0.000762392036297913,0,0,1.42490652163751e-05,0.0043180557213274,,0.00430380665611102,0,0,<0.01,<0.01
Nakuru,Nakuru East,Menengai,-0.371635541080738,-0.940871108333256,-0.903449045802857,-0.404665874656899,-0.598194100167893,-1.14155467626558,-2.76142473306392,-1.17659960926034,0.195008341460859,-1.35058267677227,0,382503,2.71182152636243e-09,0,1,1034,0,0.00103727986929821,0.00173259223500298,2.41137689129831e-05,0.000493949729188311,0.00563137732933562,0.000493949729188311,0.000149144057802526,6.42220756320272e-05,,0.000967183117462556,0,0,2.35049014934346e-05,0.0052949761724463,,0.00527147127095287,0,0,<0.01,<0.01
Nakuru,Nakuru East,Nakuru East,-0.335155122134344,-0.850324073975293,-0.997786529514828,-0.658790850382108,-0.510971249655688,-1.03740682907193,-0.0471263879519636,-0.221832261327611,1.25035965804924,-0.0310506414814521,0,509195,1.36596772101473e-08,0,1,1035,0,0.00695543933702093,0.0371014816766104,0.000238249571658481,0.002744788125903,0.0369886050030518,0.002744788125903,0.0165534035867395,0.00222018103389286,,0.00350979250413585,0,0,0.000191741994630259,0.0154434221634193,,0.015251680168789,0,0,<0.01,0.01-0.05
Nakuru,Nakuru North,Bahati,0.0984308953686149,-1.20191371245188,0.440095236412505,0.0763896741863743,-0.563486581709206,-1.13799432620857,0.00419536617725516,-0.629252512663852,0.241883034420368,-0.267973128303393,0,404107,2.60945430963255e-08,0,1,1036,0,0.0105449875270268,0.0388567071478502,0.000753787004626545,0.00525180350123151,0.0448234876582103,0.00525180350123151,0.0166371150585917,0.00228098051520223,,0.0057527055066171,0,0,0.000620041600813909,0.0231330560587159,,0.022513014457902,0,0,<0.01,0.01-0.05
Nakuru,Nakuru North,Dundori,0.172380868103604,-1.66197372829574,0.29185409257219,0.225634765479063,-0.419068395629074,-1.4903303574672,-1.24866588299427,-1.0406188087912,-0.26819442293435,-0.919042910171284,0,281397,6.23915868493016e-09,0,1,1037,0,0.00175568053646329,0.00278216580136088,7.26526718337778e-05,0.000935793976706932,0.0087185789493859,0.000935793976706932,0.000308577307500842,0.000107495950124176,,0.00155044287439277,0,0,6.81731486502461e-05,0.00838907939452234,,0.00832090624587209,0,0,<0.01,<0.01
Nakuru,Nakuru North,Kabatini,0.0697460195407404,-1.34142870914702,0.440095191664116,0.219863352807381,-0.503185706933742,-1.19244762780157,-0.0690562514271359,-0.76541102727582,0.888486598614893,-0.275776108195511,0,364849,3.08442523909386e-08,0,1,1038,0,0.0112534946405815,0.114319032202179,0.00025142465648912,0.00299313030146363,0.046298536636569,0.00299313030146363,0.0537437404547617,0.00701413781292981,,0.00411490099826777,0,0,0.000240943598247712,0.0190433022831087,,0.0188023586848609,0,0,<0.01,0.01-0.05
Nakuru,Nakuru North,Kiamaina,-0.0461397060166477,-0.912925612580498,0.401857847508547,0.0648127866509385,-0.564240142319528,-0.939613171360452,0.0838081100838305,-0.564872420285346,1.20882438264075,-0.144637029576021,0,513681,1.20952493262533e-08,0,1,1039,0,0.0062130997691591,0.0173886078376895,0.000176646281243434,0.00251896273925634,0.0311858104025998,0.00251896273925634,0.00390442900988449,0.000796813833738964,,0.00368118061408847,0,0,0.000149073725996268,0.0181974600344725,,0.0180483863084763,0,0,<0.01,0.01-0.05
Nakuru,Nakuru North,Lanet/Umoja,-0.199484365386563,-1.28787466964998,-0.782498922030195,-0.261013901749189,-0.472652863109594,-1.21230174232943,-2.45446183227735,-1.14630946127442,0.0481437226589983,-1.28728929859156,0,597690,1.39082787442883e-09,0,1,1040,0,0.00083128391226737,0.00157650704479055,1.78540191779632e-05,0.000330476107834826,0.00434032594813147,0.000330476107834826,0.000162721833388476,6.01449624593125e-05,,0.000761150172812923,0,0,1.63846795999251e-05,0.00397382774038482,,0.00395744306078489,0,0,<0.01,<0.01
Nakuru,Nakuru West,Barut,-0.406715546085192,-0.784158602885573,-0.996798445785915,-0.383496754496834,-0.32594074987745,-0.92336048891978,-2.22609525606802,-0.886030920939698,0.718952500728221,-1.05030679152333,0,142823,4.8978890868444e-09,0,1,1041,0,0.000699531213050378,0.001518443468599,1.63856754702759e-05,0.000296633580245407,0.0034649602871473,0.000296633580245407,0.000303421053438849,6.72074309680807e-05,,0.000631260736664273,0,0,1.62676611377942e-05,0.00330894798246596,,0.00329268032132816,0,0,<0.01,<0.01
Nakuru,Nakuru West,Kapkures,-0.330492975197025,-0.784056465582219,-0.760966488799457,-0.355940441098776,-0.621066199090626,-0.862042736872548,-0.270323360888369,-0.651976154297292,2.44176209991924,-0.285086682787165,0,236561,7.92997906295363e-09,0,1,1042,0,0.00187592377711137,0.0040825407307187,3.90970698597091e-05,0.000812773197619427,0.0103389350700117,0.000812773197619427,0.000836958501376674,0.000182035176922622,,0.00154349919247987,0,0,3.55659796993813e-05,0.00859638091707322,,0.00856081493737384,0,0,<0.01,<0.01
Nakuru,Nakuru West,Kaptembwo,-0.510160318084678,-0.783738268598634,-0.997786496439909,-0.535148020327392,-0.633604203077971,-0.862042736872548,-0.270323360888369,-0.651976154297292,2.44176209991924,-0.285086682787165,0,605420,2.40766346572431e-09,0,1,1043,0,0.00145764761541881,0.0071106424119053,1.46590129484809e-05,0.0003550655084192,0.00762808925050532,0.0003550655084192,0.00198862977354114,0.000350630246630437,,0.000832646463640642,0,0,1.26823046744069e-05,0.00517852887998631,,0.0051658465753119,0,0,<0.01,<0.01
Nakuru,Nakuru West,London,-0.294788712858712,-0.810467165963868,-0.353781246492905,-0.257905726721279,-0.641291203258568,-0.929618552850205,-0.545417392613493,-0.922193662238204,2.41756621967173,-0.479437396425164,0,600480,1.13995678578648e-09,0,1,1044,0,0.000684521250729064,0.00243502292713081,6.6501251457771e-06,0.00021475737727739,0.00364310305100164,0.00021475737727739,0.00057802825532883,0.000113559902820085,,0.000432257549320202,0,0,6.1509497918318e-06,0.00224186368207448,,0.00223571273228264,0,0,<0.01,<0.01
Nakuru,Nakuru West,Rhoda,-0.496865501016647,-0.80030001472728,-0.997786498385495,-0.498651445950099,-0.615580124407533,-0.797389486552102,-2.81141240431417,-1.04807421662692,0.782653979675659,-1.29373695143239,0,144753,3.69917895341219e-09,0,1,1045,0,0.000535467251043275,0.00121445444915803,9.25036944550042e-06,0.00019782947972588,0.00288234286138933,0.00019782947972588,0.000189186352953509,5.03696172897174e-05,,0.00048476503417379,0,0,9.1379633628369e-06,0.00264296971953759,,0.00263383175617475,0,0,<0.01,<0.01
Nakuru,Nakuru West,Shaabab,-0.508696503888033,-0.783738268598634,-0.997786473092922,-0.558963347035186,-0.652410740214716,-0.833011617553622,-0.521382286280681,-0.881827466563131,2.54307205107965,-0.431850407830444,0,338577,2.41866784342882e-09,0,1,1046,0,0.0008189053024246,0.00239490511551104,1.18585095323024e-05,0.0002515717236426,0.00487853457983623,0.0002515717236426,0.000542653099967302,0.00011005394495499,,0.000653169124302923,0,0,1.04052603229919e-05,0.00354366882130175,,0.00353326356097876,0,0,<0.01,<0.01
Nakuru,Njoro,Kihingo,-0.212764944852068,-1.3010118698475,-0.601608321264816,0.123270959376058,-0.324509837161973,-1.42332996057423,-0.00383886505287542,-0.199226560711392,1.38301340020634,0.304778950227697,0,332819,3.25248210554734e-08,0,1,1047,0,0.0108248784188616,0.0445738308527624,0.00022456090770494,0.00368658109381302,0.0619423473822228,0.00368658109381302,0.0131387567288842,0.00224051623306089,,0.00542402411208777,0,0,0.000196933942354936,0.0261010641733726,,0.0259041302310176,0,0,<0.01,0.01-0.05
Nakuru,Njoro,Lare,-0.140630219199601,-1.13838599334094,-0.626597096127082,0.125463180769881,-0.423131144349442,-1.18103335476726,0.164244849312295,-0.18811423475509,1.87201411698306,0.353806485924907,0,297155,3.81706276895184e-08,0,1,1048,0,0.0113425928710788,0.0730534701510908,0.000151776322350697,0.00344384581090416,0.0502968384457054,0.00344384581090416,0.0320873615668945,0.00433953649970044,,0.00505964726349578,0,0,0.000135844559469712,0.0239361313800403,,0.0238002868205706,0,0,<0.01,0.01-0.05
Nakuru,Njoro,Mau Narok,0.0168699952999127,-1.95209403701074,0.367122478631338,0.0612602064606624,-0.191484737359095,-1.31245137196038,0.213927255737721,-0.254211015774898,0.787959027379495,0.256746576345764,0,388071,2.46380199198878e-08,0,1,1049,0,0.00956130102833077,0.0253579618645899,0.000398911567444222,0.00398467500121179,0.0527889071190113,0.00398467500121179,0.00579457271245006,0.00116837011989398,,0.00522673618478784,0,0,0.000368209775821143,0.0220828033579802,,0.0217145935821591,0,0,<0.01,0.01-0.05
Nakuru,Njoro,Mauche,0.249198998570779,-1.70786592675702,0.0911999767071948,0.287903113722119,-0.0838559940347049,-1.43206652177063,0.298470830001707,0.0261385670447658,1.24333556367978,0.468836860989857,0,311578,2.11182884880753e-08,0,1,1050,0,0.00657999409053753,0.0168808499231667,0.000241101383586077,0.0028328016659623,0.0327991476685355,0.0028328016659623,0.00441546561367164,0.00081307791135396,,0.00432458102520042,0,0,0.000201745525368464,0.0219405883660835,,0.021738842840715,0,0,<0.01,0.01-0.05
Nakuru,Njoro,Nessuit,0.214483503532825,-1.64196807504393,-0.495064915860746,0.427574067929719,-0.344720264535303,-1.34183672756943,0.330451714850573,-0.0879260046292711,2.10294855754225,0.338164556103817,0,158523,2.37433814166324e-08,0,1,1051,0,0.00376387205230882,0.0161535929619747,4.78464265187328e-05,0.00119307148271613,0.0195975802754219,0.00119307148271613,0.00576933051622806,0.000875705961662971,,0.00284668015842488,0,0,4.24809106440967e-05,0.0155428421075058,,0.0155003611968617,0,0,<0.01,0.01-0.05
Nakuru,Njoro,Njoro,-0.0985345422165637,-1.09124583977881,-0.500646077211177,0.114627145912334,-0.535123293438602,-1.03251570959327,0.25384938409171,-0.26606140093978,2.43404618136257,0.284195962590989,0,772495,1.12098817911641e-08,0,1,1052,0,0.00865957763426534,0.0461442757919996,6.80912233905067e-05,0.00151885810399708,0.035438111643461,0.00151885810399708,0.0091806998346137,0.0020398485646511,,0.00287226692480277,0,0,5.19556840561983e-05,0.0165199426823108,,0.0164679869982546,0,0,<0.01,0.01-0.05
Nakuru,Rongai,Menengai West,-0.158554800242938,-0.612867540666025,-0.946125204257786,-0.140578506078989,-0.727476970243037,-0.515757695040351,0.208305552937951,-0.203555846990542,1.20015538553216,0.0185345700803768,0,500872,7.41409575122761e-08,0,1,1053,0,0.0371351296710888,0.263153971978898,0.000833667015303776,0.0101735437409614,0.17797512934236,0.0101735437409614,0.112689170724639,0.015448748210243,,0.0104297014160328,0,0,0.00068758166953808,0.0425995972950225,,0.0419120156254844,0,0,0.01-0.05,0.01-0.05
Nakuru,Rongai,Mosop,-0.161617268432927,-0.934086483628895,-1.0532045982935,-0.0468925756318089,-0.644098983731737,-0.683100676489972,0.288979061994309,-0.222908996588977,1.63613903222612,0.0760898996168057,0,394008,3.41326767315532e-08,0,1,1054,0,0.0134485476936458,0.0416888316542993,0.000374019161831909,0.00505097608707697,0.0850986886880903,0.00505097608707697,0.012415988102688,0.00210357264631004,,0.00685663443094944,0,0,0.000284652364303855,0.0317891477582277,,0.0315044953939238,0,0,<0.01,0.01-0.05
Nakuru,Rongai,Soin,-0.314313100040308,-0.322388067807322,-0.995285391261264,-0.0739390205920663,-0.867610090173875,0.327255444036041,0.460079091888731,0.0457528926252378,-0.00246151158703495,-0.153771644988712,0,250680,1.85435748188724e-06,0,1,1055,0,0.464850333559493,1.46639872113052,0.00927166563138616,0.114379607637995,2.53449044385115,0.114379607637995,0.25096857099757,0.0622442452767053,0.2,0.0611086527697586,0,1,0.00402051017339349,0.232561324206684,1,0.228540814033291,1-5,1-5,0.05-0.15,0.15-0.30
Nakuru,Rongai,Solai,-0.381000018974829,-0.450054225371951,-0.163868378605199,-0.0949697630967884,-0.48639392149665,-0.405317343869617,0.392162078046708,0.0168519042986617,-0.357511275140547,-0.237179625932079,0,179052,1.15453401933005e-06,0,1,1056,0,0.206721625229085,0.601472809927998,0.00839584188168215,0.073390912995002,1.38285516490799,0.073390912995002,0.144580901597416,0.0281643394045103,0.1,0.0514321707202936,0,0.8,0.00531206115007063,0.170326589036325,0.8,0.165014527886254,1-5,1-5,0.05-0.15,0.15-0.30
Nakuru,Rongai,Visoi,-0.178902992708202,-0.896029815738519,-1.47675209838384,-0.0737032463562139,-0.742830341456301,0.113205393594946,0.463094207715463,-0.0793039358207894,0.611497951604402,-0.173381464033644,0,365688,2.58500066883309e-07,0,1,1057,0,0.0945303724584235,0.862784148052698,0.00094213624594731,0.014865751010561,0.310835210783499,0.014865751010561,0.274241003633746,0.0446281543552075,,0.0140351367252726,0,0.1,0.000571418205961436,0.0597348602017312,0.1,0.0591634419957698,0,1-5,0.01-0.05,0.05-0.15
Nakuru,Subukia,Kabazi,-0.04742772892124,-0.969371414479057,0.430419918826908,0.0136449874758485,-0.565977252966265,-0.834872389830869,0.170157150142751,-0.374288638123989,0.0633880639476273,-0.269246517405749,0,312419,7.54149590552561e-08,0,1,1058,0,0.023561066093084,0.115874175553996,0.000952851514549311,0.00898303185869427,0.100063529742903,0.00898303185869427,0.0442035547773971,0.00645994144290015,,0.00918363596127381,0,0,0.000672170575647703,0.034456194840017,,0.0337840242643693,0,0,<0.01,0.01-0.05
Nakuru,Subukia,Subukia,0.0178656897284575,-1.04092126115742,0.247116571530064,0.202847691194884,-0.496521469219506,-0.915722204823517,0.267774843027382,-0.580999027231203,-0.427793009575336,-0.447774234281377,0,243512,8.92090501806949e-08,0,1,1059,0,0.0217234742276014,0.0537524641252434,0.00163961501632528,0.0108076002165068,0.107030081884931,0.0108076002165068,0.00999206727322362,0.00233175598716289,,0.0107288452436961,0,0,0.00134307818996022,0.039013908557412,,0.0376708303674518,0,0,0.01-0.05,0.01-0.05
Nakuru,Subukia,Waseges,-0.189786110102255,-0.847855802576812,-0.0748981899895475,0.115239200926396,-0.390283829469767,-0.66181515333448,0.377195063308287,-0.364258854695694,-0.493260823119486,-0.390497446640967,0,231241,1.87220722415952e-07,0,1,1060,0,0.0432931070721872,0.109334039547959,0.00183658938050865,0.017672363362198,0.258347146948406,0.017672363362198,0.0213605138383699,0.00480840342200065,,0.0183023095105061,0,0.1,0.00137984574618153,0.0672800819946092,0.1,0.0659002362484277,0,1-5,0.01-0.05,0.05-0.15
Nandi,Aldai,Kabwareng,2.18691721761722,-0.678863811772413,1.74302032185163,0.867965213860857,0.350763838723206,1.19197892740238,0.426268228148617,-0.42063982998805,-0.601811778397099,1.46909098932061,0,240325,5.64515827093296e-08,0,1,1061,0,0.0135667266146196,0.06805901690084,0.000369173716027616,0.00465698793377786,0.0701265093041999,0.00465698793377786,0.0221223527238451,0.00355135552336509,,0.00555061185400947,0,0,0.0003349046621791,0.0215451300508592,,0.0212102253886801,0,0,<0.01,0.01-0.05
Nandi,Aldai,Kaptumo/Kaboi,1.47787865351359,-0.976104269039257,0.133792431322052,0.829832589819909,0.236656008549474,0.965047460869634,0.349175587250482,-0.260428217897531,-0.469667858160183,1.46344733229491,1,258612,9.684948526539e-08,0,1,1062,1,0.025046439083453,0.0512801903620628,0.00144854947281832,0.0122507562973102,0.132050991619855,0.0122507562973102,0.0106657422154503,0.00229618277065199,,0.0172216450190428,0,0.1,0.00130510088221273,0.0787396328676893,0.1,0.0774345319854765,0,1-5,0.01-0.05,0.05-0.15
Nandi,Aldai,Kemeloi-Maraba,1.82906444552852,-0.333674380127614,1.82375183074698,0.481327400372882,0.425381512650673,0.823371636729729,0.278710106876523,-0.188451489382086,-0.433246051617127,1.22991126642019,0,357326,8.45432555175269e-08,0,1,1063,0,0.0302095033210558,0.0937116004654629,0.000497768696592314,0.00839990793504877,0.212233783758848,0.00839990793504877,0.0172780295580776,0.00405617954417034,,0.0105069158400208,0,0.1,0.000315537254455903,0.0510944351916556,0.1,0.0507788979371997,0,1-5,0.01-0.05,0.05-0.15
Nandi,Aldai,Kobujoi,1.78058079764975,-0.6408616498468,1.40998031367401,0.56448545235655,0.256059171332333,0.890966826935775,0.366546859691355,-0.229454156923073,-0.333539241571016,1.34616195429451,0,237581,7.44186200849234e-08,0,1,1064,0,0.0176804501783962,0.0379273513103601,0.00081276638658338,0.00869385915646953,0.0836223606580546,0.00869385915646953,0.00657110225535823,0.00161496115487712,,0.0124781645057382,0,0,0.000719461251614968,0.0600327636084603,,0.0593133023568454,0,0,0.01-0.05,0.05-0.15
Nandi,Aldai,Koyo/Ndurio,1.19256420308452,-0.449399452302166,-0.0387278953599779,0.458319454061883,0.108593156512219,0.863823583319204,0.231550173622908,-0.206963488566518,-0.202004928085164,1.29248672413114,0,222659,1.29523059320435e-07,0,1,1065,0,0.0288394748652286,0.0612891595698542,0.00207505792137145,0.0148905460568117,0.135397526035501,0.0148905460568117,0.0114582455466365,0.00266281647951949,,0.0174707012238798,0,0.1,0.00189243452531054,0.067829891338349,0.1,0.0659374568130384,0,1-5,0.01-0.05,0.05-0.15
Nandi,Aldai,Terik,1.64726701897908,-0.0843564509726402,1.59384414838235,0.610185737479984,0.359070054319345,0.85999478312543,0.273345661667356,-0.289094552579569,-0.469020904563445,1.07254108659298,0,252190,1.2056257664953e-07,0,1,1066,0,0.030404676205245,0.0629408835963132,0.00123242035413576,0.0133289453653979,0.176442972919957,0.0133289453653979,0.00711766795472252,0.0024405263483931,,0.0182664463492295,0,0.1,0.00101137463521163,0.0902986885762735,0.1,0.0892873139410619,0,1-5,0.01-0.05,0.05-0.15
Nandi,Chesumei,Chemundu/Kapng'etunyi,1.25723937731318,-1.08754981626253,0.152682302851397,1.38625499642879,-0.080154340647526,1.06848138634101,0.379465757167375,-0.455828428458347,-0.48603061697729,1.56918907042158,0,281407,5.02950497157385e-07,0,1,1067,0,0.141533790553568,1.00523740302897,0.00303110700977441,0.0344451026857751,0.730219764727781,0.0344451026857751,0.377346677404177,0.0556538971895218,0.1,0.0395156886750604,0,0.3,0.00195927153044436,0.188053333478237,0.3,0.186094061947792,1-5,1-5,0.01-0.05,0.15-0.30
Nandi,Chesumei,Kaptel/Kamoiywo,1.25432737007521,-0.964492534362978,0.535353724046341,1.16642026981065,-0.00129319984427778,1.10917495752107,0.259252615827731,-0.33083016232074,-0.319151354978433,1.62935722248796,0,345250,2.555724639326e-07,0,1,1068,0,0.0882363931727303,0.593528455430208,0.00171711086730506,0.020437830486914,0.501052668160091,0.020437830486914,0.245669970874883,0.0343065509662491,,0.0161240964228667,0,0.1,0.00119844581266172,0.0650323229271757,0.1,0.063833877114514,0,1-5,0.01-0.05,0.05-0.15
Nandi,Chesumei,Kiptuiya,1.52358956899839,-0.924693780077162,0.258237982513811,0.825780785626858,0.148639788286097,1.11311200931971,0.376912504834841,-0.324330798380266,-0.520114029119188,1.71252238329761,0,222814,1.17052719885508e-07,0,1,1069,0,0.0260809847285697,0.0694359571710272,0.00136766820670941,0.0127743572065662,0.124111240037052,0.0127743572065662,0.0179588006464235,0.00333157204349553,,0.0136623732431702,0,0.1,0.00110689317895742,0.0467115164491263,0.1,0.0456046232701689,0,1-5,0.01-0.05,0.01-0.05
Nandi,Chesumei,Kosirai,1.16503297798057,-1.06257345753055,0.383843172124595,1.5163103002547,-0.196321164371231,1.16839701630876,0.421573336437823,-0.438755856163924,-0.390811404112916,1.49320770712757,0,371639,4.72155628527368e-07,0,1,1070,0,0.175471445630282,0.563531508187265,0.0055991983902664,0.0439607005159563,1.27729175325026,0.0439607005159563,0.0987368386063303,0.0240650969706248,,0.0251347864422866,0,0.3,0.00317163770317302,0.0874137183339577,0.3,0.0842420806307847,0,1-5,0.01-0.05,0.05-0.15
Nandi,Chesumei,Lelmoko/Ngechek,0.90152507989221,-1.04186799539247,0.568336321184897,1.30034589021238,-0.314423292001741,1.32078187581934,0.314549498763429,-0.575591476964248,-0.0689305326485276,1.24074458716934,0,423872,2.55286112512146e-07,0,1,1071,0,0.108208635082748,0.858141279643764,0.00229537693209874,0.0227487708553052,0.423124796498747,0.0227487708553052,0.293556125459858,0.0457029295298037,,0.0119582118957791,0,0.1,0.001409906002381,0.0382218865733551,0.1,0.0368119805709741,0,1-5,0.01-0.05,0.01-0.05
Nandi,Emgwen,Chepkumia,1.98966627298551,-0.848508471169194,1.47028297843282,0.66314180173962,0.349163119137158,1.00818455133404,0.421407865226321,-0.290478321621723,-0.486304274424228,1.53512424765625,0,173507,5.36557899805097e-08,0,1,1072,0,0.0093096551521483,0.0214076269494837,0.000673739230379526,0.00520028182183913,0.0386138823628969,0.00520028182183913,0.00441787138797368,0.000956379324509432,,0.00611864277326426,0,0,0.000521516149693065,0.0235332110419648,,0.0230116948922717,0,0,<0.01,0.01-0.05
Nandi,Emgwen,Kapkangani,2.00721921878748,-0.813714935792967,1.74302047166151,0.883504492335119,0.121367884234276,1.19227472150123,0.207137330386355,-0.346268368681269,-0.41296127026874,1.69499062627091,1,250608,1.06597530582601e-07,0,1,1073,1,0.0267141939442444,0.0500116146762819,0.00206644668806342,0.014363988060184,0.112700801490921,0.014363988060184,0.00789548862169916,0.00208086066408781,,0.0186372965302315,0,0,0.00164316834775684,0.0802535805098576,,0.0786104121621008,0,0,0.01-0.05,0.05-0.15
Nandi,Emgwen,Kapsabet,1.37467768766442,-1.06950378222052,0.133792176450676,1.12912270169756,0.126137991093143,1.04582721401085,0.414898264309528,-0.38589836555705,-0.514209971480449,1.54767106903657,0,333691,9.3948963854998e-08,0,1,1074,0,0.0313499236977381,0.11519352247415,0.00165257422603551,0.0134470764070548,0.144991225196723,0.0134470764070548,0.0394894203396859,0.00614026926222484,,0.0125277760949969,0,0,0.00116361894357719,0.0474104480547104,,0.0462468291111332,0,0,0.01-0.05,0.01-0.05
Nandi,Emgwen,Kilibwoni,1.00467958780135,-1.09980075087581,0.21037225212325,1.37883103521917,-0.272112483375949,1.29923746563947,0.33807015334693,-0.530999128989096,-0.299078953766569,1.12413071618102,0,535343,1.77218265353231e-07,0,1,1075,0,0.0948725578289947,0.322998045389642,0.00228575985623115,0.0260952414348761,0.702701996789575,0.0260952414348761,0.0825612679533213,0.0154357280970164,,0.0128642377539553,0,0.1,0.00113799334552582,0.044685783831427,0.1,0.0435477904859012,0,1-5,0.01-0.05,0.01-0.05
Nandi,Mosop,Chepterwai,1.15187995500353,-0.655657599134577,0.73400748885814,1.05300434681905,-0.147953313984522,1.2393903447705,0.281441755995894,-0.473734227811573,0.137196108137534,1.37320851625111,0,209443,1.35447317370384e-07,0,1,1076,0,0.0283684924920053,0.130087123901091,0.00109548116870862,0.0109504750310581,0.131452691668238,0.0109504750310581,0.0474503891789417,0.00711474217121702,,0.0104617773249545,0,0.1,0.000771988600076816,0.0430568446320406,0.1,0.0422848560319638,0,1-5,0.01-0.05,0.01-0.05
Nandi,Mosop,Kabisaga,0.781599457014249,-1.0408457104186,0.530773675993481,1.37084398339662,-0.276821129013102,1.26926410363508,0.126852989302029,-0.61193888136499,-0.0139344493179758,1.22502143471723,0,235494,3.11273193651726e-07,0,1,1077,0,0.0733029694658195,0.265007742675108,0.00208882609776362,0.0229564013681826,0.392020891815799,0.0229564013681826,0.0595868774195727,0.0121488856703936,,0.0205821738542856,0,0.2,0.00130122763989318,0.0813459096889548,0.2,0.0800446820490616,0,1-5,0.01-0.05,0.05-0.15
Nandi,Mosop,Kabiyet,0.809252102277025,-1.02216671972256,0.569010339195014,1.3335852674714,-0.195559846519327,1.28192851563575,0.0714866891760584,-0.666181764345268,-0.0447914268468913,1.24430885420594,0,266114,1.82665177062312e-07,0,1,1078,0,0.0486097609287601,0.100412549597595,0.00212105436421384,0.0195811277325027,0.352909364737376,0.0195811277325027,0.0112547186331451,0.00388713453003175,,0.0175640478010491,0,0.1,0.00152249383756158,0.0727157855736971,0.1,0.0711932917361356,0,1-5,0.01-0.05,0.05-0.15
Nandi,Mosop,Kipkaren,0.667489907851316,-0.892234531038013,0.151592708334971,1.2281547996371,-0.192748485780821,1.31438010479815,0.077633700408811,-0.637505105471242,-0.049858534996164,1.23397010396848,0,253632,3.03920967227398e-07,0,1,1079,0,0.0770840827598194,0.317004932695873,0.00337075602296369,0.0246348960430329,0.463112698233834,0.0246348960430329,0.0909222335232768,0.0157750031259388,,0.0222633437933434,0,0.2,0.00202794802290262,0.0841040350331584,0.2,0.0820760870102557,0,1-5,0.01-0.05,0.05-0.15
Nandi,Mosop,Kurgung/Surungai,1.34919435669871,-0.816045434070701,1.05411031633918,0.965245770016685,-0.0554760831035788,1.20843432299716,0.108583547829858,-0.407413627923491,0.00494858494202749,1.64798646258031,0,186909,4.61801133510485e-07,0,1,1080,0,0.0863147880633113,0.587080114677624,0.00129001439194321,0.0214857808286963,0.511441183550967,0.0214857808286963,0.264311304034078,0.0352816179552802,,0.0369832120382493,0,0.3,0.00104312860253845,0.222409556960082,0.3,0.221366428357543,0,1-5,0.01-0.05,0.15-0.30
Nandi,Mosop,Ndalat,0.496055357028433,-0.993915864298422,0.05018863213385,1.33444853115208,-0.317599925049669,1.33686995379956,0.158410053006109,-0.725121215745412,0.0445844344115275,1.01026617587082,0,237673,1.03407608748768e-06,0,1,1081,0,0.245771965941459,2.00750605183575,0.00213543716547785,0.0315668084828511,0.928849186603776,0.0315668084828511,0.592221575263333,0.100938296550229,0.1,0.0359585382405125,0,0.4,0.0013774500331758,0.205796368426443,0.4,0.204418918393267,1-5,1-5,0.01-0.05,0.15-0.30
Nandi,Mosop,Sangalo/Kebulonik,1.57700749365189,-0.822581379695091,0.909519196907575,0.91010014547198,0.119962715331499,1.13090418746951,0.120291761632194,-0.230729540441957,-0.0277819510138554,1.7069548030499,0,198136,3.42564352382072e-07,0,1,1082,0,0.0678743305235742,0.302876124411658,0.000782954985061847,0.0156109930510434,0.385244077880443,0.0156109930510434,0.0811140015450327,0.0147078839205081,,0.0321741311651982,0,0.2,0.000656090008910334,0.216824956843945,0.2,0.216168866835035,0,1-5,0.01-0.05,0.15-0.30
Nandi,Nandi East,Chepkunyuk,1.04369384987786,-1.06326351567147,0.253806084761623,1.08068520010692,-0.28113995194991,1.37705042779283,0.297088226401585,-0.616771250604061,-0.397313910261676,0.860709092639293,0,380806,4.11269364379058e-07,0,1,1083,0,0.156613841571732,0.541974934473887,0.000956681729466658,0.0257348632577916,1.11038532560194,0.0257348632577916,0.0815664095103885,0.0222974649688769,,0.0406410858291388,0,0.3,0.000550895175157178,0.257478316323883,0.3,0.256927421148726,0,1-5,0.01-0.05,0.15-0.30
Nandi,Nandi East,Kapchorua,0.830527994597199,-1.32217659910448,0.624568954936438,0.779861225141871,0.170883635885524,1.30569188322437,0.531851791339511,-0.564734244981725,-0.407049806257607,0.157139515799925,1,125615,9.09298920696656e-08,0,1,1084,1,0.011422158392331,0.0196782816348481,0.000546920412316192,0.00528998152585248,0.0681795937055447,0.00528998152585248,0.00174022033149921,0.000732343101605235,,0.00948071307666671,0,0.1,0.000486456505033805,0.0505581818616699,0.1,0.0500717253566361,0,1-5,<0.01,0.05-0.15
Nandi,Nandi East,Kapsimotwo,1.21298261711271,-0.76021813808131,0.133792297076836,0.586390102976986,-0.0667355061413534,1.18195048480324,0.214774977409174,-0.17592252112016,-0.296655505137626,1.2478760905696,0,181505,3.34776070442676e-07,0,1,1085,0,0.0607635306656979,0.309061779797717,0.00188803085419074,0.0237652240204049,0.272020295407021,0.0237652240204049,0.120212016207013,0.0173762670853667,,0.0328733704360826,0,0.1,0.00168516719357121,0.137121300690159,0.1,0.135436133496587,0,1-5,0.01-0.05,0.05-0.15
Nandi,Nandi East,Nandi Hills,1.27091751457471,-0.985923480011641,0.133792190069756,0.966369290133786,-0.161039695280268,1.2062308049993,0.205291363201623,-0.502087808629824,-0.47834875302581,1.26435397876076,0,359264,1.94578728973176e-07,0,1,1086,0,0.0699051324858191,0.186217885188945,0.00170712489035388,0.0263657896639811,0.429769990263716,0.0263657896639811,0.0317935195927573,0.00789952531749405,,0.027906597886147,0,0.1,0.00144667552447476,0.124278021280736,0.1,0.122831345756261,0,1-5,0.01-0.05,0.05-0.15
Nandi,Nandi East,Ol'lessos,0.574941657970426,-1.13912978580495,0.624568723412074,1.02679189334316,-0.433080701738088,1.32298141574919,0.297824133316618,-0.621950838724221,-0.25432267075316,0.509578675400578,0,266511,4.9694464570146e-06,0,1,1087,0,1.32441214470542,39.112295374333,0.00226052057847092,0.023964967019701,0.490214467173984,0.023964967019701,19.5537494702893,2.47352708145011,0.5,0.0218554351890748,0,0.2,0.00145191312777778,0.100186922103213,0.2,0.0987350089754357,1-5,1-5,0.01-0.05,0.05-0.15
Nandi,Tinderet,Chemelil/Chemase,1.00875888622534,-0.312881091132539,-0.654563661487449,0.24785715248506,0.0988280680331529,1.00838757457676,0.0986050569108484,-0.211974066293129,0.0971102038280088,1.18844498109471,0,263091,9.77573468990538e-08,0,1,1088,0,0.025719078153019,0.0542038761310697,0.00115812614565504,0.0113672078154983,0.129479678433024,0.0113672078154983,0.00921795188632956,0.0022970715322911,,0.0178948718521965,0,0,0.000955520387441973,0.0716491001207252,,0.0706935797332832,0,0,0.01-0.05,0.05-0.15
Nandi,Tinderet,Songhor/Soba,0.996326471468196,-0.547906181397904,-0.0951062805085078,0.832998777018708,-0.0964665410174558,1.3890205910476,0.375384150532416,-0.360206802961267,-0.220979538079221,0.712456311803511,0,366751,7.37266286066113e-08,0,1,1089,0,0.0270393147681033,0.0845509419571911,0.000719991128866419,0.00908168059119092,0.142906014430167,0.00908168059119092,0.015876981814045,0.00367788404700327,,0.00694604284847172,0,0,0.000456461205787992,0.0263580257395248,,0.0259015645337368,0,0,<0.01,0.01-0.05
Nandi,Tinderet,Tinderet,0.921738431054791,-1.04411003546996,0.344793632716143,0.855417553850952,0.21698620124296,1.31587608646144,0.760056658402197,-0.233911000748553,-0.472641779196566,0.398179181691755,0,204887,1.75814161009511e-07,0,1,1090,0,0.0360220360067557,0.127290553581012,0.00111656676709806,0.0100222949845931,0.229935411266687,0.0100222949845931,0.0271852984176265,0.00574462997681844,,0.00759876230069873,0,0.1,0.000673591732488921,0.0300618494368696,0.1,0.0293882577043807,0,1-5,<0.01,0.01-0.05
Narok,Narok East,Ildamat,-0.441813089394351,-0.995294016401387,-0.391127502009194,-0.237991585450898,-0.563512751743976,-0.106651465251149,0.721931775096255,0.266491532085616,-0.373852091594809,0.488494462621146,0,190869,3.38178594858501e-06,0,1,1091,0,0.645478102220472,1.75479982954813,0.0255274715791522,0.194832567554891,4.51479618077451,0.194832567554891,0.29757352361225,0.0743118451100053,0.3,0.097495437524671,0,2.4,0.0154790501738156,0.295196206516327,2.4,0.279717156342511,1-5,1-5,0.05-0.15,0.15-0.30
Narok,Narok East,Keekonyokie,-0.721417357771276,-0.472874757450788,-0.505253524907951,-0.0986463509551307,-0.822259892004982,-0.214686963317915,0.919221525712125,0.404630013361386,0.0376947263129242,0.673030096985696,0,238007,3.26414933935759e-05,0,1,1092,0,7.76890391812483,29.1394005013038,0.111366426398075,1.19067795502297,55.6983415252993,1.19067795502297,5.81377193674376,1.2891639746973,3.3,0.241938310572984,0,23.4,0.0419182844661542,0.582022452907576,23.4,0.540104168441422,1-5,17-51,0.15-0.30,0.50-0.70
Narok,Narok East,Mosiro,-0.684001843508339,-0.547956267960129,-0.43224131459684,-0.293186174396723,-0.455721532568541,-0.0235346698379902,0.897983229706002,0.54145430060693,-0.257086807974566,0.800150839264695,0,353603,2.24488563720763e-05,0,1,1093,0,7.93798295973531,37.5689050794539,0.0917598684634783,1.20953398253011,50.1637386995722,1.20953398253011,11.3242450507254,1.90424123534106,2.2,0.205980826166276,0,14.2,0.0351453496082148,0.537310506083025,14.2,0.502165156474811,1-5,5-17,0.15-0.30,0.50-0.70
Narok,Narok East,Suswa,-0.507164486627957,-0.86163900718828,-0.237760122738793,-0.114165405002842,-1.03235527536202,-0.32497043812115,0.807190876148102,0.139596821729189,0.209238245429253,0.333601199553738,0,290834,7.04321813683013e-06,0,1,1094,0,2.04840730360685,8.51549299963454,0.0254611667299259,0.310480989559781,17.742823425055,0.310480989559781,2.07357881854684,0.400428172270425,0.7,0.120234000468159,0,6.1,0.0130064063889146,0.389493101194896,6.1,0.376486694805982,1-5,5-17,0.05-0.15,0.30-0.50
Narok,Narok North,Melili,-0.0137936927151026,-1.71082348915206,0.36191276018482,0.0193179391235213,-0.465984363174709,-0.266734472530372,0.773957120242199,0.227960906679187,-0.227278356710913,0.297735803737125,0,371179,5.64594971253271e-07,0,1,1095,0,0.209565796834818,1.08866178923658,0.00148264351678672,0.0292619269304931,1.2384501120731,0.0292619269304931,0.269485557749835,0.0514702717360242,0.1,0.020934609912161,0,0.3,0.000767612870479825,0.111132121036455,0.3,0.110364508165975,1-5,1-5,0.01-0.05,0.05-0.15
Narok,Narok North,Narok Town,-0.692233505840052,-0.833325929382227,-0.713197737933862,-0.545063311555101,-0.587880634380434,0.386557988613995,0.476915303559516,-0.0583164120496291,-0.470788922877236,0.426316869876863,0,795646,1.58534829032456e-06,0,1,1096,0,1.26137602580357,4.0528899442077,0.0125459441057812,0.202214444317169,9.31504003412132,0.202214444317169,0.517640873883335,0.160902116726317,0.2,0.0515298901705808,0,1.2,0.00436146201120688,0.194523385828761,1.2,0.190161923817554,1-5,1-5,0.05-0.15,0.15-0.30
Narok,Narok North,Nkareta,-0.0957367078784777,-1.11977939666763,0.180011440779132,0.0538096341634683,0.0932072219332076,0.532921802405569,0.721429486702435,0.332196285098762,-0.470968958064084,0.606854532597709,0,330074,6.53259625973676e-07,0,1,1097,0,0.215624017783635,0.71653704962432,0.00280846931469596,0.0401249404109099,1.78610074562724,0.0401249404109099,0.106456686893161,0.0293918031018551,0.1,0.0183382016341984,0,0.5,0.00132649966287045,0.0722680823658915,0.5,0.0709415827030211,1-5,1-5,0.01-0.05,0.05-0.15
Narok,Narok North,Olokurto,0.367486806774792,-1.76520935841785,0.615107729292582,0.123411998140168,0.594464487657506,-0.979300484565523,0.523184338228535,0.609187497941512,0.468224883588403,0.501071197397203,0,244796,1.2313615971728e-08,0,1,1098,0,0.00301432393541512,0.00683017671477559,0.000101471838493995,0.00124020626553635,0.0161221744693073,0.00124020626553635,0.000930115133306421,0.00027481479855016,,0.00165982055837498,0,0,9.25343338204043e-05,0.00757698013808489,,0.00748444580426449,0,0,<0.01,<0.01
Narok,Narok North,Olorropil,0.118402950717535,-1.8658370499911,0.385354514536286,0.0422902265771796,-0.15540606251839,-0.433477195543614,0.603998447293934,0.100884120248262,-0.034722244412975,0.335628538777315,0,367283,5.41831294164137e-08,0,1,1099,0,0.0199005423214487,0.0677861859263261,0.000443244125150939,0.00578616334716796,0.139993875003231,0.00578616334716796,0.0190540634455873,0.00334867219761664,,0.0055390417712404,0,0,0.000286727345417226,0.0203132209692059,,0.0200264936237887,0,0,<0.01,0.01-0.05
Narok,Narok North,Olposimoru,0.561645905910867,-1.78982816643883,0.552176406940529,0.171912301897478,0.148507147979581,-1.0378080360765,0.638998128096871,1.10989601383123,0.635162603315136,0.566470220975987,0,254334,7.64345071878609e-08,0,1,1100,0,0.0194398939511174,0.0830980963963346,0.000258549759702913,0.00401893317284152,0.107320334150832,0.00401893317284152,0.0141062236189277,0.00351994845475597,,0.00524948786837385,0,0,0.000172231328371707,0.0244411378898029,,0.0242689065614312,0,0,<0.01,0.01-0.05
Narok,Narok South,Loita,-0.332141291753402,-0.41895152246774,0.0139208852026769,-0.0546044688089145,1.02626204839205,0.371436210242848,0.945107536334071,1.30436258287065,-0.00740772400074214,1.43112401332164,0,326221,3.01039554778651e-06,0,1,1101,0,0.982054245994462,11.1975829541064,0.00558767984677494,0.0989127091175689,4.41668560791948,0.0989127091175689,5.28372589513388,0.688270831449231,0.3,0.0241192116125941,0,1.4,0.00180791626538995,0.0896526531699177,1.4,0.0878447369045278,1-5,1-5,0.01-0.05,0.05-0.15
Narok,Narok South,Maji Moto/Naroosura,-0.791037980816459,-0.591010718939933,-0.452817820692753,-0.314745413100543,0.129604369900631,0.285491464301912,0.964172223621122,1.12025308331415,-0.135713914897666,1.33502389109916,0,412627,4.10333408879701e-05,0,1,1102,0,16.9314643505804,86.4751667498626,0.0829960964353231,2.90616954090707,105.739361333557,2.90616954090707,26.4317141442607,4.4062732628913,4.1,0.174482605655156,0,25.6,0.023152506385325,0.496987173138642,25.6,0.473834666753317,1-5,17-51,0.15-0.30,0.30-0.50
Narok,Narok South,Melelo,0.174708639740604,-1.18720124076781,0.080742756594372,0.0662732031366544,-0.1817886968545,1.10499362938358,1.05514639881074,0.787218469618513,-0.0876887505406835,0.955252389480474,0,357113,4.35378813766083e-06,0,1,1103,0,1.55479434320447,7.60194966544455,0.0119209520050346,0.23251353518157,9.13544290889021,0.23251353518157,1.89297413711371,0.360116952509022,0.4,0.046480106500498,0,2.6,0.00334295830547784,0.182421391528311,2.6,0.179078433222834,1-5,1-5,0.01-0.05,0.15-0.30
Narok,Narok South,Ololulung'a,-0.151245825239768,-1.03874025092467,-0.0864608611194077,-0.126491128542428,-0.286298858576172,1.15409786042603,1.10372828695564,0.570331958605621,-0.14450243598408,0.927538338987471,0,561893,4.34609565780195e-06,0,1,1104,0,2.44204072744931,11.6913625350264,0.00992081277725308,0.284080825780289,16.5517350580431,0.284080825780289,3.70494298797519,0.604034514475863,0.4,0.0540526920798213,0,2.9,0.00289044912717884,0.215790422158307,2.9,0.212899973031128,1-5,1-5,0.05-0.15,0.15-0.30
Narok,Narok South,Sagamian,0.959318623761211,-1.37309379856296,0.456969105647063,0.24261583267773,0.719700975939563,1.02647265457179,0.858328782560917,0.473604313046418,-0.197200726046555,0.772575961373206,0,231090,2.97883106614028e-08,0,1,1105,0,0.00688378071074358,0.041337893365141,0.000189671723695511,0.00233358840535867,0.0342040697785113,0.00233358840535867,0.0187756106160052,0.00249469284721035,,0.00246974381668491,0,0,0.000133799455343276,0.010588518246043,,0.0104547187906998,0,0,<0.01,0.01-0.05
Narok,Narok South,Sogoo,0.431200303912132,-1.35711758819751,0.135700479058766,-0.0791989681606931,-0.0495698387091429,1.22790727302497,1.02693837027628,0.557017475233219,-0.10598869184593,0.907754357279091,0,231935,4.18354949066029e-07,0,1,1106,0,0.0970311551116295,0.261629418058171,0.00218866949038651,0.0260263594632711,0.786117102250871,0.0260263594632711,0.0307463935344849,0.010218021307779,,0.0166040589897366,0,0.3,0.00135798249741966,0.0616460172407091,0.3,0.0602880347432894,0,1-5,0.01-0.05,0.05-0.15
Narok,Narok West,Ilmotiook,-0.190447430574399,-0.861133932611206,0.333119275400226,-0.129297001615564,-0.196657965046727,1.40650826622626,1.08529971298315,0.305436304240393,-0.212489032244931,1.01551010314274,0,661325,3.1721902376215e-06,0,1,1107,0,2.09784870889504,7.41407642258068,0.0137881921250187,0.333806869933316,15.3304707062613,0.333806869933316,1.22424325504667,0.311881624339998,0.3,0.0450643327353085,0,2.3,0.00401413651193018,0.172822327275176,2.3,0.168808190763246,1-5,1-5,0.01-0.05,0.15-0.30
Narok,Narok West,Mara,-0.242469605456013,-0.405984574492234,0.324140888954505,-0.411870028283215,0.339049721986846,1.16378264697705,1.04544207507573,0.771319158601867,0.0308847542225874,1.40293803203768,0,650539,2.59443983061718e-06,0,1,1108,0,1.68778429296987,5.51839338087951,0.0142268382892689,0.296176649582058,13.2921274611107,0.296176649582058,1.08212556174641,0.24294655087192,0.3,0.0456675804159818,0,2,0.0038469908735454,0.178654236674636,2,0.174807245801091,1-5,1-5,0.01-0.05,0.15-0.30
Narok,Narok West,Naikarra,-0.461834922523927,-0.895803865014521,0.214734521354799,-0.349182821521838,0.584201742295734,0.573143463580669,0.656340893405906,0.99445220588567,-0.0816662554970732,0.924244239377256,0,262568,8.74070390856432e-07,0,1,1109,0,0.229502914386392,0.762332197341809,0.00347786542973491,0.0468285192380865,1.72983207630384,0.0468285192380865,0.142732262675866,0.0331342416857143,0.1,0.0197967427786291,0,0.7,0.00168640499711031,0.0784981330542913,0.7,0.076811728057181,1-5,1-5,0.01-0.05,0.05-0.15
Narok,Narok West,Siana,-0.578809534470861,-0.455607380048438,0.00398253842879599,-0.598418276017364,0.402679220598507,0.791947728886353,0.64129954677467,0.694698117116565,-0.109877304004722,1.01367206933847,0,517769,1.6162836503732e-06,0,1,1110,0,0.836861569370082,4.75268613309342,0.00581324088934686,0.101261802951248,4.92063880614811,0.101261802951248,1.48702805006002,0.244341043499704,0.2,0.0257222173435436,0,1,0.00177466941565411,0.100387699345326,1,0.098613029929672,1-5,1-5,0.01-0.05,0.05-0.15
Narok,Transmara East,Iikerin,0.225175151953131,-0.486163971066189,1.41537284492605,0.168763678016478,0.42692886923422,1.17540284772386,1.00381977984437,0.670309138831793,0.462782025794897,1.52926700006781,0,272493,1.20977348109887e-06,0,1,1111,0,0.329654805185074,1.34802598545065,0.00254614465281058,0.049345175870411,2.19781026307057,0.049345175870411,0.287861839342458,0.0608343058665233,0.1,0.0161596146609213,0,0.8,0.000967770065133244,0.064372500196478,0.8,0.0634047301313448,1-5,1-5,0.01-0.05,0.05-0.15
Narok,Transmara East,Kapsasian,0.322285709542694,-0.537089728732786,1.58699319068218,0.242874492448889,0.290079705067191,1.33320239327162,1.03482374784782,0.361619813835087,0.397895245479216,1.47752631689637,0,278694,6.88997256688568e-07,0,1,1112,0,0.192019401455564,0.664820499148814,0.00229253122796651,0.0346313087857923,1.67086427307426,0.0346313087857923,0.112818427177043,0.0281587339631488,0.1,0.0126858112242061,0,0.6,0.00100411740201262,0.0469498431749793,0.6,0.0459457257729667,1-5,1-5,0.01-0.05,0.01-0.05
Narok,Transmara East,Mogondo,0.396662002350224,-0.556802579028406,1.45747245712831,0.432498715794986,0.497628198476838,1.07422224644517,0.888985279527134,0.774700181620598,0.398317942614166,1.59363146632566,0,149770,8.18895609689915e-06,0,1,1113,0,1.22645995463259,4.80553775739702,0.0097411741244343,0.174982646862927,8.78527212093986,0.174982646862927,0.773936360457169,0.200912480214437,0.8,0.0938778409822817,0,5.9,0.00473091194620777,0.386857296203584,5.9,0.382126384257376,1-5,5-17,0.05-0.15,0.30-0.50
Narok,Transmara East,Ololmasani,0.850485132311729,-0.688560472010603,1.95715499831427,0.603375960171417,0.457293099609594,1.31484203181508,0.718336426797328,0.153765934946496,-0.0604242352463067,1.40442411506928,0,313614,3.64777624041096e-06,0,1,1114,0,1.14399369786024,9.35650586278843,0.00113880591331212,0.0474664911871376,6.55726037600749,0.0474664911871376,2.47172053723372,0.452204027412775,0.4,0.058177718828219,0,2.1,0.000664987938023259,0.375499843253068,2.1,0.374834855315045,1-5,1-5,0.05-0.15,0.30-0.50
Narok,Transmara West,Angata Barikoi,0.141039580680039,-0.173159084010027,2.08819545779652,-0.092014867933269,1.20329662223721,0.637169846806968,0.974109705939581,0.74314733126644,-0.0962634483200892,1.11962039422041,0,191480,3.14425692160366e-06,0,1,1115,0,0.602062315348668,3.46346122931862,0.000954124320346571,0.0408846557109864,5.21501727577586,0.0408846557109864,0.701158719371632,0.15386943181336,0.3,0.0581375888681514,0,2.7,0.000562106492687302,0.421028634327998,2.7,0.420466527835311,1-5,1-5,0.05-0.15,0.30-0.50
Narok,Transmara West,Keyian,0.595320243699996,-0.280761364447952,0.554586674799415,0.885320432950735,1.08520208135946,0.856600782407873,0.605904772240414,0.384031319937044,-0.23086820679274,1.30066959904635,0,365031,1.67144448105366e-06,0,1,1116,0,0.610129050363498,5.11147073923915,0.000844199318895326,0.0446873261494365,3.88605361761613,0.0446873261494365,1.93542167916098,0.28404571207333,0.2,0.0532814939289423,0,1.1,0.000559395374904389,0.347074401362116,1.1,0.346515005987212,1-5,1-5,0.05-0.15,0.30-0.50
Narok,Transmara West,Kilgoris Central,0.668542487834652,-0.632513608878661,1.40505516201843,0.737160541809054,0.745181383409204,1.08013800513812,0.51155114632742,0.0810448167952554,0.0184636713095162,1.44225456344957,0,543848,1.28101162137764e-06,0,1,1117,0,0.696675608262986,4.73977392192368,0.000843912342713727,0.0331751169320361,4.32075499438538,0.0331751169320361,1.21017806339137,0.226423192969246,0.1,0.0400172949087804,0,0.8,0.000493370771510361,0.256700388213937,0.8,0.256207017442427,1-5,1-5,0.01-0.05,0.15-0.30
Narok,Transmara West,Kimintet,0.0667159056260032,-0.241196207154053,1.44901444017477,-0.0915992027454701,0.837159082030375,1.00351360539376,0.95385854018687,0.745144971991012,0.305896539188289,1.50580508544049,0,243658,1.95621870567961e-06,0,1,1118,0,0.476648337388483,2.74648191731036,0.00429960046736141,0.057989121088319,2.8461854696516,0.057989121088319,0.825043502205692,0.139031716825513,0.2,0.0372749989891908,0,1.2,0.00201285437767471,0.181836642276022,1.2,0.179823787898348,1-5,1-5,0.01-0.05,0.15-0.30
Narok,Transmara West,Lolgorian,0.341260052469781,-0.270881053481624,1.19151658102542,0.330391440576143,1.05511796412498,0.686759654937007,0.946138074427755,0.727420291828571,-0.108136098798421,1.41400160505683,0,492013,1.07962073900882e-06,0,1,1119,0,0.531187438661946,1.94531356546363,0.00469591428551886,0.0816656074628319,3.61171041485586,0.0816656074628319,0.325965611869467,0.0821320917488401,0.1,0.025668248099586,0,0.7,0.00216133367465627,0.0855755562930671,0.7,0.0834142226184109,1-5,1-5,0.01-0.05,0.05-0.15
Narok,Transmara West,Shankoe,0.644414373456514,-0.493804065835462,1.10612674160383,0.774013704759743,0.895213766525064,0.995333499724701,0.451246830576717,0.0776201426165749,-0.0554941300870576,1.47099204691062,1,401348,7.12986334209714e-07,0,1,1120,1,0.2861556392624,0.528390176573254,0.00682993741077133,0.119524818802892,1.37194812393378,0.119524818802892,0.0784867411157476,0.0216731018732952,0.1,0.165066931193768,0,0.3,0.00500550684123603,0.757409911119721,0.3,0.752404404278485,1-5,1-5,0.15-0.30,0.70-0.90
Nyamira,Borabu,Esise,0.853195144650203,-0.762284173698558,1.78760604462515,1.20223666478971,0.455835249659617,1.40519296860557,0.546077402247634,-0.198217130317456,-0.656249452152471,1.0580638504025,0,257290,2.55216525631662e-06,0,1,1121,0,0.656646598797704,3.78172027003021,0.00888424473783848,0.0943627539671224,3.78055543882493,0.0943627539671224,1.11927513532746,0.190377670389784,0.3,0.0467541023295868,0,1.5,0.00409614957075454,0.182487245288778,1.5,0.178391095718024,1-5,1-5,0.01-0.05,0.15-0.30
Nyamira,Borabu,Kiabonyoru,1.36854335694285,-0.690215292742984,1.25591406935434,0.987485720340481,0.521766858886921,1.50874544078405,0.447381578243869,-0.395245448729483,-1.00703741379865,0.950532694519985,0,389818,3.80812009817898e-07,0,1,1122,0,0.148447376043193,0.757931104434548,0.00199543954668634,0.0247077478440043,0.922415673919546,0.0247077478440043,0.219941612063902,0.0378782149224231,,0.0220153521455016,0,0.2,0.0013533942701792,0.104581728579838,0.2,0.103228334309659,0,1-5,0.01-0.05,0.05-0.15
Nyamira,Borabu,Mekenene,0.989419798064826,-0.63819036652803,0.220105229003499,0.935734073904156,0.40982798755584,1.47047090781148,0.455296405293069,-0.368400053846629,-0.890934206901198,0.817449463645104,0,145766,3.75676282933734e-07,0,1,1123,0,0.0547608290581187,0.202629931539725,0.00203723709431747,0.0194091002121992,0.271432018311925,0.0194091002121992,0.0623618493276505,0.0103518307174075,,0.021688492057,0,0.2,0.00150563538116205,0.104942278562539,0.2,0.103436643181377,0,1-5,0.01-0.05,0.05-0.15
Nyamira,Borabu,Nyansiongo,0.923918184652608,-0.815702614701524,1.16533535257022,1.0823483930799,0.42412807880292,1.46800460273898,0.469541934951619,-0.35955292061353,-0.967352876451119,0.750031571087082,0,278380,7.48800803563486e-07,0,1,1124,0,0.208451167696003,1.07122550667766,0.00151554005906142,0.0260649352956665,1.49394263847038,0.0260649352956665,0.24400963758365,0.0493076494036245,0.1,0.0233702821453697,0,0.5,0.000858400004714333,0.140941824203429,0.5,0.140083424198715,1-5,1-5,0.01-0.05,0.05-0.15
Nyamira,Manga,Kamera,1.73021902824951,-0.652087493516347,2.22986575339722,1.46671681302011,0.666470784239203,1.36754667231205,0.279835362406086,-0.327864193063186,-0.681698566244809,0.975792544965505,0,354451,1.74348466661235e-07,0,1,1125,0,0.0617979883565414,0.316344103494239,0.000362971008920917,0.00903151994891068,0.400880753159408,0.00903151994891068,0.0924226074340289,0.0158489978497211,,0.0119763906218123,0,0.1,0.000253915040817318,0.0681889337540277,0.1,0.0679350187132104,0,1-5,0.01-0.05,0.05-0.15
Nyamira,Manga,Magombo,1.55945680555908,-0.89095774459671,2.22986560164175,1.15417810508602,0.604130010662262,1.55736781730122,0.424588163560344,-0.326467304723625,-0.922616867408809,0.872784935431012,0,227095,2.10251053691228e-07,0,1,1126,0,0.0477469630380094,0.288952993187771,0.000459099797031858,0.00883183386956419,0.329141805204907,0.00883183386956419,0.104155283801148,0.0157248544950221,,0.0101122332460196,0,0.1,0.000372372373138892,0.0522529533032548,0.1,0.0518805809301159,0,1-5,0.01-0.05,0.05-0.15
Nyamira,Manga,Manga,1.71193349376954,-0.703956267507882,2.2298657884177,1.28057278770611,0.68954627633119,1.40217722261769,0.372324411456188,-0.371506138274154,-0.808326885699687,0.996478911014856,0,358902,1.17600727324375e-07,0,1,1127,0,0.042207136238173,0.286433937097039,0.000747542245614013,0.00934932844226918,0.222412640836947,0.00934932844226918,0.0901868241706481,0.0147617519902879,,0.0072190496805049,0,0.1,0.000489043869771868,0.0275066224234402,0.1,0.0270175785536683,0,1-5,<0.01,0.01-0.05
Nyamira,Masaba North,Gachuba,1.56607659511912,-0.885981146579815,2.22986584289402,1.38904543507114,0.591940571079394,1.50728535848393,0.291208399280921,-0.378302779640134,-0.743010301368821,0.939603311624882,0,255060,2.20171504235642e-07,0,1,1128,0,0.0561569438703428,0.268065111256284,0.000557627451269731,0.00852637556077793,0.440327135745713,0.00852637556077793,0.0608560867167432,0.0123258399981555,,0.00942086758318748,0,0.2,0.000399590325524741,0.0516359092614529,0.2,0.0512363189359282,0,1-5,<0.01,0.05-0.15
Nyamira,Masaba North,Gesima,1.14824042661344,-0.83885397062834,1.71999429187077,1.29322742428804,0.473513917968854,1.51881402998483,0.49258054321611,-0.326874779947705,-1.00129475745257,0.871524642545284,0,343549,7.40342960209109e-07,0,1,1129,0,0.254344083636879,1.16774563958739,0.00144638162489406,0.030287709349186,1.90232371438747,0.030287709349186,0.218844094510807,0.0507682753108886,0.1,0.0227410869866763,0,0.6,0.000786719339141147,0.119047694378824,0.6,0.118260975039683,1-5,1-5,0.01-0.05,0.05-0.15
Nyamira,Masaba North,Rigoma,1.26754751825512,-0.876987451943991,2.20325349077961,1.41434885379572,0.506953937251651,1.46734503855054,0.390274489989925,-0.370724220546081,-0.854490431590107,0.847856717897215,0,417271,6.89347381537877e-07,0,1,1130,0,0.287644671241691,1.78198060573946,0.00190862078175823,0.0287621173373685,1.88558150358024,0.0287621173373685,0.46071580136037,0.0854894003304016,0.1,0.0181444506032554,0,0.5,0.00104968535484087,0.0796440493087374,0.5,0.0785943639538966,1-5,1-5,0.01-0.05,0.05-0.15
Nyamira,Nyamira,Bogichora,1.59885191041476,-0.708838514787813,2.03282995477649,1.28692325764326,0.604444051079504,1.4074106751162,0.42027303592482,-0.434744497528869,-0.963051310644584,0.981771915590767,0,340356,2.60907507992919e-07,0,1,1131,0,0.088801435790438,0.520489845943611,0.00166352027137824,0.0189292875873777,0.517149216431979,0.0189292875873777,0.168472338144787,0.0271144603471515,,0.0161038187756626,0,0.2,0.00121076780301797,0.0672591008439938,0.2,0.0660483330409759,0,1-5,0.01-0.05,0.05-0.15
Nyamira,Nyamira,Bonyamatuta,1.45350049807681,-0.736185567315986,2.02235777702238,1.23496564138917,0.542105834834952,1.56398530642547,0.441310720578202,-0.39244831890585,-1.01639801622101,0.940265948934294,0,247048,4.72287216370634e-07,0,1,1132,0,0.116677612229932,0.401920600996919,0.00202142371929174,0.0243226747184589,0.860589743205706,0.0243226747184589,0.076764378941697,0.0175648509894206,,0.0200803669223391,0,0.3,0.00120047784621654,0.0825986124084754,0.3,0.0813981345622589,0,1-5,0.01-0.05,0.05-0.15
Nyamira,Nyamira,Bosamaro,1.42415466964283,-0.816843241454757,2.00706413356189,1.2604085022126,0.563238265778559,1.50827652044056,0.490229233967947,-0.417106270911262,-0.970685030334311,0.98840127823162,0,344402,2.74226337933718e-07,0,1,1133,0,0.0944440992370484,0.289823958372122,0.00202172436563254,0.0250369566274692,0.603182617696619,0.0250369566274692,0.0458703388476667,0.0120661332454639,,0.0169805357777519,0,0.2,0.00126593580608973,0.0714874699904314,0.2,0.0702215341843417,0,1-5,0.01-0.05,0.05-0.15
Nyamira,Nyamira,Nyamaiya,1.55145753671438,-0.402458522600985,1.82743135213796,1.4300137366033,0.575052970922181,1.24919109366091,0.400000534578813,-0.360135961041347,-0.832394497929347,1.04943588859216,0,335409,5.79501266812603e-07,0,1,1134,0,0.194369940400348,0.795871729816153,0.00250306319237035,0.0363345047988297,1.52296625077302,0.0363345047988297,0.156376337190507,0.0350577818691018,0.1,0.0248420698843255,0,0.5,0.00161707501416173,0.108143681498355,0.5,0.106526606484194,1-5,1-5,0.01-0.05,0.05-0.15
Nyamira,Nyamira,Township,1.69285216320548,-0.717825124349733,2.22986562887991,1.02543792120771,0.600288215460226,1.4074106751162,0.42027303592482,-0.434744497528869,-0.963051310644584,0.981771915590767,0,218562,2.48838852492455e-07,0,1,1135,0,0.0543867172784559,0.26402113302195,0.00124820714248001,0.0130513463681165,0.376745218756111,0.0130513463681165,0.0842829487905531,0.0136796030295462,,0.0137544642424548,0,0.2,0.000794010117889578,0.0623084177313278,0.2,0.0615144076134382,0,1-5,0.01-0.05,0.05-0.15
Nyamira,Nyamira North,Bokeira,1.33470982504636,-0.369489919880691,0.210377209468454,1.47691684288479,0.436869390715098,1.17034902703068,0.224333511144662,-0.301981966987993,-0.592951188604055,1.13147761351459,0,325298,4.10356974598278e-07,0,1,1136,0,0.133488303122871,0.417494467230518,0.00436796510031529,0.035532348835101,0.984595637660114,0.035532348835101,0.0636818542626141,0.0172299283715249,,0.0252446862192402,0,0.3,0.0025496084356214,0.0890410484708757,0.3,0.0864914400352543,0,1-5,0.01-0.05,0.05-0.15
Nyamira,Nyamira North,Bomwagamo,1.52546833323699,-0.455854936740461,1.99102301271792,1.33335694434006,0.545319890180165,1.39248504943881,0.250042265039165,-0.387634077433238,-0.911502319187398,1.14803246388356,0,190481,6.71886864296423e-07,0,1,1137,0,0.127981681798047,0.698797215003862,0.00298864292286461,0.0278880634218588,0.753401857511153,0.0278880634218588,0.232830009179506,0.036823370952849,0.1,0.0250179202576641,0,0.4,0.00190041976057287,0.110941676928006,0.4,0.109041257167433,1-5,1-5,0.01-0.05,0.05-0.15
Nyamira,Nyamira North,Ekerenyo,1.41748685116916,-0.472803626114527,1.06239567253873,1.43991625450898,0.477160673954106,1.32620203219364,0.228743331861816,-0.389873986213259,-0.793810534303583,1.03685281485367,0,276989,5.89273604935958e-07,0,1,1138,0,0.163222306557606,0.583913785229052,0.00172764696809563,0.0344149567712531,1.33868406950061,0.0344149567712531,0.125019341529917,0.0263718926011222,0.1,0.037796814568526,0,0.5,0.00107688519083846,0.213540839152364,0.5,0.212463953961525,1-5,1-5,0.01-0.05,0.15-0.30
Nyamira,Nyamira North,Itibo,1.34768629859789,-0.661197846349647,0.521318362976032,1.05831485545405,0.495814538347285,1.46643617087284,0.321435686956781,-0.430260701626694,-0.940728485017871,0.968324122426854,0,239797,3.78413729535922e-07,0,1,1139,0,0.0907424771015255,0.902543415038073,0.00102796973525458,0.0183731179297831,0.377348524025293,0.0183731179297831,0.427548510071357,0.0555814708278084,,0.0273281095932347,0,0.2,0.00075684511348192,0.134466655985338,0.2,0.133709810871856,0,1-5,0.01-0.05,0.05-0.15
Nyamira,Nyamira North,Magwagwa,1.32744435574768,-0.439935477115676,-0.032136527057552,1.51306161868444,0.400182752721358,1.20290323578813,0.204578862937478,-0.320533090613909,-0.599687501736116,1.13361463609296,0,176813,4.94745982108901e-07,0,1,1140,0,0.0874775213346211,0.299124919514217,0.00210668686111849,0.0265438624305852,0.519841913204843,0.0265438624305852,0.0510189395261389,0.0126858815599746,,0.0363556852628368,0,0.3,0.00179088914614512,0.1706315201171,0.3,0.168840630970954,0,1-5,0.01-0.05,0.15-0.30
Nyandarua,Kinangop,Engineer,-0.139483875555325,-1.83155188620656,0.684983833134283,0.178229774086043,-0.740779957592038,-1.64978517726332,-0.0264564646331454,-1.03118885710039,-0.481139879777319,-0.769648118797833,0,282379,1.25422925203695e-07,0,1,1141,0,0.0354168001960942,0.0697480643615269,0.00175420005827288,0.0171995695577295,0.159937478046516,0.0171995695577295,0.0113606312297968,0.00292413686457238,,0.0260474812053808,0,0.1,0.00162447826834315,0.117637656515648,0.1,0.116013178247305,0,1-5,0.01-0.05,0.05-0.15
Nyandarua,Kinangop,Gathara,0.329960521862947,-2.13719243518268,0.745183152420919,0.224728924058259,-0.406368768234811,-1.69747714350152,0.01800134375139,-1.02808078929959,-0.671411505855185,-0.850665491337354,0,247172,4.51254345531328e-08,0,1,1142,0,0.0111537439093669,0.0252206405984866,0.000456194937211889,0.00538522309540312,0.0507858385922877,0.00538522309540312,0.00474143889247964,0.00109742160913214,,0.00986114979407327,0,0,0.000391345824493623,0.0479502066970593,,0.0475588608725657,0,0,<0.01,0.01-0.05
Nyandarua,Kinangop,Githabai,-0.172273892691536,-1.91147053803011,0.610117052350686,0.158556729269022,-0.929872992979599,-1.64494516781036,-0.402663600284293,-1.01899992364909,-0.121218829554351,-0.876308064498229,0,255243,6.94693792142836e-08,0,1,1143,0,0.0177315727587914,0.0258972904677694,0.00106505996875432,0.0094464358478286,0.0961406820642727,0.0094464358478286,0.00218619327429325,0.000957211234093344,,0.0153433820254203,0,0,0.000981312159816338,0.0796649330781954,,0.0786836209183791,0,0,0.01-0.05,0.05-0.15
Nyandarua,Kinangop,Magumu,-0.0854085182115262,-1.77707159605452,0.290675695815695,-0.0679797336421665,-1.0888417610142,-1.6830871804872,-0.720117036061816,-0.992645364812598,-0.120712564495962,-0.969402882003938,0,281534,7.42936551404037e-08,0,1,1144,0,0.0209161899062984,0.0501516681040319,0.000791207123488022,0.00977002243619639,0.114029939429664,0.00977002243619639,0.0146904037994448,0.00251503771173233,,0.0170868541790387,0,0,0.000742639581372756,0.0846549026664283,,0.0839122630850556,0,0,0.01-0.05,0.05-0.15
Nyandarua,Kinangop,Murungaru,-0.0312180172825851,-1.8113505165561,0.00130951570883965,0.160607911898734,-0.536155859012453,-1.67746387821005,0.238262475566833,-0.973008863308093,-0.637393723744374,-0.772714559831319,0,288467,1.03082455320576e-07,0,1,1145,0,0.0297358866389605,0.0544509189236116,0.0010556145965063,0.0144798503699549,0.159509784153444,0.0144798503699549,0.00798411820687909,0.00222684921771291,,0.0247578927510463,0,0.1,0.000939404790376575,0.142319020534433,0.1,0.141379615744057,0,1-5,0.01-0.05,0.05-0.15
Nyandarua,Kinangop,Njabani/Kiburu,0.998534151844774,-2.12746904808146,0.697314598989576,0.0947656945953381,-0.641094459153519,-1.64582570245469,-0.358816999701727,-0.994851362292659,-0.57055372017198,-0.923252214316178,0,190796,2.06013189942216e-08,0,1,1146,0,0.00393064925882151,0.00589273604538547,0.000195312213028415,0.00213773680943822,0.0194291070142686,0.00213773680943822,0.000572139204228969,0.00022252993601671,,0.00377199481883466,0,0,0.000193988423556732,0.018029195320531,,0.0178352068969743,0,0,<0.01,0.01-0.05
Nyandarua,Kinangop,North Kinangop,0.484649385955941,-2.32333717952014,0.753338868595421,0.227318715100338,-0.325716301338208,-1.72347657119377,0.17864139439813,-1.03478363390784,-0.692523758454489,-0.900651833974542,0,186562,2.47952364686933e-08,0,1,1147,0,0.00462584890607236,0.00729124670094864,0.000195730396194034,0.00227871746531338,0.0240919485326743,0.00227871746531338,0.000659418121147855,0.000272274729436184,,0.00428439944883257,0,0,0.00018311191107599,0.0232067767352645,,0.0230236648241885,0,0,<0.01,0.01-0.05
Nyandarua,Kinangop,Nyakio,0.199840022504691,-2.00496826015692,0.383722761944821,0.049308634812274,-0.957826170379583,-1.66139077953764,-0.649201461879757,-1.0125491068764,-0.321885408654043,-0.926624872446571,0,206850,4.12118392234092e-08,0,1,1148,0,0.00852466894336219,0.0118312301914572,0.000435074533676903,0.0047090335190202,0.0373982540956255,0.0047090335190202,0.00128241924249483,0.000455243663697776,,0.00775101066582951,0,0,0.000420806434001803,0.0350017620078763,,0.0345809555738745,0,0,<0.01,0.01-0.05
Nyandarua,Kipipiri,Geta,0.393502243853654,-2.54043338498567,0.791316886006942,0.184306682042992,-0.189661444610882,-1.7419433644371,0.326181776257521,-0.880341678934559,-0.903686194476741,-0.891051468105117,0,132257,5.05415810478158e-08,0,1,1149,0,0.00668447788464098,0.0120134621894566,0.000237675634852394,0.00288346866801469,0.0348372768942026,0.00288346866801469,0.001264076413952,0.000459846243121683,,0.00617890923841462,0,0,0.000220968112880775,0.0300507860200546,,0.0298298179071738,0,0,<0.01,0.01-0.05
Nyandarua,Kipipiri,Githioro,-0.182384975490933,-1.49241261665194,-0.359699711604206,0.213317557487492,-0.525992082414103,-1.60239557385777,0.220367490617692,-0.883356817243884,-0.510993914175086,-0.635708884511179,0,195143,1.28031529580491e-07,0,1,1150,0,0.0249844567769258,0.0373891073843526,0.00119641691742457,0.0142701884026247,0.124398775023499,0.0142701884026247,0.00400475644039712,0.00143563042666941,,0.0205826142810811,0,0.1,0.00104045254918397,0.0989676116463092,0.1,0.0979271590971252,0,1-5,0.01-0.05,0.05-0.15
Nyandarua,Kipipiri,Kipipiri,-0.160268385138907,-1.59617569896087,0.256904088935617,0.246781532325579,-0.346101735491281,-1.5693048310754,0.135074938009011,-0.868376856023828,-0.506387486328809,-0.775155386453827,0,218959,8.02274796953352e-08,0,1,1151,0,0.0175665287266109,0.0361399737995295,0.00109811191067316,0.00967314707180264,0.0798903132898743,0.00967314707180264,0.00908774215436117,0.00171760559777536,,0.0125388754647876,0,0,0.00100683359235356,0.0526994082162338,,0.0516925746238802,0,0,0.01-0.05,0.05-0.15
Nyandarua,Kipipiri,Wanjohi,-0.154161281832309,-1.83919408545324,0.459696363435823,0.177735340079031,-0.103580698743147,-1.62196584279326,0.13813131072652,-0.870531933174551,-0.808199855545506,-0.912929810054197,0,293679,4.84639198407907e-08,0,1,1152,0,0.0142328355149236,0.0282827874676977,0.00056303890433543,0.00702126365621523,0.068468179535058,0.00702126365621523,0.00412991931645484,0.00115557930161837,,0.00968875067310137,0,0,0.000509357985722445,0.0440204457426242,,0.0435110877569018,0,0,<0.01,0.01-0.05
Nyandarua,Ndaragwa,Central,-0.478852270690838,-1.44042900834337,0.441357133695685,0.0405636992157891,-0.0150492612480156,-1.33982579059827,0.258927532872976,-0.72813470863722,-0.775293300952651,-0.785962570451341,0,310437,1.20659578735193e-07,0,1,1153,0,0.037457197643817,0.153862442537529,0.00124460343730798,0.0144952448611189,0.159959112045537,0.0144952448611189,0.0417182065254734,0.00750404869810959,,0.0166748787250875,0,0.1,0.00110544063033912,0.0751662601838525,0.1,0.0740608195535134,0,1-5,0.01-0.05,0.05-0.15
Nyandarua,Ndaragwa,Kiritta,-0.424234162241899,-1.28404879987784,0.499211838818209,0.141111032481422,-0.207057186713599,-1.19530038986622,0.285294985255639,-0.641468517243589,-0.766708421266992,-0.617860388514632,0,183176,3.87279754139328e-07,0,1,1154,0,0.0709403562442256,0.30191217381497,0.00262497756843413,0.0254589947243234,0.343039023362419,0.0254589947243234,0.112943008857956,0.0166904443015538,,0.0283590382113131,0,0.2,0.00219988308427359,0.111418513691367,0.2,0.109218630607093,0,1-5,0.01-0.05,0.05-0.15
Nyandarua,Ndaragwa,Leshau/Pondo,-0.503691597744584,-1.09177280092088,0.407714727138916,-0.121965646990673,-0.215796358683019,-1.14358683992273,0.271154475707929,-0.633313791563036,-0.735703294250839,-0.559255896894936,0,214853,4.07659576311095e-07,0,1,1155,0,0.0875868829491677,0.31607680287782,0.00250163770924406,0.0272825770018746,0.517573837056904,0.0272825770018746,0.0794792139443883,0.0150219329804614,,0.0317963871326273,0,0.2,0.00182372152176321,0.144122420898552,0.2,0.142298699376789,0,1-5,0.01-0.05,0.05-0.15
Nyandarua,Ndaragwa,Shamata,0.0598775130111686,-2.03542096014014,0.4270366182684,0.161389213429729,0.319967078196619,-1.50795502631986,0.283530599793977,-0.807435995118249,-0.898062329925659,-0.866098707873432,0,201761,1.31418022136303e-08,0,1,1156,0,0.00265150315642426,0.00402302101118298,9.75407100401774e-05,0.00137854170994512,0.013060335705258,0.00137854170994512,0.00033110169058089,0.000148159804287878,,0.00223269732404555,0,0,9.44403729388207e-05,0.0106481209444067,,0.0105536805714678,0,0,<0.01,0.01-0.05
Nyandarua,Oljoroorok,Charagita,-0.00873746772775248,-1.79211924083986,0.691405357886765,0.43424014536541,-0.341718894000361,-1.52043418716058,0.323322961259503,-0.765111904070896,-0.55594674438507,-0.562917172171119,0,264782,7.72774107769362e-08,0,1,1157,0,0.0204616673803387,0.0956494304007045,0.000586740127330542,0.00799444275983636,0.10423796030076,0.00799444275983636,0.0375913389014106,0.00540218559411477,,0.0104494128541158,0,0,0.000425472595468953,0.0437613025683992,,0.0433358299729303,0,0,0.01-0.05,0.01-0.05
Nyandarua,Oljoroorok,Gathanji,-0.184891480678924,-1.56894621657037,0.675640836671778,0.40091667706969,-0.3374306738078,-1.20557545591076,0.352809450992099,-0.683238424220461,-0.618963801521055,-0.64586039966482,0,195575,1.07189392664919e-07,0,1,1158,0,0.0209635654704415,0.0408410854272688,0.000602811727134644,0.0100752465768381,0.123564940811779,0.0100752465768381,0.00503197291857411,0.00160975843157639,,0.0110918749712304,0,0.1,0.000535493240657481,0.0476177865071794,0.1,0.0470822932665219,0,1-5,0.01-0.05,0.01-0.05
Nyandarua,Oljoroorok,Gatimu,-0.403487110137484,-1.33904840490406,0.612517773234306,0.315925121152608,-0.255088662646869,-1.17960714307684,0.351760569302102,-0.710059701927114,-0.738612467864531,-0.747165468993914,0,312363,1.64857280540065e-07,0,1,1159,0,0.0514953147213363,0.132923862014634,0.00120762927310149,0.0153753565841422,0.339522378857416,0.0153753565841422,0.0153160345305931,0.00517209267029105,,0.015400576010846,0,0.1,0.000930073535591519,0.0612516457818614,0.1,0.0603215722462699,0,1-5,0.01-0.05,0.05-0.15
Nyandarua,Oljoroorok,Weru,-0.35670968710965,-1.51956381248299,0.703673619945968,0.391061526899882,-0.161433183490361,-1.39479521249756,0.238750779611243,-0.707946284225281,-0.733112268302349,-0.754847778054577,0,298347,1.18912180612436e-07,0,1,1160,0,0.0354770923491785,0.245083116057588,0.00065760686593541,0.00934783923840729,0.139024845154019,0.00934783923840729,0.0707739353383311,0.0122263453207858,,0.00998196324708262,0,0,0.000459177813724054,0.0464912467378141,,0.04603206892409,0,0,<0.01,0.01-0.05
Nyandarua,Olkalou,Kaimbaga,-0.325091020141509,-1.43084072869151,0.297675039232049,0.312985128198135,-0.368374395702273,-1.54033936965604,0.190044532961855,-0.814989879097204,-0.579659903327982,-0.781874098064299,0,252162,8.14953695567e-08,0,1,1161,0,0.0205500353781566,0.0359764398794605,0.000472167081750513,0.00901740279566172,0.112478296549613,0.00901740279566172,0.00328704129614498,0.00134556566640909,,0.0120247984458792,0,0,0.00036912523887956,0.0504908665628526,,0.050121741323973,0,0,0.01-0.05,0.05-0.15
Nyandarua,Olkalou,Kanjuiri Range,-0.176712296928654,-1.54291733853914,0.0594740354515163,0.267751069328888,-0.368252496191787,-1.51114307151945,0.2849552225899,-0.787804287603217,-0.220359973310058,-0.397678484374867,0,269196,9.20673863478284e-08,0,1,1162,0,0.02478417213529,0.167060591015524,0.000527317327906721,0.00743224970971091,0.0971002090676055,0.00743224970971091,0.0548828928310465,0.00875401866712985,,0.00978478264566367,0,0,0.000444408620330349,0.0399548567501565,,0.0395104481298261,0,0,<0.01,0.01-0.05
Nyandarua,Olkalou,Karau,-0.402153338356594,-1.47059620089204,0.24921525623393,0.429414490745894,-0.367440628403014,-1.5216902879136,0.225748198304428,-0.788978416951462,-0.518867839997105,-0.646965139968101,0,219788,8.94179447621911e-08,0,1,1163,0,0.0196529912433925,0.0810997267648497,0.000867232288010057,0.00868022881540889,0.0957934230232174,0.00868022881540889,0.0320936985803948,0.00459438226300164,,0.0087718087946591,0,0,0.000718564809752885,0.0338758856275616,,0.0331573208178087,0,0,<0.01,0.01-0.05
Nyandarua,Olkalou,Mirangine,0.215454102863144,-1.74475390819546,0.53345105487355,0.24525991033845,-0.406593898729365,-1.58243997553938,0.269416886995018,-0.77408271469957,-0.348288950032248,-0.34917209263768,0,229803,4.30429838380448e-08,0,1,1164,0,0.00989140681493421,0.0471007133002751,0.000335125218719825,0.00408127049840915,0.0424486191041067,0.00408127049840915,0.0182618574147423,0.00264443660919095,,0.00581064605645401,0,0,0.00031605141267647,0.0245857889182298,,0.0242697375055533,0,0,<0.01,0.01-0.05
Nyandarua,Olkalou,Rurii,-0.272499845279119,-1.61497738068958,0.703673604381301,0.446441861236942,-0.206960178571677,-1.50291860094445,0.244485966920483,-0.791980099554213,-0.672355663205673,-0.790354607700512,0,253298,7.79875720475173e-08,0,1,1165,0,0.019754096024492,0.252984885476277,0.000397250365542733,0.00471041498245972,0.0575050834545311,0.00471041498245972,0.123699953929064,0.0158235565344936,,0.00562244280216766,0,0,0.000320171072039641,0.0227451402475955,,0.0224249691755559,0,0,<0.01,0.01-0.05
Nyeri,Kieni East,Gakawa,-0.311950150433347,-1.54536168904446,-0.5002283586181,0.160926180506051,-0.626260737881491,-0.969162940336638,0.153416785410274,-1.01218782308505,-0.601933816783202,-1.33486163368762,0,314637,4.17281402441867e-08,0,1,1166,0,0.0131292168620102,0.0216474068532053,0.000823162402558508,0.00706209802050263,0.0641278342934052,0.00706209802050263,0.00227420015527021,0.000828384157839919,,0.00830879634272956,0,0,0.000653178190343148,0.0330464908387213,,0.0323933126483781,0,0,<0.01,0.01-0.05
Nyeri,Kieni East,Kabaru,0.287605091549431,-1.94254574242958,-0.491060149431686,0.0813553031265018,0.120572212883961,-1.036818328894,-0.139018893891123,-1.00426638003938,-0.590139398683745,-1.43275883174094,0,204452,2.20772052037934e-09,0,1,1167,0,0.000451372875832596,0.00076439152153583,1.40303242457206e-05,0.000212397724163905,0.00239066067739897,0.000212397724163905,7.78852696296619e-05,2.90980792858701e-05,,0.000420449509929259,0,0,1.31767869756239e-05,0.00227825493517162,,0.002265078148196,0,0,<0.01,<0.01
Nyeri,Kieni East,Naromoru/Kiamathaga,-0.161631463543917,-1.68362318884824,-0.406451058806661,0.217961192268051,-0.500844895354616,-0.957916259910987,0.118706330510516,-1.0466842130237,-0.6083310080654,-1.42338756289274,0,269258,3.86892415506359e-08,0,1,1168,0,0.0104173878014411,0.0396415834227585,0.000472466484229702,0.00458099982406903,0.0399528653450231,0.00458099982406903,0.0138537005454937,0.00212976189162845,,0.00620230809003611,0,0,0.000434812179411609,0.0283014345850137,,0.0278666224056021,0,0,<0.01,0.01-0.05
Nyeri,Kieni East,Thegu River,-0.437459420198687,-1.36057103561829,-0.617438949495398,0.22823094318216,-0.512788234317344,-1.12850572509545,-0.421114518621096,-1.04583725811211,-0.546277211304312,-1.44016486455159,0,263765,2.72925881224265e-08,0,1,1169,0,0.00719882950611182,0.0185379077709304,0.000403804802631265,0.00404165841308911,0.0295912224367669,0.00404165841308911,0.00607826642686235,0.000970643438787116,,0.00475249633435205,0,0,0.000349469201414136,0.0187437742560305,,0.0183943050546164,0,0,<0.01,0.01-0.05
Nyeri,Kieni West,Gatarakwa,0.123016251947898,-2.08334026138665,0.0364711793085247,0.216311837060604,0.0117398184489673,-1.53582238604863,-0.213850972603132,-0.970379640174269,-0.693404620832782,-1.22110021509813,0,162854,6.27247293927165e-09,0,1,1170,0,0.00102149730805215,0.00161787181582621,3.96319835038475e-05,0.000524691965556288,0.00504249083463214,0.000524691965556288,0.000172622913421456,6.20792306569496e-05,,0.000955296731408982,0,0,3.78195313853089e-05,0.00485983380927948,,0.00482201427789417,0,0,<0.01,<0.01
Nyeri,Kieni West,Mugunda,-0.381450883014925,-1.4461743719561,-0.672569679027521,0.278070316865873,-0.091374551255345,-1.40189512555653,-0.20327196158059,-0.965233831689156,-0.623413674413597,-1.192506763455,0,327366,9.41944185066002e-09,0,1,1171,0,0.00308360500088317,0.00474457305062256,0.000182238810978948,0.00178243578128226,0.013421452629417,0.00178243578128226,0.000593977453176787,0.0001876030062667,,0.00214970841424306,0,0,0.000154047244616449,0.00832419522456234,,0.00817014797994589,0,0,<0.01,<0.01
Nyeri,Kieni West,Mweiga,-0.472036620071925,-1.2374243835783,-0.600757298014092,0.496852308859855,-0.403964620056875,-1.43682588035271,-0.406200631930245,-1.04108849034227,-0.624864525116063,-1.35415308884248,0,171593,6.39782920938885e-08,0,1,1172,0,0.0109782270752666,0.0244703169869551,0.000563469579428097,0.00507956888104121,0.0551415027434775,0.00507956888104121,0.00344954306666343,0.000991987627000838,,0.007036584966502,0,0,0.000516366440510727,0.0284516939878727,,0.0279353275473619,0,0,<0.01,0.01-0.05
Nyeri,Kieni West,Mwiyogo/Endarasha,-0.513810996805401,-1.26679019113133,-0.708509114681974,0.391469208761423,-0.388248107644525,-1.46374099187406,-0.387632878555352,-1.03073710283204,-0.635617153746744,-1.33748389833911,0,186432,6.28865481900673e-08,0,1,1173,0,0.0117240649521706,0.0268226750376381,0.000663477554211259,0.00636140691261785,0.0477120130869652,0.00636140691261785,0.00737053591189853,0.0013143610817281,,0.00768356416223277,0,0,0.00056700372320848,0.0291508923408503,,0.0285838886176418,0,0,<0.01,0.01-0.05
Nyeri,Mathira East,Iriaini,0.188465664882261,-1.15762042577327,-0.69800370053526,0.803527529759284,-0.241918486093212,-1.0040860494872,-0.468516319343615,-0.98482335836522,-0.743018141702055,-1.43759545400507,0,258848,2.62054363026453e-08,0,1,1174,0,0.00678322477606713,0.0223627508736322,0.000245585868251849,0.00301718752013809,0.029170267702366,0.00301718752013809,0.00835311816183104,0.00123546985419408,,0.00441874100463631,0,0,0.00019437908667895,0.0187066907212894,,0.0185123116346104,0,0,<0.01,0.01-0.05
Nyeri,Mathira East,Karatina Town,-0.00786515780934349,-1.26363094965171,-0.725503713171888,0.821934419029825,-0.304763821350296,-1.17511106979586,-0.59427954114893,-1.06249477467476,-0.638065672174569,-1.47635825714352,0,289132,2.12237268387495e-08,0,1,1175,0,0.00613645858834132,0.0207531720496401,0.000253336627200651,0.00294186434566922,0.0246308379076711,0.00294186434566922,0.00776235747451068,0.0011472075161398,,0.00381531465458122,0,0,0.000202778398998523,0.0155243072681427,,0.0153215288691442,0,0,<0.01,0.01-0.05
Nyeri,Mathira East,Konyu,0.166376342104565,-1.13543172796051,-0.562499595279113,0.64295463071079,-0.247114729772332,-1.20172227389859,-0.377844521710671,-1.02676126046802,-0.657648869508018,-1.43388625452982,0,197493,2.38992170152237e-08,0,1,1176,0,0.00471992806598757,0.00688343736487342,0.000235185483643763,0.00273030405118757,0.0234600279679831,0.00273030405118757,0.000608412122007015,0.000256152763273044,,0.00377372560172221,0,0,0.000197325929268999,0.0162719910594468,,0.0160746651301778,0,0,<0.01,0.01-0.05
Nyeri,Mathira East,Magutu,0.0802780243302852,-1.34714973097113,-0.733551268556551,0.884140497327983,-0.287641543324274,-1.09268376880315,-0.569694346350859,-1.02884339044387,-0.709012052472402,-1.44076094837207,0,163905,2.79443442132479e-08,0,1,1177,0,0.0045802177382724,0.00675710731782582,0.000251402542768539,0.00253130126202894,0.022287435964965,0.00253130126202894,0.000641306141391058,0.000254238256870203,,0.00363364938869859,0,0,0.000228444013086115,0.0161090771302222,,0.0158806331171361,0,0,<0.01,0.01-0.05
Nyeri,Mathira West,Kirimukuyu,0.0779964991691763,-1.25237655523873,-0.695606767701555,0.834156891549652,-0.328189582735023,-1.25058113869178,-0.395599552627792,-1.03905020878967,-0.638314571229478,-1.42435297830216,0,343242,2.27594709916724e-08,0,1,1178,0,0.00781200634212363,0.0152118297240934,0.000291841434282882,0.003883677161685,0.0427309675827659,0.003883677161685,0.00242116156860497,0.000634167995869013,,0.00483548909291287,0,0,0.00023202422144183,0.0201248219189248,,0.019892797697483,0,0,<0.01,0.01-0.05
Nyeri,Mathira West,Ruguru,0.646024113305888,-2.0915628755015,-0.106605819419024,0.00547378692733019,0.313038582802294,-1.08794457983941,-0.508566015380596,-1.00470973351537,-0.637464203177966,-1.43056077745409,0,254731,7.68961146733253e-10,0,1,1179,0,0.000195878241868508,0.000338767068414222,5.67802683016526e-06,9.64098075654314e-05,0.00103379981060683,9.64098075654314e-05,4.01289027479382e-05,1.32507299782078e-05,,0.000187392779354756,0,0,5.6053157511384e-06,0.000963880595295127,,0.000958275279543988,0,0,<0.01,<0.01
Nyeri,Mukurweini,Gikondi,0.184438862693101,-0.984942232347182,-0.490841886160223,0.862336436618553,-0.255335956688784,-1.15793269011847,0.307286861844519,-0.86328841282662,-0.627825753279779,-1.30284193951847,0,172965,7.90834280566642e-08,0,1,1180,0,0.0136786651338209,0.0343954301908195,0.000551320228943323,0.00690447557711119,0.066669001979858,0.00690447557711119,0.00809062249270144,0.00159937490035361,,0.0080178576009228,0,0,0.000439794922896189,0.0327979766545442,,0.032358181731648,0,0,<0.01,0.01-0.05
Nyeri,Mukurweini,Mukurwe-Ini Central,0.162927118223573,-0.891670180347378,-0.550350270593435,0.644991975574968,-0.206392280292723,-1.22441127215574,-0.0570826508415074,-0.911893103290309,-0.732688816419505,-1.35533986173547,0,271565,3.72452689121114e-08,0,1,1181,0,0.0101145114521175,0.0226815561850812,0.000532280735427442,0.00547525696836015,0.0484783355770384,0.00547525696836015,0.00680667039611107,0.00114774541889439,,0.00677668027190024,0,0,0.000408595160544937,0.0262679072597829,,0.0258593120992379,0,0,<0.01,0.01-0.05
Nyeri,Mukurweini,Mukurwe-Ini West,0.183758754186181,-1.28407307151723,-0.222597465646705,0.758182768765748,-0.256715808000918,-1.30804005002202,0.0447584721363599,-0.985982926555591,-0.582297117869692,-1.35699756949838,0,178135,3.58358097758736e-08,0,1,1182,0,0.00638361197442525,0.0102553421344192,0.000295740229822469,0.0034905221037689,0.0278813923361624,0.0034905221037689,0.0011741461426292,0.000398561915622758,,0.00461588258369482,0,0,0.000244272915319446,0.0184760984105378,,0.0182318254952184,0,0,<0.01,0.01-0.05
Nyeri,Mukurweini,Rugi,0.175044477344676,-0.811277950958575,-0.550350554648533,0.72822028082982,-0.199273689857555,-0.958824860450146,0.219486538849584,-0.834591992873571,-0.667999771214724,-1.31383097361632,0,208760,5.29295081677556e-08,0,1,1183,0,0.0110495641251007,0.0210424848725775,0.000702171662755016,0.00627948158886269,0.0476776562566863,0.00627948158886269,0.00486134039450231,0.000972879960830005,,0.00681578120962445,0,0,0.000586217847336709,0.0251461976164709,,0.0245599797691342,0,0,<0.01,0.01-0.05
Nyeri,Nyeri Central,Gatitu/Muruguru,-0.207881803600001,-1.36605558433139,-0.64673637527024,0.579165192702375,-0.380334698303179,-1.36398290872229,-0.543213512689531,-1.10473041998941,-0.419350763686165,-1.44057205381489,0,314364,1.61088408656653e-08,0,1,1184,0,0.00506403964989399,0.0127115816614122,0.000239979900654064,0.0026077284809887,0.0239906350164154,0.0026077284809887,0.00378911426286975,0.000641620134838865,,0.0033262932987696,0,0,0.000212357237567105,0.0123294062756659,,0.0121170490380988,0,0,<0.01,0.01-0.05
Nyeri,Nyeri Central,Kamakwa/Mukaro,-0.134649806262207,-1.45361825928202,-0.6007573758374,0.48349726845314,-0.332305523969055,-1.51472198110901,-0.386249681496051,-1.13273506058793,-0.342441938137621,-1.41665310409541,0,280811,1.10611030012786e-08,0,1,1185,0,0.00310607939489204,0.00573010845461097,0.000166758751601362,0.00189090160265694,0.012203322967856,0.00189090160265694,0.00176654438288451,0.000292928016317415,,0.00241658006920377,0,0,0.000156628500131928,0.00956314609354202,,0.00940651759341009,0,0,<0.01,<0.01
Nyeri,Nyeri Central,Kiganjo/Mathari,-0.284037042924728,-1.38703995987481,-0.627564151996068,0.499811461797367,-0.402826351410997,-1.41909911115405,-0.698283293025517,-1.12859313967559,-0.347803079625194,-1.45244759226536,0,293450,8.62650534018913e-09,0,1,1186,0,0.0025314479920785,0.00444842473109338,9.17064916447123e-05,0.00130075774392217,0.0118228973900598,0.00130075774392217,0.000537905510320558,0.000174691673072135,,0.00192803102452268,0,0,7.3699744329801e-05,0.00896616433202468,,0.00889246458769488,0,0,<0.01,<0.01
Nyeri,Nyeri Central,Ruring'u / Karia,-0.206879792034764,-1.45827287225604,-0.600757443932801,0.4933912708108,-0.347776447227753,-1.40148462642468,-0.471764477066657,-1.10624007457818,-0.398422544255952,-1.41090363919076,0,251845,9.80538367291818e-09,0,1,1187,0,0.00246943685110608,0.0065236615996069,7.17627247882439e-05,0.00113092981727873,0.0111195177722226,0.00113092981727873,0.00226242145296553,0.000349384389761323,,0.0018880744141246,0,0,6.42481795215863e-05,0.0078440745499778,,0.00777982637045621,0,0,<0.01,<0.01
Nyeri,Nyeri Central,Rware,-0.253259105807404,-1.43084753316844,-0.60075727466708,0.251424634884382,-0.384735185387576,-1.50463687529532,-0.680249068705266,-1.15924188906033,-0.265925370176784,-1.45893147134883,0,258375,6.17009872113357e-09,0,1,1188,0,0.00159419925707289,0.00245906273004791,8.94298378339822e-05,0.000917382838473103,0.00688475914040625,0.000917382838473103,0.000280227741466911,9.54855498938368e-05,,0.00134118692591107,0,0,7.38082986439709e-05,0.00595525604445098,,0.00588144774580701,0,0,<0.01,<0.01
Nyeri,Nyeri South,Chinga,0.507911333082975,-1.59562558856734,0.337656794956594,0.491653034570884,-0.370884246952248,-1.30555652923105,0.164198928394535,-0.987976740277571,-0.481621432420656,-1.20075832527557,0,214368,1.24061690202413e-08,0,1,1189,0,0.0026594856405311,0.00352940862379442,9.91027276960157e-05,0.00159680287975522,0.0126316447560072,0.00159680287975522,0.000350474523024725,0.000133775655538692,,0.00231361212233004,0,0,9.14382581659377e-05,0.00981031768779204,,0.0097188794296261,0,0,<0.01,<0.01
Nyeri,Nyeri South,Iria-Ini,0.42524819805429,-1.58301100025857,0.337656721024434,0.442783901139884,-0.310157917311842,-1.4127588320054,-0.0304976876229396,-1.04100767153057,-0.456848585268425,-1.26338653402933,0,237199,8.661151461725e-09,0,1,1190,0,0.00205441646556971,0.00394877516949005,0.000102556388847613,0.00120132224912222,0.00845580639937368,0.00120132224912222,0.00118656000001249,0.000199915878644838,,0.00175957595542514,0,0,9.81733545502165e-05,0.00737723659773921,,0.00727906324318899,0,0,<0.01,<0.01
Nyeri,Nyeri South,Karima,0.221266837954677,-1.40710313550904,0.337656650983471,0.755970322945373,-0.275381606611914,-1.32906990321981,0.147259851596797,-1.00473245458643,-0.528222364688916,-1.296493838952,0,198517,1.94092031978324e-08,0,1,1191,0,0.0038530567912241,0.00583616787816089,0.000175789692913246,0.00235528290111911,0.0150567331628087,0.00235528290111911,0.00093263927182855,0.000243541119706987,,0.00309453141096533,0,0,0.000152097968901724,0.0120449253215386,,0.0118928273526369,0,0,<0.01,0.01-0.05
Nyeri,Nyeri South,Mahiga,0.732938146919144,-2.11432756877986,0.35614125662306,0.398409380399075,0.0743412694406498,-1.50832201079199,-0.0939756534941074,-1.02275730882469,-0.55113653534447,-1.25283734881512,0,196604,3.72142086368155e-09,0,1,1192,0,0.000731646227483248,0.00128463173467213,2.10238002459461e-05,0.00037128591361004,0.00376804466678425,0.00037128591361004,0.000197555112112283,5.3118104714665e-05,,0.000701517891591802,0,0,1.94887015101505e-05,0.00370500964494083,,0.00368552094343068,0,0,<0.01,<0.01
Nyeri,Tetu,Aguthi-Gaaki,0.0202902672758783,-1.36919616611137,-0.447860259517321,0.784220121285444,-0.30841407235648,-1.41255035895321,-0.214318353174429,-1.05626819768965,-0.521014551846217,-1.3978137431898,0,231993,1.4267203509582e-08,0,1,1193,0,0.00330989134379846,0.00935899913854504,9.96234984667653e-05,0.0015818573944294,0.0147365497219557,0.0015818573944294,0.00219122588602844,0.000434542832328969,,0.0022891669129053,0,0,9.31350721328908e-05,0.0105857839239154,,0.0104926488517825,0,0,<0.01,0.01-0.05
Nyeri,Tetu,Dedan Kimathi,0.144962895120654,-1.68891847489342,-0.600757356381561,0.234204600119352,0.0459458440263773,-1.55004250705746,-0.216528093553717,-1.04156760774661,-0.613075422095717,-1.27836823076522,0,201171,1.04663942913287e-08,0,1,1194,0,0.00210553500598088,0.00322647081093019,9.40883483530685e-05,0.00107660088169699,0.011696291586918,0.00107660088169699,0.000267250818169503,0.000118932391505082,,0.00193588032673519,0,0,8.01350696154039e-05,0.010133760421885,,0.0100536253522695,0,0,<0.01,0.01-0.05
Nyeri,Tetu,Wamagana,0.0182543330140716,-1.51852055288434,-0.367768189787304,0.535331941482672,-0.268608256049128,-1.4721243926874,-0.244308103696008,-1.0740874254144,-0.460419835791487,-1.35220758726417,0,293739,7.17064417328073e-09,0,1,1195,0,0.00210629784881531,0.0032533473244836,6.93996902067152e-05,0.00105088735374968,0.0106504851486725,0.00105088735374968,0.00037515432362298,0.000126606718384001,,0.00159421809553895,0,0,5.85110881959143e-05,0.00776488191333597,,0.00770637082514006,0,0,<0.01,<0.01
Samburu,Samburu Central,Angata Nayokie,-0.834231664673071,-0.100037824053733,-0.663179377662513,-0.282028145379609,0.349047698202051,-1.60543117712165,0.705420171091585,1.81675095528172,-1.08671295082422,-0.0274550867819895,0,84057,4.57010954857734e-05,0,1,1196,0,3.84149698324766,11.8101537841504,0.0785482351731114,0.744155527005059,31.6476445284153,0.744155527005059,1.77099689338711,0.485477532991431,4.6,0.216527182318767,0.1,37.7,0.025911221663812,0.555729615007921,37.6,0.529818393344109,1-5,17-51,0.15-0.30,0.50-0.70
Samburu,Samburu Central,Baawa,-0.988926549899006,-0.0899220922150522,-0.586619229622747,-0.881665893754872,0.381212802045024,-1.4892558407533,0.616360278813365,2.0507961348541,-0.988985433900694,0.0549104464537224,0,111026,2.79968780875144e-05,0,1,1197,0,3.10838138654437,10.4855487899067,0.0763645308889852,0.739723101660008,19.5781245842159,0.739723101660008,1.81978205185113,0.44667528950816,2.8,0.219316075242247,0.1,17.6,0.0334798352561246,0.591904225473551,17.5,0.558424390217426,1-5,17-51,0.15-0.30,0.50-0.70
Samburu,Samburu Central,Lodokejek,-1.06817009170145,-0.377298442991575,-0.478585227557403,-0.487530672455581,-0.299593491972702,-1.44796897206707,0.230908472792467,1.64726047425636,-0.900212636966822,0.107145106056636,0,223607,7.20880976371245e-05,0,1,1198,0,16.1194032483445,94.2982578173443,0.156749776586628,2.49045988876275,82.4809731773632,2.49045988876275,23.3292338545908,4.45744304183019,7.2,0.311553506303621,0.1,36.9,0.0664830625287707,0.68138311605073,36.8,0.61490005352196,5-17,17-51,0.30-0.50,0.50-0.70
Samburu,Samburu Central,Loosuk,-0.868513929095934,-0.0280438624937905,-0.303164430759886,-0.106425836294668,1.48699360874177,-1.55147521160586,0.503092068524968,1.57117898263698,-1.03726536406091,0.452666598082159,0,150965,4.22664393851426e-06,0,1,1199,0,0.638075302177805,2.79009982811821,0.0127523847967115,0.151378383797176,3.76138395066458,0.151378383797176,0.882526844870135,0.144046602081613,0.4,0.0630363483321284,0,2.5,0.0066166479936338,0.223145088514384,2.5,0.216528440520751,1-5,1-5,0.05-0.15,0.15-0.30
Samburu,Samburu Central,Maralal,-1.0610601070709,-0.613766854010183,0.0730015604746556,-0.247381573810032,0.0855483524088858,-1.31703351654527,0.116388276002894,0.933247754351207,-0.972902352000739,-0.238063378115107,0,747036,9.87415840899455e-06,0,1,1200,0,7.37635180122166,39.0553028807197,0.0573272587064975,1.1698652970215,44.8893486402035,1.1698652970215,10.2531785796931,1.88350506947371,1,0.10222385090875,0,6,0.010356304686634,0.309109726563587,6,0.298753421876953,1-5,5-17,0.05-0.15,0.15-0.30
Samburu,Samburu Central,Porro,-1.01267396543373,-0.150212213137681,-0.0798591812276121,-0.172469233420074,1.24274074650049,-1.46730946834461,0.244883522049726,1.19852786656875,-0.984383039956693,0.0335861317195041,13,227742,3.30798858177517e-06,0,1,1201,1,0.75336793559064,0.756446412654791,0.0948651685619361,0.519398947030967,2.77171828076136,0.519398947030967,0.0543370166556995,0.0273575105963379,0.3,0.0610350367665032,0,1.2,0.00880842778335769,0.218917046323721,1.2,0.210108618540363,1-5,1-5,0.05-0.15,0.15-0.30
Samburu,Samburu Central,Suguta Marmar,-1.08110246195885,-0.39632025305682,0.800689651833322,-0.312404701838095,0.375778129742931,-1.40042289422475,0.245034650814902,1.67588152506652,-0.927415808236463,0.535303514958864,0,108414,6.15825282764468e-05,0,1,1202,0,6.67640822056271,26.1010698488402,0.116980172873856,1.25693821153422,41.1136821560609,1.25693821153422,4.50449266838349,1.11027743160724,6.2,0.22979129000813,0.1,37.9,0.0415624577194093,0.569879328833401,37.8,0.528316871113992,5-17,17-51,0.15-0.30,0.50-0.70
Samburu,Samburu East,Wamba East,-1.10277138512597,0.789125274864685,-0.678785598470859,-1.5692120393555,-0.69283722109263,-0.857471040287149,0.368336088640886,2.04448874994811,-0.860472349890579,-0.737793040520201,1,229206,5.93484848209564e-06,0,1,1203,1,1.36030288118721,1.03379268192573,0.359037460044793,1.06661012606579,3.90496434054371,1.06661012606579,0.0878082513090835,0.0382448764628561,0.6,0.538052702586689,0.2,1.7,0.199489511510976,0.873103892133203,1.5,0.673614380622227,1-5,1-5,0.50-0.70,0.50-0.70
Samburu,Samburu East,Wamba North,-1.23246131409811,0.67697374562145,-1.22024390180391,-1.4134520216045,0.113623258830538,-1.378826077779,0.950949830973998,2.44086277877887,-1.05358312164427,-0.357190907039149,0,75078,0.000158954225527826,0,1,1204,0,11.9339653441781,37.726050553098,0.303587985859863,2.47843021559578,86.617072793095,2.47843021559578,5.37382000865831,1.53287268796737,15.9,0.457592977064935,0.4,115.4,0.131675524795427,0.820444904006683,115,0.688769379211255,5-17,93-191,0.30-0.50,0.50-0.70
Samburu,Samburu East,Wamba West,-1.44262753300515,0.606320055571177,-1.06070005367453,-1.93476562205274,-0.907566405492259,-1.05074376399266,0.395215253554455,2.12220604354651,-0.859331672286189,-0.373186804794642,0,159124,0.000232083954352555,0,1,1205,0,36.9301271523959,128.505600568482,0.488587852335745,7.22752720737643,248.076988011321,7.22752720737643,26.3639557557136,5.73110686524152,23.2,0.563911205717231,0.3,155.9,0.16764592776634,0.903783602086721,155.6,0.736137674320382,17-51,93-191,0.50-0.70,0.70-0.90
Samburu,Samburu East,Waso,-1.46764745380966,1.28849952414663,-1.39889593629204,-2.30591471813285,-0.377263342105222,-0.883655402071459,0.567996219613521,2.05565502136062,-0.941842974172964,-0.861557535836768,16,237208,3.84518326446164e-05,0,1,1206,1,9.12108231796416,4.09856923637088,2.4764951438006,8.61956059560697,18.3420570075711,8.61956059560697,0.1409472604472,0.138522426807772,3.8,0.557942912390971,1,7.7,0.184401673600049,0.904785876964316,6.7,0.720384203364267,1-5,5-17,0.50-0.70,0.70-0.90
Samburu,Samburu North,El-Barta,-1.57345841453013,0.578365229968613,-1.1307361856005,-1.3057689252076,0.461188087325294,-1.60828000967137,0.308013868408723,1.72651595162834,-1.04164396831283,-0.600381441601088,0,226880,2.35247173350482e-05,0,1,1207,0,5.33728786897574,16.6983593910022,0.0524340200885829,0.995550659654534,40.5696309067596,0.995550659654534,2.74510666320962,0.701664278153235,2.4,0.170368440007138,0,17.9,0.0173490403070141,0.528880868810838,17.9,0.511531828503824,1-5,17-51,0.15-0.30,0.50-0.70
Samburu,Samburu North,Nachola,-1.61530577611487,1.24561518509035,-1.03230816054638,-0.718982735462265,2.20485419990621,-1.64224078082388,0.674647145726039,2.17299142996497,-1.10710549702155,-0.0693833484550568,0,84944,4.13767696351645e-05,0,1,1208,0,3.51470831988942,66.1038353746097,0.0188641269204649,0.263275412706187,10.3201015116209,0.263275412706187,32.67921478777,4.15720183606995,4.1,0.0906704856189953,0,12.1,0.00878425726903794,0.31700893556516,12.1,0.308224678296122,1-5,5-17,0.05-0.15,0.30-0.50
Samburu,Samburu North,Ndoto,-1.43637365527174,0.753106933639053,-0.820539424754737,-1.32221271454828,0.528879141235535,-1.64833743312746,1.0261422227927,2.46745865470212,-1.01100589960689,-0.0642475597115721,0,188710,0.000206318263212688,0,1,1209,0,38.9343194508664,262.394350711364,0.344373215054137,7.46958080739816,234.284531925989,7.46958080739816,115.248629793275,15.5866012812951,20.6,0.395767219841259,0.2,124.2,0.0796192860850225,0.747770721254018,124,0.668151435168995,17-51,93-191,0.30-0.50,0.50-0.70
Samburu,Samburu North,Nyiro,-1.56319991042412,1.00081255250521,-0.434665150950811,-0.851523514866985,1.08998940758974,-1.46769470028993,0.728832380979198,1.97344102789833,-0.953028843737291,-0.307362259538829,0,92884,5.11679661481723e-05,0,1,1210,0,4.75268536770683,17.6296434496918,0.0925575364014306,1.06030318617058,30.884775141671,1.06030318617058,4.54555457183714,0.844984389888878,5.1,0.200119108312436,0.1,33.3,0.0360536287943099,0.506128351734376,33.2,0.470074722940066,5-17,17-51,0.15-0.30,0.30-0.50
Siaya,Alego Usonga,Central Alego,0.990684750712555,0.294753508671731,0.622362926587524,0.358734377722703,0.652208712000293,0.881091215577129,0.756525038458725,-0.459020948029006,-0.448059823409007,0.801474823455773,0,397626,1.19656300055678e-07,0,1,1211,0,0.0475784559659392,0.152179010399381,0.000997629840037852,0.0117810623112574,0.310299169946309,0.0117810623112574,0.0218627184069805,0.00619504256950387,,0.0100579725468823,0,0.1,0.000706797837308508,0.0463219372902684,0.1,0.0456151394529599,0,1-5,0.01-0.05,0.01-0.05
Siaya,Alego Usonga,North Alego,1.03933608099694,0.169430686696989,1.06711088996321,0.752118101909078,0.519034604963616,0.823687150854874,0.6273502735118,-0.464399744004328,-0.339185632984078,1.01370587706297,0,316682,1.77999818493528e-07,0,1,1212,0,0.0563693385201673,0.161909821680559,0.00183265629275761,0.0162336238110885,0.388499071545374,0.0162336238110885,0.0225680501248651,0.00654736693549121,,0.0126484638918,0,0.1,0.00105934958386232,0.0520866976451169,0.1,0.0510273480612546,0,1-5,0.01-0.05,0.05-0.15
Siaya,Alego Usonga,Siaya Township,0.887182052514129,0.264738469839404,0.839511709798556,0.441493795614601,0.62015715371534,0.940175378403325,0.850601619819089,-0.532629291833369,-0.501172303429143,0.606592005683619,0,372896,1.70832696796738e-07,0,1,1213,0,0.0637028293047165,0.368614646449955,0.000877643463056628,0.0125775660961376,0.45821199519613,0.0125775660961376,0.11472448200801,0.018912431947362,,0.00970198499894892,0,0.1,0.000601008804186115,0.0381216305450527,0.1,0.0375206217408666,0,1-5,<0.01,0.01-0.05
Siaya,Alego Usonga,South East Alego,0.582643348951913,0.32721275771088,0.77292329668074,0.342874701754125,0.702369763857445,0.835519157832082,0.728260591741645,-0.504931264448793,-0.384021083293828,0.706151615862473,0,479125,2.13348062444216e-07,0,1,1214,0,0.102220390418585,0.663037311291128,0.000871196905382433,0.0131840338656523,0.535962825007808,0.0131840338656523,0.18570080103773,0.0327118306654802,,0.0101205540885905,0,0.1,0.000513962138801796,0.0446346031973347,0.1,0.0441206410585329,0,1-5,0.01-0.05,0.01-0.05
Siaya,Alego Usonga,Usonga,0.562479005974372,0.430329414710409,0.559459566152848,0.474851858324162,0.995862356340891,0.939408556098396,0.917291013392454,-0.385333275923189,-0.521466505985347,0.310865648226405,0,104986,1.51519133880847e-07,0,1,1215,0,0.0159073877896146,0.0628027267326393,0.000433369032675924,0.00532168170561099,0.090811777322384,0.00532168170561099,0.0191656018097801,0.00319813568637785,,0.00608685022920396,0,0.1,0.000296538557880636,0.021228383087753,0.1,0.0209318445298724,0,1-5,<0.01,0.01-0.05
Siaya,Alego Usonga,West Alego,0.995309339568362,0.28923269279802,0.55945930933591,0.120849882629157,0.687469040476846,0.899223947596878,0.875287305139565,-0.487225277549095,-0.43623026553311,0.474168100439755,0,416572,9.84702995221274e-08,0,1,1216,0,0.0410199696125317,0.664194540358277,0.00056307439297415,0.00512175752686433,0.142909963101181,0.00512175752686433,0.328091310684049,0.0417539920152385,,0.00530108089720904,0,0,0.000347256826333752,0.0242618605893273,,0.0239146037629935,0,0,<0.01,0.01-0.05
Siaya,Bondo,Central Sakwa,0.229315993679631,0.680716628834595,0.686419050724063,-0.367814840593207,1.02482943078829,0.794778166213989,0.690824087317979,-0.501588941786457,-0.459769769295229,0.295255645751769,0,223403,5.90157838499868e-08,0,1,1217,0,0.0131843031594386,0.0346918475490037,0.000364994562586725,0.00487183508877349,0.104093001167445,0.00487183508877349,0.00452249040840226,0.00138307995267814,,0.00547096802038441,0,0,0.000273728196115119,0.0237760960289664,,0.0235023678328513,0,0,<0.01,0.01-0.05
Siaya,Bondo,North Sakwa,0.282707485273501,0.497860411038644,0.612281787648239,0.394075498677804,0.836447291182389,0.723555615739841,0.590687913632042,-0.595541544830632,-0.323453368361975,0.383172203956946,0,438117,9.91526889539091e-08,0,1,1218,0,0.0434404786264198,0.258616151249402,0.000515190617344016,0.00802436877196364,0.194806023289996,0.00802436877196364,0.0798816790026123,0.0132303217558812,,0.00572968369035621,0,0,0.000344329167526949,0.0216237788901581,,0.0212794497226311,0,0,<0.01,0.01-0.05
Siaya,Bondo,South Sakwa,0.258050057782186,0.662766979857715,0.679673218704449,-0.322572798397688,1.00616073386727,0.823837432199063,0.570950799463568,-0.479935670656832,-0.316198139166468,0.352948507986105,0,303426,4.64180749055315e-08,0,1,1219,0,0.0140844507962858,0.0611490927388015,0.000457763412555909,0.00434007682901755,0.0676386898223852,0.00434007682901755,0.0137530305554727,0.00280352212477845,,0.00412980355999221,0,0,0.000273542622866862,0.0153303930900066,,0.0150568504671397,0,0,<0.01,0.01-0.05
Siaya,Bondo,West Sakwa,0.160025813790338,0.535895753557989,0.672799120241329,0.00468024429605477,0.870486749176918,0.771326336939153,0.6891679654376,-0.618398497380508,-0.425791895264656,0.258451105508434,0,437063,1.19476746451357e-07,0,1,1220,0,0.0522188652342693,0.301291715192656,0.000643185732342601,0.00785280664427389,0.294042079771818,0.00785280664427389,0.0738533873983559,0.0141985789434272,,0.0068461092077343,0,0.1,0.000306438182582985,0.0307126545835482,0.1,0.0304062164009652,0,1-5,<0.01,0.01-0.05
Siaya,Bondo,West Yimbo,-0.161258055768697,0.697454519721981,0.68667944753869,-1.16104638824704,1.09646491417373,0.703940611446304,0.829470170236577,-0.369627015771704,-0.58921471596829,0.174930849865857,0,142765,6.54348382842985e-08,0,1,1221,0,0.00934180468765787,0.0216509551824506,0.00033327884554351,0.00414645638402854,0.0458984741832684,0.00414645638402854,0.00329801724572422,0.000893248244127779,,0.00538079682551933,0,0,0.000279331123337612,0.0233536937572086,,0.023074362633871,0,0,<0.01,0.01-0.05
Siaya,Bondo,Yimbo East,0.196117484377914,0.502432247901409,0.659454077274637,-0.298593015168722,0.918061315056875,0.805890373019209,0.870355322435073,-0.523844277009972,-0.520859931901864,0.244385247281543,0,352952,5.8866646892086e-08,0,1,1222,0,0.0207771007538555,0.0501699095809266,0.000536555841609934,0.0066124358312693,0.174042823636609,0.0066124358312693,0.00506682233891083,0.00190696582461191,,0.00589497704936049,0,0,0.000325011471395086,0.0231838957209246,,0.0228588842495295,0,0,<0.01,0.01-0.05
Siaya,Gem,Central Gem,1.41688684697364,0.0397983158933307,1.15457573634482,0.971063485980719,0.481325545481162,1.06910155539274,0.602499701381112,-0.300387045380336,-0.36485831334565,1.30198822413453,0,214047,2.71519393305095e-07,0,1,1223,0,0.0581179115787757,0.243974243564487,0.00161068326451982,0.0162005970329441,0.294489738032394,0.0162005970329441,0.0637892815579305,0.0117495314013813,,0.0133281743305969,0,0.1,0.00110285791095636,0.0507691548336559,0.1,0.0496662969226995,0,1-5,0.01-0.05,0.01-0.05
Siaya,Gem,East Gem,1.42914631995466,0.135498934817912,1.3582067224472,0.852337054354125,0.521200154029743,1.01509574603878,0.675174818505851,-0.324960362512018,-0.54524624334193,1.1193343208785,0,248375,3.46802485705317e-07,0,1,1224,0,0.086137067387058,0.772703824904304,0.00142717236038834,0.0157323205154981,0.483219782801655,0.0157323205154981,0.359434350458445,0.0471676647692529,,0.014803100237122,0,0.2,0.000973314920607377,0.0579882682377765,0.2,0.0570149533171691,0,1-5,0.01-0.05,0.05-0.15
Siaya,Gem,North Gem,1.32925935154086,0.103061151448292,1.06804175799034,0.948761797933767,0.430675190693782,0.901805126877413,0.557268921459178,-0.265868728115304,-0.186362946380606,1.42537374285495,0,322757,2.384518625386e-07,0,1,1225,0,0.0769620077973711,0.262728219437258,0.00147996378532001,0.018732291608204,0.461818325511769,0.018732291608204,0.0405561440147582,0.0108731915542314,,0.0139707945987731,0,0.1,0.000952170044900523,0.0604662738669069,0.1,0.0595141038220064,0,1-5,0.01-0.05,0.05-0.15
Siaya,Gem,South Gem,0.932881364118497,0.306925595531569,0.654181117656156,0.943440644863742,0.658760086111807,0.711846585838873,0.629358409187681,-0.39659862852126,-0.319135989563506,0.820208060977581,0,363826,1.97918172244327e-07,0,1,1226,0,0.0720077769349647,0.187159400318293,0.00210894994688415,0.0211464775239226,0.403622474977378,0.0211464775239226,0.0257310010122959,0.00754587129866954,,0.0154719799619352,0,0.1,0.00143453135192331,0.0612045370592767,0.1,0.0597700057073534,0,1-5,0.01-0.05,0.05-0.15
Siaya,Gem,West Gem,1.00366954461464,0.222682242641786,0.994999737458113,0.782052914313937,0.577812844035273,0.812508984725258,0.620976675471422,-0.318960791837808,-0.315220381672949,1.01855051123263,0,259619,3.02656667806196e-07,0,1,1227,0,0.0785754214391767,0.316551506867938,0.00109505431912704,0.0163349884402704,0.560726195180164,0.0163349884402704,0.0722641357057333,0.0145806228240835,,0.0139612654575033,0,0.2,0.00059822870784943,0.0696207176041771,0.2,0.0690224888963277,0,1-5,0.01-0.05,0.05-0.15
Siaya,Gem,Yala Township,1.54840560723002,-0.041450926843826,1.52504947733682,1.2264053867404,0.426423710843184,1.18954573456545,0.632786692969271,-0.2994248931247,-0.475105567971018,1.33410327822012,0,205209,3.97545161840984e-07,0,1,1228,0,0.0815798451162265,0.290237898296076,0.00152423214564789,0.0189380444561111,0.615131854326379,0.0189380444561111,0.0564534353748056,0.0127485569696692,,0.0138041892629698,0,0.3,0.000885945293513551,0.0577336681992672,0.3,0.0568477229057537,0,1-5,0.01-0.05,0.05-0.15
Siaya,Rarieda,East Asembo,0.475632538689502,0.594964786541263,0.598022982219218,0.578201339110668,0.803605176211898,0.681058240085465,0.548539603198953,-0.351197719830582,-0.0743805306391327,0.597949071894062,0,353370,1.88279597910135e-07,0,1,1229,0,0.0665323615135045,0.520962315019774,0.00111768842476646,0.0136374666636242,0.304602615706868,0.0136374666636242,0.208798239875085,0.0296798350945555,,0.0104028183712233,0,0.1,0.00072366729858789,0.0401883843762904,0.1,0.0394647170777025,0,1-5,0.01-0.05,0.01-0.05
Siaya,Rarieda,North Uyoma,0.15388249858275,0.671824861054393,0.599712627575311,0.824879734201818,1.05959585313633,0.878460921363136,0.479745951927781,-0.465565927159677,-0.234547699013521,0.500985076375624,0,227899,2.57253040615202e-07,0,1,1230,0,0.058627710703164,0.253144295437344,0.000927949540945115,0.0112695518992887,0.475940012685904,0.0112695518992887,0.0572060206012013,0.011623151922092,,0.00643858378317805,0,0.2,0.000474661593843065,0.0250081746746223,0.2,0.0245335130807792,0,1-5,<0.01,0.01-0.05
Siaya,Rarieda,South Uyoma,0.11263642052022,0.714368765815866,0.676087921323249,0.547180794333059,1.17008556944755,1.01675932047953,0.455609103071606,-0.288501025554498,-0.146826237513855,0.537600030104451,0,186168,1.27572754618509e-07,0,1,1231,0,0.0237499645818185,0.0613912827780777,0.000464739239965677,0.00738689855979998,0.198304071389739,0.00738689855979998,0.00639238626034003,0.00234565282590676,,0.00714965658193332,0,0.1,0.000337609660407208,0.0307254343763567,0.1,0.0303878247159495,0,1-5,<0.01,0.01-0.05
Siaya,Rarieda,West Asembo,0.0419598285016714,0.595189544728075,0.598022906341496,0.206401868050414,0.911061043866865,0.763750113907742,0.530156825554754,-0.515107194994235,-0.236700540767715,0.435766751282102,0,323490,8.43308673449044e-08,0,1,1232,0,0.0272801922774031,0.0623861064032491,0.000517686144161718,0.00811404899550747,0.203377119974288,0.00811404899550747,0.00613292764856234,0.00236070230772837,,0.00549247002302286,0,0.1,0.00034790749590234,0.020565225628209,0.1,0.0202173181323066,0,1-5,<0.01,0.01-0.05
Siaya,Rarieda,West Uyoma,0.135944461643061,0.672179886392528,0.615859261270817,0.508793768294961,1.0939592399,0.887911587287251,0.42858731992407,-0.443366932909831,-0.237512212342383,0.425399257519676,0,283735,9.00784894033831e-08,0,1,1233,0,0.0255584201908689,0.128396043528104,0.00056969476187305,0.00654002309102559,0.139976214586235,0.00654002309102559,0.037983034435483,0.00646249742624399,,0.00564771291206109,0,0,0.000378869001009832,0.020771532242302,,0.0203926632412921,0,0,<0.01,0.01-0.05
Siaya,Ugenya,East Ugenya,1.58334339040444,0.174160008618883,0.646145611266375,1.01167573116123,0.347062014847202,0.883941811759646,0.407788827257274,-0.220261779911128,-0.364656795008409,1.48222651945026,0,276806,2.26722667866726e-07,0,1,1234,0,0.062758194801517,0.197086029890067,0.00189405981164761,0.0204177903942743,0.342849460146762,0.0204177903942743,0.0298746847927887,0.00812184846102253,,0.0213049143194435,0,0.1,0.00138957177594894,0.0964848212379704,0.1,0.0950952494620214,0,1-5,0.01-0.05,0.05-0.15
Siaya,Ugenya,North Ugenya,1.57648068882557,0.208326550027035,0.5378726507643,0.780677653308438,0.448750927478453,0.85791033416197,0.422643913808379,-0.284189557285863,-0.436976219810369,1.07588732272281,0,285978,9.52585999086088e-08,0,1,1235,0,0.0272418638846641,0.0714716723069708,0.000816336537856771,0.010090644235373,0.188298371861068,0.010090644235373,0.0098202675318622,0.00288122097936978,,0.0127390943685758,0,0.1,0.000519878130704498,0.0587579674930524,0.1,0.0582380893623479,0,1-5,0.01-0.05,0.05-0.15
Siaya,Ugenya,Ukwala,1.45588401647252,0.224299884273388,0.559459708180385,0.439530961795614,0.554325962406473,0.871094589766885,0.58019126466817,-0.376034981712122,-0.371786419438709,0.765918796928477,0,286764,4.35191073716808e-08,0,1,1236,0,0.0124797133063327,0.0391616460579011,0.000393769424495456,0.00466208053228497,0.0555078556646587,0.00466208053228497,0.00862281870926779,0.00178375492408321,,0.00626722231731577,0,0,0.000284404198017436,0.0263286021404589,,0.0260441979424415,0,0,<0.01,0.01-0.05
Siaya,Ugenya,West Ugenya,1.13616184679495,0.255749475203113,0.55781919852033,0.653560213550003,0.626032369143473,0.964729931813599,0.661135855860575,-0.407815299974181,-0.469773642436886,0.419541827412244,0,329283,4.90429071225171e-08,0,1,1237,0,0.0161489955860238,0.0460270151008049,0.000357889577142957,0.00503833670761422,0.124124300973537,0.00503833670761422,0.00780505830520644,0.0019491372464724,,0.00589090163276491,0,0,0.0002363745764571,0.0313553671119341,,0.031118992535477,0,0,<0.01,0.01-0.05
Siaya,Ugunja,Sidindi,1.40294723076507,0.141109261130555,1.06804207122921,0.913889032119864,0.369128724556544,0.981210569596798,0.34768102374183,-0.309418978969187,-0.00161651247685206,1.66611595957804,0,270976,2.24773592885104e-07,0,1,1238,0,0.060908249105634,0.306616694461614,0.00143566381217679,0.0147754750208324,0.343272250123745,0.0147754750208324,0.0743180117893484,0.0143963549998981,,0.0159021048799717,0,0.1,0.000995502521232513,0.0699776373433385,0.1,0.068982134822106,0,1-5,0.01-0.05,0.05-0.15
Siaya,Ugunja,Sigomere,1.39640299778239,0.145561493527512,1.06178649496972,0.842868829397549,0.34544748566626,0.936587620020571,0.386693245365806,-0.282238001164368,-0.1878747253875,1.56003621797719,0,305781,5.9575175171206e-07,0,1,1239,0,0.182169566390265,0.821842322963088,0.00438988348931641,0.0436999419548727,0.964984182797381,0.0436999419548727,0.20341285621668,0.0388538948009715,0.1,0.0375033485073983,0,0.3,0.00290073889387487,0.160948783714131,0.3,0.158048044820256,1-5,1-5,0.01-0.05,0.15-0.30
Siaya,Ugunja,Ugunja,1.39315550709572,0.183772279313138,0.856750288274657,0.635201224237082,0.475771871978612,0.826071008570647,0.486654492514813,-0.404581511767309,-0.365716987868314,1.10872699542348,0,457053,8.61356851349381e-08,0,1,1240,0,0.0393685732979789,0.145070264280467,0.000993009967744006,0.0102987369508162,0.239687721616659,0.0102987369508162,0.0277533669468598,0.00634280160469864,,0.00847283375528017,0,0.1,0.000677056986289914,0.0295189001412317,0.1,0.0288418431549417,0,1-5,<0.01,0.01-0.05
Taita Taveta,Mwatate,Bura,-1.11354017409215,0.384611958022952,-0.792298204375507,-0.695579082279133,1.86445961996085,1.32418831145869,0.0778066090711452,-0.273193876310018,-0.968151417260006,-0.825015048321952,0,226831,1.36434549174523e-08,0,1,1241,0,0.00309475852238062,0.00952865750077834,4.3306056566063e-05,0.000820460689702571,0.0204479949243428,0.000820460689702571,0.00141077206503968,0.000390547667158363,,0.00084283125178956,0,0,3.27360499838071e-05,0.00355902245186502,,0.00352628640188121,0,0,<0.01,<0.01
Taita Taveta,Mwatate,Chawia,-1.08715184093528,0.609198209018813,-0.888024781743563,-1.14124720687494,2.55952858292837,1.29784113257043,-0.0644904377063147,0.0833376419273048,-0.760883685970574,-0.784600035512565,0,168254,3.08663662732494e-09,0,1,1242,0,0.000519338959093931,0.00198928276333278,6.28116394627911e-06,0.000175756984258948,0.00250453655073798,0.000175756984258948,0.000528929785437365,9.63591013081774e-05,,0.000278338577353391,0,0,4.75730993579777e-06,0.0014795672303925,,0.0014748099204567,0,0,<0.01,<0.01
Taita Taveta,Mwatate,Mwatate,-1.19515113956795,0.544315487056378,-0.927031074735422,-0.992879217028489,1.63969158465003,1.27866523818555,-0.204109818735666,-0.127350579690069,-0.77814491890887,-0.784077418255722,0,156417,2.54234407439748e-08,0,1,1243,0,0.00397665833085031,0.015302867388015,7.02885177054002e-05,0.00102256230136344,0.0321840301217372,0.00102256230136344,0.00304128557771518,0.000676266945588411,,0.00123959959769449,0,0,5.26939658374968e-05,0.00553470009203683,,0.00548200612619934,0,0,<0.01,<0.01
Taita Taveta,Mwatate,Ronge,-0.990931544959258,0.47066067192881,-0.442965600982456,-0.730834249421391,1.41362203764254,1.20969205060734,-0.048630714140038,-0.205755474294028,-0.916530534187497,-0.744839023710722,0,131958,1.0524575428605e-07,0,1,1244,0,0.0138880192440786,0.110968404785148,0.000136761258786332,0.00220551173651271,0.0598794649972477,0.00220551173651271,0.0416286252887015,0.00614195450984557,,0.00249658809909734,0,0,8.76767961434833e-05,0.0122224700148337,,0.0121347932186902,0,0,<0.01,0.01-0.05
Taita Taveta,Mwatate,Wusi/Kishamba,-0.613549277187995,0.164454018530859,-0.312328098955847,-0.514859194944059,1.54215765519392,1.36520348505691,-0.120220097916736,-0.442166744876625,-0.921690300214701,-0.822709746625333,0,126526,1.81957956877057e-08,0,1,1245,0,0.00230224124518265,0.0112167519178401,3.98838794830034e-05,0.000671779746562156,0.0119274792260593,0.000671779746562156,0.004295726624623,0.000626390446879081,,0.00096504896247469,0,0,3.07201103522331e-05,0.00472374785634327,,0.00469302774599104,0,0,<0.01,<0.01
Taita Taveta,Taveta,Bomani,-1.16267778633552,0.650705237763114,-1.65050291966834,0.132157998180152,1.32000662336012,0.998497917208541,-0.320127812993868,-0.538252671061944,-0.844519637619175,-0.377039328242984,0,154970,1.60569113950253e-07,0,1,1246,0,0.0248833955888706,0.160138328658663,0.000264910854581075,0.00498259332272859,0.119930435114098,0.00498259332272859,0.0634540309299995,0.00907720388169133,,0.00474931839949093,0,0.1,0.000199869978400411,0.0234368862957415,0.1,0.0232370163173411,0,1-5,<0.01,0.01-0.05
Taita Taveta,Taveta,Chala,-1.21452791078278,0.301410111000643,-0.996688142909283,-0.0302228581576703,1.1312875978343,1.08308971975982,0.00745193316243952,-0.237296169855844,-0.726003910841581,-0.772251760258202,0,224161,2.03844681282884e-07,0,1,1247,0,0.0456940276010527,0.167003972033013,0.000323403479133881,0.0081045166493706,0.355763774400304,0.0081045166493706,0.0316521724408439,0.00728298845530339,,0.004180527189578,0,0.2,0.000165857629729452,0.0185914828808569,0.2,0.0184256252511274,0,1-5,<0.01,0.01-0.05
Taita Taveta,Taveta,Mahoo,-1.18269981327324,0.469475570553079,-1.56963792335778,0.128009329628361,1.2801858892805,1.01380839775834,-0.367986176857027,-0.523285614356254,-0.739523437046469,-0.47052665226966,0,156886,7.67378622438998e-08,0,1,1248,0,0.0120390962559965,0.0487388555514741,0.000199357943510996,0.00281263532218523,0.069745638522804,0.00281263532218523,0.00974369531132852,0.00215750334113603,,0.00260625630927984,0,0,0.00014108523952566,0.0113116181940687,,0.0111705329545431,0,0,<0.01,0.01-0.05
Taita Taveta,Taveta,Mata,-1.14747395430418,0.510261605338598,-0.860034604789196,-0.760153015149067,2.03123417626546,1.02726533772565,-0.222885541913241,-0.31149612452885,-0.770821126684773,-0.574082107985781,0,112458,7.40410608488539e-09,0,1,1249,0,0.000832650962094041,0.00152464251689252,2.21093922873856e-05,0.000358947772072506,0.00474496456633854,0.000358947772072506,0.000157378015984593,5.8166889392115e-05,,0.000580668273798264,0,0,1.65121048814549e-05,0.00331135758549319,,0.00329484548061173,0,0,<0.01,<0.01
Taita Taveta,Taveta,Mboghoni,-1.00372854111742,0.699561031454625,-1.22935050021679,-0.270889276345536,1.56524832079141,0.863203546292849,-0.134734291042458,-0.335493329788502,-0.830076905968635,-0.152671764923972,0,244522,4.6092126247757e-08,0,1,1250,0,0.011270538894354,0.0772344507270579,0.000146634895720876,0.002719784605085,0.0504023125290711,0.002719784605085,0.032152806890454,0.00447588984012332,,0.00290474896121316,0,0,0.000106336628845587,0.0137624476652232,,0.0136561110363776,0,0,<0.01,0.01-0.05
Taita Taveta,Voi,Kaloleni,-1.32698884751995,0.813763023182325,-1.33009501019751,-1.24860990577753,1.38209012929883,1.07487333292173,-0.232807998346724,-0.121260689320782,-0.755731683613885,-0.63542158744162,0,231448,2.95278447673504e-08,0,1,1251,0,0.00683416061571373,0.0219370703409952,9.56859279056303e-05,0.00189165611313698,0.0447103495196031,0.00189165611313698,0.00301764098841121,0.00088456344836994,,0.00236055647782773,0,0,8.53708930841598e-05,0.0116349070630714,,0.0115495361699872,0,0,<0.01,0.01-0.05
Taita Taveta,Voi,Kasigau,-1.02207116630903,0.820824526963838,-0.867304829766419,-1.40884910178792,2.3166270151209,1.41460020312469,-0.0375120681048085,0.495663699794544,-0.708413682447681,-0.453303741374147,0,115398,9.39039966193098e-09,0,1,1252,0,0.00108363334018751,0.00411949785345782,1.9630438687888e-05,0.000377351284859738,0.00530758744135234,0.000377351284859738,0.00113569234081651,0.00020209745069478,,0.000634743994064776,0,0,1.67123938024269e-05,0.00322345563836592,,0.00320674324456349,0,0,<0.01,<0.01
Taita Taveta,Voi,Marungu,-1.05705012270238,0.971808504617989,-1.13163751773373,-1.44409149560814,1.98976276937383,1.37851120207595,-0.223814835649207,0.18465202442713,-0.718040681459633,-0.360953859050294,0,77625,2.97057143235984e-08,0,1,1253,0,0.00230590607436932,0.00510516946169846,6.84008542218418e-05,0.000981752511075114,0.0126350037869332,0.000981752511075114,0.000881347964275936,0.000217180972966322,,0.00184581266128755,0,0,5.64165814398993e-05,0.00979420082206335,,0.00973778424062345,0,0,<0.01,<0.01
Taita Taveta,Voi,Mbololo,-1.17452371363193,0.781812777078065,-0.972074402496963,-1.01215708719512,1.32187927262342,1.01604415991475,-0.274399857405798,-0.241413223780442,-0.72302561480298,-0.734491943162132,0,315852,9.51961528697369e-08,0,1,1254,0,0.0300678952762121,0.191586804896598,0.000438594444356087,0.0062529178516564,0.183103087269749,0.0062529178516564,0.069920471214816,0.0104806656132967,,0.0056416634599576,0,0.1,0.000265905397270851,0.0259054779194999,0.1,0.0256395725222291,0,1-5,<0.01,0.01-0.05
Taita Taveta,Voi,Ngolia,-1.02491908338792,0.723654912661678,-0.725904863181032,-1.19575389920714,1.24121043879952,1.12499959478341,0.233824096457668,-0.0139883819284876,-0.944433235254813,-0.64330547231781,0,100141,3.84418287728347e-07,0,1,1255,0,0.0384960317514044,0.13600268562619,0.000680970114475904,0.0104140345211986,0.255569323237615,0.0104140345211986,0.025578336325075,0.00591849857568718,,0.012876080859111,0,0.3,0.000559513494050621,0.0613153227062345,0.3,0.0607558092121839,0,1-5,0.01-0.05,0.05-0.15
Taita Taveta,Voi,Sagala,-1.31284544499057,1.16709601074077,-1.21122780217937,-1.50251720280643,1.95420698376205,1.1200645781736,-0.108170882083594,0.223549241251886,-0.763694350334455,-0.447384777446588,0,156629,3.41016006037055e-08,0,1,1256,0,0.00534129960095779,0.0132159266870565,0.00014548574578185,0.00206927952757077,0.0297737943411919,0.00206927952757077,0.00207441308740841,0.000549121700494471,,0.00298334072526999,0,0,0.000108546699055235,0.0139919479074045,,0.0138834012083493,0,0,<0.01,0.01-0.05
Taita Taveta,Wundanyi,Mwanda/Mgange,-0.887262763084789,0.151903336185954,-0.387410845277497,-0.79176060051842,1.64244497918774,1.27938782317586,0.38616203395896,-0.0136440384713169,-1.0310843422669,-0.835428148852934,0,103508,6.69229372120971e-08,0,1,1257,0,0.00692705938494975,0.016123541720156,0.000203177416485875,0.00281377321720723,0.0376445467403402,0.00281377321720723,0.00223821381807358,0.000651428228955907,,0.00303272269540694,0,0,0.000133276956500658,0.0139042588833388,,0.0137709819268381,0,0,<0.01,0.01-0.05
Taita Taveta,Wundanyi,Werugha,-0.657771193285023,0.114315475712037,-0.312328135921915,-0.786974862530253,1.52480939422922,1.33172821018033,0.311365123157067,-0.323875239726866,-1.0926021787507,-0.783828744056305,0,65539,6.40521990079424e-08,0,1,1258,0,0.00419791707078153,0.010475711628422,0.000151195518054651,0.00171401170255417,0.0222186639856617,0.00171401170255417,0.00166365789679042,0.00043649005259291,,0.00254309479466152,0,0,0.000120279984301989,0.010570706686443,,0.010450426702141,0,0,<0.01,0.01-0.05
Taita Taveta,Wundanyi,Wumingu/Kishushe,-1.03415604828187,0.743102879401319,-0.729571349166618,-1.12012545445075,1.22980933954747,0.99869224373991,0.350604602625854,0.0231966025124976,-0.948904310802325,-0.738077175665501,0,149776,2.78023614143621e-07,0,1,1259,0,0.041641264831975,0.178119313343313,0.000819268829110531,0.0116652360184637,0.212440010834387,0.0116652360184637,0.0458164057235095,0.00853031118007419,,0.0103546261189569,0,0.1,0.000611348035128687,0.0446276629544427,0.1,0.044016314919314,0,1-5,0.01-0.05,0.01-0.05
Taita Taveta,Wundanyi,Wundanyi/Mbale,-0.507096857843394,0.209931214047958,-0.312328165105662,-0.344611568899473,1.46658541433043,1.37445468586968,0.205365924135858,-0.438302054975962,-1.05468651248717,-0.762571170575335,0,150536,4.19266653891128e-08,0,1,1260,0,0.00631147250101549,0.0178004622008956,0.00016773586932423,0.00204062354465197,0.0398042536317639,0.00204062354465197,0.00356339733766009,0.000788269075489359,,0.00224638519569383,0,0,0.000125728000294993,0.00965496908250069,,0.0095292410822057,0,0,<0.01,<0.01
Tana River,Bura,Bangale,-1.52704102841471,1.71678186103342,-1.38355927404817,-1.91905576650719,0.0670953238525687,-0.565201413426939,0.770779749923276,2.09584607787979,-0.76250878393626,-0.256302278904225,0,184460,8.35027308274699e-05,0,1,1261,0,15.4029137284351,41.808682328969,0.373353446302321,4.07646925877836,107.521842165467,4.07646925877836,5.93814405120573,1.69766782681954,8.4,0.494351392099951,0.2,58.3,0.15607179691137,0.809254557849718,58.1,0.653182760938349,5-17,51-93,0.30-0.50,0.50-0.70
Tana River,Bura,Chewele,-1.68575024822194,1.90531476632951,-1.27469585832131,-2.00745034830241,-0.0267742892692197,-0.5427068188238,0.474844884278103,1.96684427633067,-0.906220147165019,-0.390981226128612,0,227384,0.000206158773190273,0,1,1262,0,46.877206483097,206.253278623672,0.665462956945855,10.4451567124832,275.750993106295,10.4451567124832,80.0030485093004,11.5821384142078,20.6,0.547510316297037,0.3,121.3,0.148411976324369,0.864571430655099,121,0.71615945433073,17-51,93-191,0.50-0.70,0.70-0.90
Tana River,Bura,Hirimani,-1.68741790760988,1.80873040719352,-1.37716919964319,-1.66645826720836,0.417019035741995,-0.0215589529970969,0.47075565958638,2.04602784332293,-0.843258570975672,-0.445695127577752,0,273034,0.000121899237219256,0,1,1263,0,33.2826363349222,85.1829575293798,0.412024842235252,9.25966761256606,255.700929716458,9.25966761256606,12.1737241186184,3.4636555526495,12.2,0.381624805025466,0.2,93.7,0.0977997929120518,0.738341030433294,93.5,0.640541237521242,5-17,93-191,0.30-0.50,0.50-0.70
Tana River,Bura,Madogo,-1.80579457630211,1.89258330937553,-1.46630081716279,-2.28304807669684,-0.527485138306616,-0.645615020984909,0.250512040607298,1.83619712834232,-0.626766822134741,-0.265816753604338,2,674701,3.95084604088399e-06,0,1,1264,1,2.66563977463047,1.54190018953613,0.947109136525554,2.27588453851202,6.41357189937141,2.27588453851202,0.136819112900828,0.0574123657200018,0.4,0.732968213482214,0.1,1,0.426733285656097,0.954144291585421,0.9,0.527411005929324,1-5,1-5,0.70-0.90,0.50-0.70
Tana River,Bura,Sala,-1.75610819164535,1.88639312938871,-1.78321102482809,-2.5903345542777,-0.994742371577351,-1.04735223080202,-0.76753052429246,0.910430768712651,-0.436497657935941,-0.337378111752199,0,216651,1.82617146648628e-05,0,1,1265,0,3.95641874385718,15.5798723680903,0.196318986722138,0.949177213640194,26.6510712968754,0.949177213640194,3.65274447061284,0.723698668133319,1.8,0.466284034696724,0.1,12.3,0.122684795938371,0.836568491231755,12.2,0.713883695293384,1-5,5-17,0.30-0.50,0.70-0.90
Tana River,Galole,Chewani,-1.49066204357973,1.92366307347604,-0.860476538106976,-1.34492022168063,-0.193495397326926,0.218877658801206,-0.331149456982673,1.71309481951383,-0.947212597975687,0.655120819176634,0,488955,0.000416878643186591,0,1,1266,0,203.8348969793,637.638700444269,1.95374780528038,52.4537917663549,1326.536665334,52.4537917663549,100.172385273732,26.4993640990751,41.7,0.654832623159683,0.4,271.3,0.259760551577704,0.918528055725666,270.9,0.658767504147962,17-51,258-788,0.50-0.70,0.50-0.70
Tana River,Galole,Kinakomba,-1.37426663475321,1.84775815110759,-1.03022432064002,-1.23863234460491,0.446510704306591,-0.0450769068140451,-0.795177556828682,1.54150551600336,-1.1171843243158,0.459314214028498,0,112049,6.95970849484771e-05,0,1,1267,0,7.79828377139191,26.9925351075196,0.206294652268083,1.57110898141168,57.1747521627357,1.57110898141168,4.64702972368509,1.14748287324516,7,0.40740129512339,0.2,51,0.0930954919385024,0.804004294727244,50.8,0.710908802788742,5-17,17-51,0.30-0.50,0.70-0.90
Tana River,Galole,Mikinduni,-1.62533284234825,1.88412359080647,-0.67566636409632,-1.16573100410244,0.0215379817602505,0.160468857836638,-0.678255467295557,1.67005620022042,-1.04352703022935,0.716269658364769,0,148463,0.000353257406923455,0,1,1268,0,52.4456544040769,147.223841686173,0.608419821861238,11.7746123798197,441.554034456173,11.7746123798197,18.9894914844236,5.85662755006652,35.3,0.570846504114573,0.4,297.4,0.140600281108317,0.914528603865247,297,0.77392832275693,17-51,258-788,0.50-0.70,0.70-0.90
Tana River,Galole,Wayu,-1.61924491415477,1.78315841120681,-1.36402410033942,-1.70140581017834,1.94884067747912,-0.494066572890843,0.68755288961421,2.42912903422979,-0.920796041855115,0.261833950142749,0,80362,1.30407733178038e-05,0,1,1269,0,1.04798262536535,3.29876383278377,0.0289460260858036,0.298436450688753,5.9879089893165,0.298436450688753,0.721824507196911,0.149968262019252,1.3,0.132758086299315,0,7.5,0.0155367365339414,0.410885649234009,7.5,0.395348912700068,1-5,5-17,0.05-0.15,0.30-0.50
Tana River,Garsen,Garsen Central,-1.12296402858985,1.6764663172463,-1.79411064130742,0.25921689354594,0.906213023614562,0.0874262757358861,-0.348566689096684,1.70731274309074,-1.06770579496061,1.10404531071623,0,44615,0.000287949805810568,0,1,1270,0,12.8468805862385,45.3662764810228,0.239820551913305,1.97699651933292,89.6023747101479,1.97699651933292,7.31377389455162,1.89717130237487,28.8,0.427555966846609,0.5,200.8,0.0927904472332511,0.807355506264232,200.3,0.714565059030981,17-51,191-258,0.30-0.50,0.70-0.90
Tana River,Garsen,Garsen North,-1.05632002777437,1.77773875054703,-0.854948874449406,-0.816487356975409,1.09274024479507,0.360476779053152,-0.78736848313182,1.6185560101701,-1.1002106687478,0.707699272119909,0,63358,4.18884780185574e-05,0,1,1271,0,2.65397019029976,13.1334953173047,0.0294516057499188,0.476760352170121,15.808185106663,0.476760352170121,3.20463176540428,0.617996297234465,4.2,0.159940397118291,0,25,0.0149719577186087,0.487331429487231,25,0.472359471768622,1-5,17-51,0.15-0.30,0.30-0.50
Tana River,Garsen,Garsen South,-1.2903046076153,1.59477001335918,-1.33808804062154,-1.55470553718975,2.51128433694042,0.136894088481172,-0.462748574602499,1.6848158532902,-0.938191438574533,0.9120266574266,0,175722,7.93856667600183e-07,0,1,1272,0,0.139498081344039,0.497111468815088,0.00198221125020195,0.0275669219018966,1.13744430273375,0.0275669219018966,0.0641920386193239,0.0197799059182055,0.1,0.0183614378571267,0,0.6,0.00123173847457382,0.0783201578311939,0.6,0.0770884193566201,1-5,1-5,0.01-0.05,0.05-0.15
Tana River,Garsen,Garsen West,-1.2769720247561,1.67449449206754,-1.33164687131858,-1.61682060556841,2.8278606049795,0.0250760519544284,-0.24340870672891,1.8094563527596,-0.902220878579399,0.747247206923039,0,102202,4.47725800959959e-07,0,1,1273,0,0.0457584723097097,0.25445991460536,0.000881730697303026,0.0104357830192714,0.26956254403155,0.0104357830192714,0.0932828033996874,0.013946451539023,,0.0102839447469612,0,0.3,0.000625014550230775,0.0439108752338965,0.3,0.0432858606836657,0,1-5,0.01-0.05,0.01-0.05
Tana River,Garsen,Kipini East,-1.87881110163665,1.57789063144096,-1.61566551566899,-0.731877936275795,1.66107258830174,0.276940862334744,0.00352760360541921,1.65077487200998,-1.12588566754821,1.47068257211845,0,133799,0.000148612405928758,0,1,1274,0,19.8841913008618,76.4854852029669,0.14286898359398,3.2962015330209,118.640960179847,3.2962015330209,13.4480563181208,3.26921317319441,14.9,0.243692687055691,0.1,88.7,0.0343504352223663,0.619623157218243,88.6,0.585272721995876,5-17,51-93,0.15-0.30,0.50-0.70
Tana River,Garsen,Kipini West,-1.3027175463401,1.57771652101036,-1.50647142867333,0.310168078468231,1.5432958385954,0.227993363885947,-0.0904675680559988,1.88374518386434,-0.892413274182804,1.11969654316389,0,67590,0.000179568453217376,0,1,1275,0,12.1370317529624,41.7439741990706,0.0940787856014206,2.3696676051045,85.9773258200804,2.3696676051045,10.3902800745389,1.9771993818158,18,0.195988224722575,0.1,127.2,0.0229806719653348,0.551558625212833,127.1,0.528577953247498,17-51,93-191,0.15-0.30,0.50-0.70
Tharaka-Nithi,Chuka,Karingani,0.178587288603729,-0.0735312296516778,-0.17907147852894,1.05451106659712,-0.948348653927547,-0.225420024348176,0.365660511857581,-0.758428249973052,-1.00756578907759,-1.23595615086257,0,296192,1.54228524167885e-06,1,1,1276,0,0.456812550303342,1.61074998970135,0.00503327152706851,0.0861602974236291,3.19684653777472,0.0861602974236291,0.270813309823766,0.0680641246801292,0.2,0.0441682431247374,0,1.1,0.00260449887178774,0.19276565853705,1.1,0.190161159665263,1-5,1-5,0.01-0.05,0.15-0.30
Tharaka-Nithi,Chuka,Magumoni,0.68623892236905,-1.07078660149707,0.308404565072406,1.14719801681702,-0.386780198853829,-0.336291865409156,0.239425744296237,-0.686410325261764,-1.02425328909147,-1.10193168345965,0,327928,6.23093973512648e-08,1,1,1277,0,0.0204329960546056,0.0631651299232178,0.000461042696488481,0.00608807706412453,0.127167472763829,0.00608807706412453,0.0104886632660357,0.00266081810320252,,0.006179073653033,0,0,0.000271412700133922,0.0253409021953652,,0.0250694894952313,0,0,<0.01,0.01-0.05
Tharaka-Nithi,Chuka,Mugwe,0.0756214879905535,0.0784983225262826,-0.187335281561168,1.1001485495539,-0.939624953819072,-0.342907669401489,0.605182035603407,-0.480684351331963,-0.994626670049764,-0.9507460917537,0,219260,4.82771528316519e-06,1,1,1278,0,1.0585248529868,3.02854833659025,0.0142450392650956,0.259845309251768,6.7559488185416,0.259845309251768,0.483553739448796,0.126353731230391,0.5,0.0919668030971923,0,3.1,0.00787023578278697,0.284180190682867,3.1,0.27630995490008,1-5,1-5,0.05-0.15,0.15-0.30
Tharaka-Nithi,Igambang'ombe,Igambang`Ombe,-0.121651200642928,0.674856010009329,-1.19414071846094,-0.0162892927072538,-1.12523993191458,-0.213697550652989,0.582854574657434,-0.158129493957626,-0.902569007456786,-0.483996426196602,0,370752,8.32229227996037e-06,1,1,1279,0,3.08550650737987,11.4511612678804,0.066897574069918,0.750337655713774,17.8417567599401,0.750337655713774,2.88572368416088,0.544626705400852,0.8,0.216644359957096,0,4.8,0.0327103214958224,0.555953249417602,4.8,0.523242927921779,1-5,1-5,0.15-0.30,0.50-0.70
Tharaka-Nithi,Igambang'ombe,Mariani,-0.00524536463798179,0.536725969894056,-0.985259065228887,0.710969909424969,-1.057289521878,-0.264768663501219,0.667615692281383,-0.371336636571615,-0.983807940861051,-0.933245117885645,0,160919,9.76794714763938e-06,1,1,1280,0,1.57184828705098,8.82108342745098,0.0249270303988014,0.306702782360238,9.80514770528201,0.306702782360238,3.16998452340047,0.479434575439674,1,0.147560303057836,0,6.1,0.0151020389070644,0.447455034555385,6.1,0.43235299564832,1-5,5-17,0.05-0.15,0.30-0.50
Tharaka-Nithi,Muthambi,Mitheru,0.18995544511862,0.00641435948265428,-0.318388272542869,1.08666577592687,-0.98946361130651,-0.030377221413786,0.551835003176539,-0.722513224342311,-1.00396293497644,-1.23275989107657,0,130046,6.418482797215e-06,1,1,1281,0,0.834698013846622,14.5353019083716,0.00680255213685476,0.0753403291416785,2.22904753330076,0.0753403291416785,7.15572831651661,0.91221460103756,0.6,0.0532321670888539,0,1.7,0.00413096850265931,0.208069905339402,1.7,0.203938936836743,1-5,1-5,0.05-0.15,0.15-0.30
Tharaka-Nithi,Muthambi,Muthambi,0.194860835222177,0.145709087542792,-0.517276766094157,1.04978706633212,-1.0393335961157,-0.107080854409157,0.560233159113403,-0.630530924018115,-0.983430345195528,-1.17007103433988,0,198744,3.85041704223152e-06,1,1,1282,0,0.76524728464126,3.91675130909475,0.0136164585305967,0.167511403917087,4.27860694975234,0.167511403917087,1.12449673958931,0.194977970022565,0.4,0.0939979614602503,0,2.2,0.00778337404865768,0.323035376460742,2.2,0.315252002412085,1-5,1-5,0.05-0.15,0.30-0.50
Tharaka-Nithi,Mwimbi,Chogoria,0.929155596886156,-1.37740867873464,0.598923174240853,0.558137643528162,-0.439088046006261,-0.064362669197721,0.520421653476554,-0.750691735859427,-0.921144233641344,-1.28991455727109,0,353001,1.4815475477652e-08,1,1,1283,0,0.00522987765908662,0.0108668788446036,0.000142644701715476,0.00225335789986774,0.0295578848043715,0.00225335789986774,0.00148514460986138,0.000437569674498146,,0.00334700514010029,0,0,0.000114943158368037,0.0161382188350294,,0.0160232756766614,0,0,<0.01,0.01-0.05
Tharaka-Nithi,Mwimbi,Ganga,0.178207454242881,0.133390038010871,-0.268492355585398,1.44457585594207,-1.05960254377851,-0.112986534377232,0.638433925952466,-0.583080488008296,-0.956069737465539,-1.15326042649854,0,159726,9.66235938240855e-06,1,1,1284,0,1.54333001471459,5.736913192621,0.013375516296681,0.238049602688435,14.0372428568078,0.238049602688435,0.784422357214116,0.231028350200603,1,0.0927383998771218,0,8.8,0.0076961696481029,0.319376218333564,8.8,0.311680048685461,1-5,5-17,0.05-0.15,0.30-0.50
Tharaka-Nithi,Mwimbi,Mwimbi,0.279061568386418,0.335125171856294,-1.17444134922939,0.700187628964305,-1.09993214438112,-0.11242942826976,0.715434025338839,-0.468299704352939,-0.844550637875997,-1.00569284752322,0,218916,4.14237067178282e-06,1,1,1285,0,0.906831217984007,9.34830753168626,0.0183731322707656,0.165922907977687,3.66748224455709,0.165922907977687,4.35244636836311,0.570892319033466,0.4,0.100664247768762,0,1.7,0.010796023655328,0.334062162203469,1.7,0.32326613854814,1-5,1-5,0.05-0.15,0.30-0.50
Tharaka-Nithi,Tharaka North,Gatunga,-0.678359751702969,1.48271753485244,-1.07188837909078,-1.46743846717475,-1.31493562399047,-0.130836499661755,0.890453911811015,1.27278414941076,-0.774525749052034,0.806590200417567,15,292032,4.65121516750869e-05,1,1,1286,1,13.583036677979,3.79364771563779,7.65121656845979,13.1455264426859,22.1765393205765,13.1455264426859,0.105391417470524,0.126631212717912,4.7,0.879554509052479,2.6,7.6,0.649795952751912,0.986922474194533,5,0.337126521442621,1-5,5-17,0.70-0.90,0.30-0.50
Tharaka-Nithi,Tharaka North,Mukothima,-0.387649828208268,1.16283893354847,-1.04808960638698,-0.665374167335478,-1.33195341367734,-0.345933358236629,0.750874842779715,0.742763110175005,-0.258309547130457,0.159385341058629,2,269751,6.63875208157041e-06,1,1,1287,1,1.7908100127557,1.19145551640041,0.496088621195557,1.43209533767583,5.06520839756607,1.43209533767583,0.0623303694080482,0.0416192503205562,0.7,0.613332420148344,0.2,1.9,0.252291803117359,0.903883798261527,1.7,0.651591995144168,1-5,1-5,0.50-0.70,0.50-0.70
Tharaka-Nithi,Tharaka South,Chiakagira,-0.252781910602247,0.900446237025626,-1.37951136626401,-0.643608958813883,-1.25649689210441,0.00692588940547742,0.748493217577364,0.0624994691726031,-0.835289793032117,-0.119476726674768,0,262641,9.99687589201726e-06,1,1,1288,0,2.62558948115531,6.00468620306202,0.112236726257031,0.850439044052259,17.0708745686884,0.850439044052259,0.773647979320368,0.238814644799427,1,0.311535732008639,0,6.5,0.0581933218104912,0.684156721952356,6.5,0.625963400141865,1-5,5-17,0.30-0.50,0.50-0.70
Tharaka-Nithi,Tharaka South,Marimanti,-0.32398773142271,1.02080866545948,-1.51183765661743,-0.793707201573991,-1.40971347370984,-0.104236567989939,0.820528276490652,0.337226358943603,-0.702140875164664,0.0286281988749067,6,263284,1.30470043838736e-05,1,1,1289,1,3.43506750220379,1.90066923663388,0.778240253952097,3.06673228284549,7.92758380254985,3.06673228284549,0.0639240872141286,0.064147352922644,1.3,0.549552602789434,0.3,3,0.174563622169488,0.887436651230936,2.7,0.712873029061448,1-5,1-5,0.50-0.70,0.70-0.90
Tharaka-Nithi,Tharaka South,Nkondi,-0.343053633384136,1.00788352643505,-1.49146503009864,-0.293566712948951,-1.45158005238873,-0.235128289850664,0.801854773370526,0.53902669331004,-0.449264027664064,0.0314946789946045,0,117688,6.02874696603211e-05,1,1,1290,0,7.09511172938387,38.3962940154502,0.247097301775331,1.38296016948802,40.7513414856622,1.38296016948802,14.3179014427163,2.11974102543903,6,0.480568534378504,0.2,34.6,0.138418757360225,0.811360144445192,34.4,0.672941387084967,5-17,17-51,0.30-0.50,0.50-0.70
Trans Nzoia,Cherangany,Chepsiro/Kiptoror,0.243008045762815,-0.718062649699436,0.249947523050347,0.296408549530499,-0.603233920349287,0.938851802982406,0.569457630034784,-0.462609874329372,-0.556016421330466,1.49313624825217,0,309438,1.89493205290577e-06,0,1,1291,0,0.586363984587055,1.5256196648142,0.0107031823699376,0.153005004088293,4.48994854130476,0.153005004088293,0.175985925264242,0.0593746570388987,0.2,0.0708875142352771,0,1.5,0.00621472144937337,0.237710089810342,1.5,0.231495368360969,1-5,1-5,0.05-0.15,0.15-0.30
Trans Nzoia,Cherangany,Cherangany/Suwerwa,0.553775792305135,-0.875563211785851,0.455556170818202,0.602373254391873,-0.778934589620888,1.2230444081256,0.568212266105736,-0.530457335076991,-0.464842308326804,1.42134043291705,0,411202,2.65042219131618e-06,0,1,1292,0,1.0898589059136,11.6768456573064,0.00908435933688328,0.121974770518935,4.0302090165467,0.121974770518935,5.00111712683928,0.685552700955129,0.3,0.0529790961123449,0,1,0.00430421730819903,0.198800257018366,1,0.194496039710167,1-5,1-5,0.05-0.15,0.15-0.30
Trans Nzoia,Cherangany,Kaplamai,0.423252356808242,-1.08969238470806,0.186387456402115,1.22639687119237,-0.847595810194702,1.39956438442818,0.370346135614319,-0.664591122765024,-0.240415773875557,1.33583885628842,0,255001,1.92538841889208e-06,0,1,1293,0,0.490975972205899,1.98997735948901,0.00644276816660949,0.0851295249423975,3.3701887761921,0.0851295249423975,0.423690116167744,0.0897251252653577,0.2,0.0384149997179472,0,1.3,0.00255506919145134,0.13603906159788,1.3,0.133483992406429,1-5,1-5,0.01-0.05,0.05-0.15
Trans Nzoia,Cherangany,Makutano,0.748640307468437,-1.02409147475671,0.374580718902755,0.82216380660466,-0.895522946966542,1.14811181993096,0.651070637028546,-0.35456322163205,-0.54039938560472,1.41742945253192,0,171017,2.92208527364276e-06,0,1,1294,0,0.499726257242565,1.50668022036171,0.00863764293182161,0.110365665386954,3.64411125812546,0.110365665386954,0.1813670655204,0.0591160724103831,0.3,0.0667306923926406,0,2.1,0.00531061239340234,0.235641774031743,2.1,0.230331161638341,1-5,1-5,0.05-0.15,0.15-0.30
Trans Nzoia,Cherangany,Motosiet,0.419971360496224,-0.964390256761126,0.126474038576305,1.0081662609328,-0.783614166913228,1.45489030376497,0.445603579608426,-0.63710984259937,-0.240782801722877,1.48723594792901,0,377164,2.48749839685855e-06,0,1,1295,0,0.938194845352758,3.75119704133524,0.00822377052199273,0.134900007625514,7.04289760779687,0.134900007625514,0.621044371437117,0.15790156086242,0.2,0.0462790191147885,0,1.9,0.0037189293547122,0.175536525702158,1.9,0.171817596347446,1-5,1-5,0.01-0.05,0.15-0.30
Trans Nzoia,Cherangany,Sinyerere,0.626501909245789,-1.16490886236826,0.374580598276619,0.862149094562077,-1.04683399627639,1.10243684905407,0.478945347859741,-0.435992501984073,-0.505461057279527,1.16250697330769,0,229344,2.42911716763815e-06,0,1,1296,0,0.557103447694803,1.87779908206367,0.0110485572664201,0.113074537448776,4.47983087386833,0.113074537448776,0.262261372783915,0.0759680864805395,0.2,0.0612647973510742,0,2,0.00628904945852398,0.238579396966562,2,0.232290347508038,1-5,1-5,0.05-0.15,0.15-0.30
Trans Nzoia,Cherangany,Sitatunga,0.476105786906507,-1.14044066478021,0.374580728630663,1.21259050674052,-0.989423162832573,1.20029048387673,0.322471256147032,-0.500767756543545,-0.372184680517461,1.19356079744408,0,286385,3.02086135371429e-06,0,1,1297,0,0.865129378783466,3.89392735802915,0.00787064296699793,0.162578585982473,5.94384856357064,0.162578585982473,1.07489512760631,0.191119131927206,0.3,0.0516444198951661,0,2.1,0.00331088098446461,0.186203023682468,2.1,0.182892142698004,1-5,1-5,0.05-0.15,0.15-0.30
Trans Nzoia,Endebess,Chepchoina,0.530972549180033,-0.984550799549933,0.131327789285228,0.607630540851733,-0.157964076861659,1.0796377506105,0.160656799386554,0.329867552641407,-0.245447765661863,1.68205634917664,0,451410,1.55690650232386e-06,0,1,1298,0,0.702803164214013,2.11702975722278,0.00806829071360042,0.127923669127036,5.51276349416014,0.127923669127036,0.299495606248951,0.0858881243709657,0.2,0.042077554988975,0,1.2,0.00370360557592799,0.163736520300068,1.2,0.16003291472414,1-5,1-5,0.01-0.05,0.15-0.30
Trans Nzoia,Endebess,Endebess,0.489078538730957,-1.01815207832726,0.0254099062920567,0.845977536647201,-0.443287612009378,1.1587239007537,0.198343200085549,-0.132313589249748,-0.151490974326608,1.28482863635879,0,274252,1.30576309739703e-06,0,1,1299,0,0.358108140987331,2.42342176281378,0.00562182591359739,0.0684094388347659,2.42598095915811,0.0684094388347659,1.08287350461716,0.1451222588659,0.1,0.0315978154009273,0,0.9,0.00297324485221442,0.120207036598274,0.9,0.117233791746059,1-5,1-5,0.01-0.05,0.05-0.15
Trans Nzoia,Endebess,Matumbei,0.644177113888852,-1.23791669099246,0.422285261641643,0.603493581178466,-0.219262055535195,1.09114629493401,0.222362169739396,0.108193974374737,-0.151056602674711,1.43291789590113,0,329098,3.87935871507609e-07,0,1,1300,0,0.127668919441411,0.530042810450581,0.00251250986236823,0.0337924396538809,0.775717407711703,0.0337924396538809,0.141717140925552,0.0257244043604435,,0.018748972177579,0,0.2,0.0016943945597359,0.0663259732838145,0.2,0.0646315787240786,0,1-5,0.01-0.05,0.05-0.15
Trans Nzoia,Kiminini,Hospital,0.274755560050104,-1.09431353649133,0.357355994922448,0.912961369607254,-0.945268773288297,1.22314301990786,0.266751581329316,-0.660888990658084,-0.278191404326286,1.15195792101191,0,479841,3.00243159707962e-06,0,1,1301,0,1.44068977997428,14.3643796647171,0.0104026843838224,0.153990028632595,6.84643152082681,0.153990028632595,5.73691669277275,0.817076039075164,0.3,0.0489321644609616,0,1.4,0.00466107143715447,0.180621568413983,1.4,0.175960496976829,1-5,1-5,0.01-0.05,0.15-0.30
Trans Nzoia,Kiminini,Kiminini,0.666824705161061,-0.847790002583282,0.436881584845668,1.0407733587512,-0.765535531818513,1.1957521229376,0.0503223909606288,-0.614066391237605,0.065327341327906,0.805453417284419,0,424128,5.33660975056234e-07,0,1,1302,0,0.22634056202865,0.926892765504107,0.00264112322118489,0.0380157817676774,1.75754858228287,0.0380157817676774,0.197250083975475,0.0417861135376929,0.1,0.0199942784541299,0,0.4,0.00107507752757869,0.0763645387609229,0.4,0.0752894612333442,1-5,1-5,0.01-0.05,0.05-0.15
Trans Nzoia,Kiminini,Nabiswa,0.625450258617032,-0.736455782214723,0.448906261872033,1.12321291137054,-0.76256195096219,1.20329196422754,0.0391831361117165,-0.563779144517229,0.0317516319989129,0.852147539453797,0,367717,6.84730056795881e-07,0,1,1303,0,0.251786882294811,0.806709013226631,0.00392305714230082,0.0541839775067671,1.8836950871516,0.0541839775067671,0.103781874973406,0.0320741210030063,0.1,0.0232427956175269,0,0.5,0.00183181720266018,0.08249346639695,0.5,0.0806616491942899,1-5,1-5,0.01-0.05,0.05-0.15
Trans Nzoia,Kiminini,Sikhendu,0.54180286133179,-0.577203172539811,0.448906627641613,1.09124767298428,-0.647442525340187,1.21741197752129,0.233708763096825,-0.460688793162336,0.2629792271908,0.604792564525991,0,210821,5.53474153000886e-07,0,1,1304,0,0.1166839744098,0.556729846515263,0.00132400753083596,0.0204524464429547,0.937062432318695,0.0204524464429547,0.15114889747134,0.0271648392004959,0.1,0.0133821803846395,0,0.4,0.00072464143142324,0.0527794957496835,0.4,0.0520548543182602,1-5,1-5,0.01-0.05,0.05-0.15
Trans Nzoia,Kiminini,Sirende,0.406229574201112,-1.08900120417916,0.107978504597587,1.2059105915393,-0.849064571429528,1.35925668764033,0.217222941667176,-0.747940001748515,-0.14984394375726,1.20277931724944,0,273196,2.25083255887029e-06,0,1,1305,0,0.614918451753127,2.23608220906092,0.0117250686759725,0.120220818094526,4.23634001143403,0.120220818094526,0.34503547689272,0.0925330877710008,0.2,0.0495377119896043,0,1.6,0.00442949352135313,0.168265577831916,1.6,0.163836084310563,1-5,1-5,0.01-0.05,0.15-0.30
Trans Nzoia,Kiminini,Waitaluk,0.381286081908287,-1.05639246709506,0.0809649849637698,1.12528751175731,-0.814348699018373,1.31760821548939,0.112695388156355,-0.743287935118215,-0.0344477863306836,1.07599143282362,0,500460,1.48885392144878e-06,0,1,1306,0,0.745111833528256,3.1640116097365,0.00892589032646196,0.130637849559553,5.06330906040834,0.130637849559553,0.731075096972995,0.146292081241094,0.1,0.0415239736804075,0,1,0.00349383390509329,0.15795999217658,1,0.154466158271487,1-5,1-5,0.01-0.05,0.15-0.30
Trans Nzoia,Kwanza,Bidii,0.237299832711651,-1.03568546167354,0.354368990143763,0.796889660076404,-0.952731026574198,0.989966013341757,0.1484993031679,-0.740120677399122,-0.232603012335054,0.915548577883185,0,322998,2.49017995042037e-06,0,1,1307,0,0.804323143625878,3.42338175243567,0.0113974917539723,0.141958784792234,5.38364806394287,0.141958784792234,0.688965430266373,0.151830836154747,0.2,0.0595103507763236,0,1.7,0.00548314015329792,0.186662538435806,1.7,0.181179398282508,1-5,1-5,0.05-0.15,0.15-0.30
Trans Nzoia,Kwanza,Kapomboi,0.366019448263421,-0.782371059778207,-0.714973609578249,1.02702340980499,-0.87166832094035,1.0835893758577,0.192426024512863,-0.23262195425633,-0.224187239192958,1.44719911829277,0,514222,1.27904834156555e-05,0,1,1308,0,6.57714796296521,31.224373672925,0.0575421820928612,1.02887409311864,43.8964521712293,1.02887409311864,9.83355679988138,1.60933013295164,1.3,0.155155866606663,0,8.5,0.0191022204041276,0.484660666152691,8.5,0.465558445748563,1-5,5-17,0.15-0.30,0.30-0.50
Trans Nzoia,Kwanza,Keiyo,0.294542970431717,-0.871185618187531,-0.424012821948579,0.527513603955299,-0.990613643681382,0.947171835905719,0.0852484177248175,0.132672147442588,-0.263569797567865,1.52228056385292,0,386068,2.22086004305643e-05,0,1,1309,0,8.5740299510271,79.2537774255705,0.0616977390352076,0.922997564337034,37.3334167788937,0.922997564337034,25.411779652166,4.11340656035171,2.2,0.180489857936622,0,9.7,0.0281209666723799,0.486469076240585,9.7,0.458348109568206,1-5,5-17,0.15-0.30,0.30-0.50
Trans Nzoia,Kwanza,Kwanza,0.339809632842803,-1.09688289295448,0.190543923820663,1.13320271364344,-1.0170529655521,1.06154209566651,0.214597563375493,-0.381966447733852,-0.37713209252239,1.22228870998761,0,634555,1.57761786512823e-05,0,1,1310,0,10.0108530440645,108.753767471704,0.0723838106536262,1.46123078504085,45.9157230811735,1.46123078504085,52.7144266013121,6.77304916554746,1.6,0.131121272216105,0,7.2,0.0165370946264401,0.424392404842845,7.2,0.407855310216405,1-5,5-17,0.05-0.15,0.30-0.50
Trans Nzoia,Saboti,Kinyoro,0.527219642710761,-1.04744970081239,0.124336881916273,0.964293625303515,-0.438426378873085,1.15355780404004,0.10702395277044,-0.397125027051896,-0.0519744125686738,0.980393266084828,0,540894,6.60538832196905e-07,0,1,1311,0,0.357281491102313,1.48417642827672,0.0054453837203701,0.0691825890590885,2.54945847448685,0.0691825890590885,0.322730331698608,0.0673450379926645,0.1,0.0229409372242895,0,0.5,0.00234163313708162,0.0851089959355059,0.5,0.0827673627984243,1-5,1-5,0.01-0.05,0.05-0.15
Trans Nzoia,Saboti,Machewa,0.545952364972593,-0.769999959505128,0.448906417518675,1.25447050413275,-0.593250606173114,1.20333642618259,0.159142803321511,-0.435856924478042,0.216550939901504,0.69827362631485,0,220040,8.5569600401085e-07,0,1,1312,0,0.188287348722547,0.656334964029905,0.00282469079428712,0.0384008837298755,1.21219704993452,0.0384008837298755,0.110412619061328,0.0277382411165582,0.1,0.0207254439406857,0,0.6,0.00141503243868951,0.0806787542466817,0.6,0.0792637218079922,1-5,1-5,0.01-0.05,0.05-0.15
Trans Nzoia,Saboti,Matisi,0.569333661792325,-1.05140359295997,-0.194805564990708,0.812058512211722,-0.889379978837391,1.0429941133769,0.0918172857734309,-0.70002889188582,-0.132051123306475,0.953826061896815,0,546846,6.17894775486524e-07,0,1,1313,0,0.337893286395703,1.21452245204059,0.00665368129506516,0.073014191850876,2.25152203319426,0.073014191850876,0.276740419739202,0.0559091731187469,0.1,0.0335964658230406,0,0.4,0.00353508892035615,0.12199588795706,0.4,0.118460799036704,1-5,1-5,0.01-0.05,0.05-0.15
Trans Nzoia,Saboti,Saboti,0.588737043837009,-0.959473145305524,0.759588541956384,1.03329723980995,-0.555492786886464,1.19305075865302,0.221078591933745,-0.423400017406032,0.10634403228013,0.869622140342913,0,412141,8.22161672787008e-07,0,1,1314,0,0.33884653398411,1.57355654743473,0.00398745049079448,0.0523057808820252,2.35487041726356,0.0523057808820252,0.487422448711783,0.0805875295821622,0.1,0.0216823710043276,0,0.6,0.00191612809256229,0.0836027552806717,0.6,0.0816866271881095,1-5,1-5,0.01-0.05,0.05-0.15
Trans Nzoia,Saboti,Tuwani,0.386478890434864,-1.06873263155025,-0.156681342861403,0.55718656325849,-0.929364083834392,0.973062614667907,0.128266168963927,-0.816632151567522,-0.19858158747984,0.846876475347418,0,299535,8.90191603686874e-07,0,1,1315,0,0.266643542010348,1.26930253142539,0.00729254875268378,0.0620224548987488,1.70178394760989,0.0620224548987488,0.339311690797683,0.0615988259840864,0.1,0.0429216236601638,0,0.6,0.00427335264707303,0.162255543119125,0.6,0.157982190472052,1-5,1-5,0.01-0.05,0.15-0.30
Turkana,Kibish,Kaaleng/Kaikor,-1.60834487306682,2.18550755363502,-0.589127934248187,-0.698447225297182,0.377421130557788,-1.10471385421273,1.15193316069172,2.58928079591665,-0.812785315225659,0.939763494778614,5,377663,1.7903780847068e-05,1,1,1316,1,6.76159558604623,2.62953557657824,3.02614963635398,6.29563840902559,12.8114366475884,6.29563840902559,0.0914416932833683,0.0889364965818726,1.8,0.945202721152583,0.8,3.4,0.785705511654687,0.996092432476732,2.6,0.210386920822045,1-5,1-5,>=0.90,0.15-0.30
Turkana,Kibish,Kibish,-1.24851043857538,2.33954519815235,0.657476293037435,-0.527447569917939,0.163020009281328,-1.48516184740354,1.38034663149617,2.62282924100291,-1.00720005011136,1.78628787868235,160,15646,0.0100429426303666,1,1,1317,1,157.131880394716,12.7483769521216,133.174418919197,156.542606326808,182.993241220197,156.542606326808,0.316279226937829,0.423142331065413,1004.3,0.987801091128651,851.2,1169.6,0.948353090757165,0.999478259933517,318.4,0.0511251691763522,>=957,258-788,>=0.90,0.05-0.15
Turkana,Loima,Kotaruk/Lobei,-1.95740230039142,1.88255582528937,-1.12596401318236,-2.23300911985637,-0.314971584065723,-0.0755787437048133,0.667666498485688,2.54165326995933,-0.329084716091315,0.761592534978246,78,167665,0.000412527257181171,1,1,1318,1,69.1663825752811,10.4876013606207,49.0159438795815,68.7948709672885,90.592603281347,68.7948709672885,0.260513197902469,0.348123376232545,41.3,0.881132638971777,29.2,54,0.641509814701167,0.986102669218078,24.8,0.344592854516911,17-51,17-51,0.70-0.90,0.30-0.50
Turkana,Loima,Loima,-1.45216256762723,1.18452802842541,-0.369371515467102,-0.86456135110988,1.49257473094528,-0.503190500924339,1.01007530565629,2.58075263755505,-0.467878980430906,0.177129679630435,303,139360,0.000575067792139521,1,1,1319,1,80.1414475125636,51.5445651004171,15.171737700918,67.6971086244445,205.958710840254,67.6971086244445,1.43122996970487,1.72050119839666,57.5,0.264489244029552,10.9,147.8,0.0491476903543919,0.693489721642626,136.9,0.644342031288234,51-93,93-191,0.15-0.30,0.50-0.70
Turkana,Loima,Lokiriama/Lorengippi,-1.42630030680077,1.20239854905188,-0.511947746450122,-1.08730200849042,-0.485077236294503,-0.0907101574834164,0.746082985563569,2.55698316158374,-0.0972182916099685,0.1100734766909,138,78348,0.00130271665984278,1,1,1320,1,102.065244865362,24.1105232859695,47.4750146612846,105.04882317567,141.113302016267,105.04882317567,0.566710952519056,0.798283639320384,130.3,0.739606421934571,60.6,180.1,0.351589162883835,0.959537294763483,119.5,0.607948131879648,93-191,93-191,0.70-0.90,0.50-0.70
Turkana,Loima,Turkwel,-1.97753959926892,2.01422666305626,-0.884960150152969,-2.11390214967756,-0.01496708563395,-0.056988895193455,0.718922924482742,2.36661716268108,-0.445347277439964,0.333472115675968,194,631972,0.000249170902828284,1,1,1321,1,157.469033802196,27.4052478980947,95.0138796002917,162.083041681748,200.917443821059,162.083041681748,0.735883615165907,0.913171398329674,24.9,0.808015516504617,15,31.8,0.493412922370454,0.973164513657311,16.8,0.479751591286857,17-51,5-17,0.70-0.90,0.30-0.50
Turkana,Turkana Central,Kalokol,-1.99755123692615,2.35131476863396,-1.31364520021068,-1.67959908836014,-0.296820746953248,-0.497535944548976,0.284580977740818,1.98373791584204,-0.240324030840267,0.00126344795777147,110,202723,0.000443587022578729,1,1,1322,1,89.9252919782277,16.4342686584089,54.8237482591222,90.8070481107754,119.147240234758,90.8070481107754,0.463062757097583,0.548983866637433,44.4,0.815041936578108,27,58.8,0.490824102450019,0.972544610703507,31.8,0.481720508253488,17-51,17-51,0.70-0.90,0.30-0.50
Turkana,Turkana Central,Kanamkemer,-2.0872389118161,2.33312464803899,-1.27415591821078,-2.33845182879094,-1.11259413636708,-0.579217414622696,0.4340963914078,1.94650107981168,-0.27609647477451,0.727421136682087,110,674729,0.000158559988379608,1,1,1323,1,106.985022399385,11.1258805658503,87.2051167891481,106.528273200403,131.160819823119,106.528273200403,0.267616314057465,0.36875677745971,15.9,0.967350068693096,12.9,19.4,0.874000055845651,0.996970485286031,6.5,0.12297042944038,5-17,5-17,>=0.90,0.05-0.15
Turkana,Turkana Central,Kang'atotha,-2.03080739361969,2.40128439206645,-1.49133814210062,-2.13082467248358,-0.621748495371738,-0.820100710624051,0.694744562113913,2.17827192336391,-0.255475891979303,-0.0307569295862188,87,79570,0.000989703929736387,1,1,1324,1,78.7507416891243,11.0749684993629,56.188953387768,79.1309571292676,99.6317564475437,79.1309571292676,0.292594842550375,0.36872657740759,99,0.902582920144518,70.6,125.2,0.675345563015628,0.9874617544111,54.6,0.312116191395472,93-191,51-93,>=0.90,0.30-0.50
Turkana,Turkana Central,Kerio Delta,-2.12528791369966,2.45980177137274,-1.71039469288444,-2.01419758955519,0.35110072464311,-1.05225435764282,1.21416804159929,2.51616440976654,-0.627081343084967,0.118475247825445,275,90242,0.00263765178904861,1,1,1325,1,238.026972747324,33.2433757900276,157.889007036899,242.588201865958,286.16533272998,242.588201865958,1.26829388927125,1.13146179474528,263.8,0.869496058254019,175,317.1,0.580178063846879,0.985874644491307,142.1,0.405696580644427,258-788,93-191,0.70-0.90,0.30-0.50
Turkana,Turkana Central,Lodwar Township,-2.03722224960607,2.30118190790413,-1.30994627357591,-1.97488449766974,-0.934045706992643,-0.57791683531136,0.378187871612614,1.79605789851628,-0.274868716647694,0.623815650019193,135,695012,0.000182311394335961,1,1,1326,1,126.708606800225,13.7774907276021,98.9073479607192,127.262215725474,152.78640026617,127.262215725474,0.484827676382434,0.466345706011843,18.2,0.93461639997794,14.2,22,0.771380026596984,0.995040917706632,7.8,0.223660891109648,17-51,5-17,>=0.90,0.15-0.30
Turkana,Turkana East,Kapedo/Napeitom,-1.61706584414983,1.75364746486211,-0.779232465398003,-0.586294530632417,1.00725339675223,-1.29934328195246,0.624799485424025,2.48137688518067,-1.0504646953299,0.914219835455985,2,186055,1.59823789966096e-05,1,1,1327,1,2.9736015242142,1.80230784006305,1.05025054787935,2.44876108898016,7.92930292581007,2.44876108898016,0.0894107306912416,0.0626488093186619,1.6,0.840056903031665,0.6,4.3,0.492589547045909,0.987872843710637,3.7,0.495283296664729,1-5,1-5,0.70-0.90,0.30-0.50
Turkana,Turkana East,Katilia,-1.99676858906708,2.18406956422454,-1.20058356096521,-0.834640908692312,2.0939829296027,-1.20885719344109,1.23218383711761,2.58075344153886,-1.00029859650532,0.0391304431860225,30,193915,8.0766011845047e-05,1,1,1328,1,15.6617411869323,7.23146220807797,3.70922678431908,15.0311999068267,31.5679280955832,15.0311999068267,0.170154625811502,0.239440437349129,8.1,0.518862941058529,1.9,16.3,0.127782079804446,0.908888375240765,14.4,0.781106295436319,5-17,5-17,0.50-0.70,0.70-0.90
Turkana,Turkana East,Lokori/Kochodin,-1.87296674393493,2.03448338046244,-0.805828855950365,-0.961963786046764,0.366078338484171,-1.21083235002524,0.600525751913339,2.43714479141673,-0.978026098184095,0.258350652464992,63,925667,6.11556461722286e-05,1,1,1329,1,56.6097635253083,8.71915299127591,39.1019234525649,56.8265322840259,73.3916673800041,56.8265322840259,0.222373571925298,0.289787966773245,6.1,0.893094931153432,4.2,7.9,0.666378346900715,0.984755382905812,3.7,0.318377036005097,5-17,1-5,0.70-0.90,0.30-0.50
Turkana,Turkana North,Kaeris,-1.89647443170392,2.15589720580759,-1.11453923913135,-0.933835068155123,0.687740799665279,-0.39963111167238,0.937883925558865,2.39043431207084,-0.58194063300604,-0.000821634688431708,18,132874,0.000100713710759048,1,1,1330,1,13.3822336033978,4.54032293822085,5.33080875851467,12.9837389886857,23.8693382190738,12.9837389886857,0.113590830763487,0.150761732905325,10.1,0.709638402014743,4,18,0.34175927825732,0.944725433197934,14,0.602966154940614,5-17,5-17,0.70-0.90,0.50-0.70
Turkana,Turkana North,Lakezone,-1.76812070112969,2.29041498060727,-0.937836046389264,-1.05263627693779,-0.382014354215603,-0.931445507916843,0.754730904336594,2.52948156307554,-0.47097678828744,0.127884416722497,126,251612,0.000472266571407702,1,1,1331,1,118.827936565035,12.6031671174703,92.904367606117,118.743903615426,144.496412297027,118.743903615426,0.356996388727479,0.421125572326125,47.2,0.936523024151371,36.9,57.4,0.793646419903977,0.992179256691736,20.5,0.198532836787759,17-51,17-51,>=0.90,0.15-0.30
Turkana,Turkana North,Lapur,-1.61103852585632,2.30375301809845,-0.466941408110588,-0.887455934187838,-0.575740807045898,-1.08937246995153,0.874252907577174,2.58262502780842,-0.630296134074663,0.53375037310911,19,180464,0.000109921098426047,1,1,1332,1,19.8368011063581,4.49157699166281,12.4021995371809,19.3474899054003,29.9336912983802,19.3474899054003,0.114414978167344,0.149272374385561,11,0.972154393911825,6.9,16.6,0.895204455211678,0.997954519410321,9.7,0.102750064198643,5-17,5-17,>=0.90,0.05-0.15
Turkana,Turkana South,Kalapata,-2.05115884065835,2.29182505061752,-1.38424314740846,-1.28700039125701,-0.0745474746313006,-1.02736134506814,1.15944930911707,2.56239604672082,-0.925145620644846,0.266238778025749,30,72062,0.000404723575592908,1,1,1333,1,29.1651903043762,5.86047686944414,19.0228005787227,28.8702631628713,42.2599492112848,28.8702631628713,0.151839770262853,0.194927741090314,40.5,0.952409118160281,26.4,58.6,0.796071091974091,0.997204323048586,32.2,0.201133231074496,17-51,17-51,>=0.90,0.15-0.30
Turkana,Turkana South,Kaputir,-1.65238567809527,1.74504990302304,-1.1266137133519,-1.20822225817609,-1.09065768012069,-0.129177983331102,0.37355907493234,2.3611066475535,-0.571670222192509,1.48769640322505,60,124553,0.000479744199555035,1,1,1334,1,59.7535792871782,8.18643395364566,45.2002788296691,59.1364217595067,76.793391080795,59.1364217595067,0.190260332360034,0.270910892053343,48,0.983245312735102,36.3,61.7,0.919763509897515,0.9991097419534,25.4,0.0793462320558857,17-51,17-51,>=0.90,0.05-0.15
Turkana,Turkana South,Katilu,-1.83649206665833,1.66788846734561,-0.801521664224959,-1.8654831233486,-0.746263304453917,-0.590936513994917,0.46243365205092,2.35962912529661,-0.647672551901968,0.743174479144048,182,512219,0.000337983072205991,1,1,1335,1,173.121351262281,16.3755200701408,137.632876551733,173.253093815568,203.414638187166,173.253093815568,0.514671338455262,0.550390086432972,33.8,0.949465030235141,26.9,39.7,0.80309837100736,0.996592389494753,12.8,0.193494018487393,17-51,5-17,>=0.90,0.15-0.30
Turkana,Turkana South,Lobokat,-1.42832554393214,1.4936741457127,-0.302482904745364,-0.934373942678375,-0.685294283969889,-0.362259896560188,0.212102234767092,2.1053028756433,-0.726859907988722,1.26551860473625,41,133740,0.000292939237193727,1,1,1336,1,39.177693582289,6.7705155829125,26.8062061201163,38.8575379286308,53.4129194504199,38.8575379286308,0.159534120228249,0.224192325445309,29.3,0.947105687919814,20,39.9,0.76868791576641,0.997804777412029,19.9,0.229116861645618,17-51,17-51,>=0.90,0.15-0.30
Turkana,Turkana South,Lokichar,-2.04279998774532,2.02514862018859,-0.884196689805988,-2.32515533277689,-0.0168426332072835,-0.858262662010679,0.647342803728932,2.36852816130084,-0.665695462526176,0.327747601010421,92,576154,0.000139854656194607,1,1,1337,1,80.5778195851474,13.3824004684665,51.7770855812744,81.7289483747554,104.017160147978,81.7289483747554,0.387106972278201,0.4476714550192,14,0.871134025021926,9,18.1,0.596591212530498,0.988335750837205,9.1,0.391744538306708,5-17,5-17,0.70-0.90,0.30-0.50
Turkana,Turkana West,Kakuma,-1.83232182195465,1.87473895441813,-0.86586812964248,-1.04757538030417,-0.965500128165002,-0.73329363896673,0.110009068020403,1.42930902911306,-0.44637007933361,-0.554884502518292,258,403870,0.000525617518316671,1,1,1338,1,212.281147122554,33.920354515681,131.556166287808,216.708818591897,267.089221819284,216.708818591897,1.05587619256743,1.13943526701249,52.6,0.823860247891634,32.6,66.1,0.520413582943951,0.970536610615688,33.5,0.450123027671737,51-93,17-51,0.70-0.90,0.30-0.50
Turkana,Turkana West,Kalobeyei,-1.43802461345659,1.61185528331681,-0.323719049048231,-0.938738427150339,-0.0849986101456532,-0.918619066918262,0.542068738935968,2.16961048143815,-0.536509634810888,-0.46792624492527,138,240797,0.000383744747394361,1,1,1339,1,92.40458393832,23.7371029742503,41.2575654529156,92.9448108071794,134.547130487063,92.9448108071794,0.51015704071704,0.782898268786624,38.4,0.672913550591911,17.1,55.9,0.306750050764453,0.941207203710393,38.8,0.634457152945941,17-51,17-51,0.50-0.70,0.50-0.70
Turkana,Turkana West,Letea,-1.50335070473339,1.47656376232473,-1.12788934061356,-0.95636614377691,0.84670577432351,-1.2860769927408,1.00344522825165,2.49707262020957,-0.731017378285321,-0.135565598145089,70,166965,0.000242936752814203,1,1,1340,1,40.5619349336234,12.8507528999115,16.2047869800488,40.8422572688515,64.630358539412,40.8422572688515,0.259596711978543,0.422794825776199,24.3,0.580563744627981,9.7,38.7,0.241957791527518,0.883721364757296,29,0.641763573229777,17-51,17-51,0.50-0.70,0.50-0.70
Turkana,Turkana West,Lokichoggio,-1.27078182770588,1.8396184534025,-0.83485157514838,-0.633864244657492,-0.147591195718393,-1.09269977471876,0.36315240066861,2.43776557212085,-0.687588335748688,-0.621120437738922,100,197171,0.000382274452127687,1,1,1341,1,75.3734360004683,16.5822398803932,37.1519888712583,76.6816775810004,104.068997036338,76.6816775810004,0.410553969777459,0.550342180231619,38.2,0.756188209920414,18.8,52.8,0.386384440620765,0.949987030619879,34,0.563602589999114,17-51,17-51,0.70-0.90,0.50-0.70
Turkana,Turkana West,Lopur,-1.8881676085114,2.12528849389945,-0.72838609812157,-0.749482235145305,0.811066619675872,-0.646816319145102,-0.179701003682284,1.23458656260119,-0.528227314493247,-0.686066259323014,4,1025100,1.40592329309049e-06,1,1,1342,1,1.44121196774706,1.08544482060658,0.214436432793204,1.18951452535779,4.42964873543313,1.18951452535779,0.0448323948724201,0.0371602286906346,0.1,0.273074061701212,0,0.4,0.0530895565319208,0.656286116900285,0.4,0.603196560368365,1-5,1-5,0.15-0.30,0.50-0.70
Turkana,Turkana West,Nakalale,-1.89805620746829,2.01116527977595,-0.96546446749696,-1.15164735211813,0.144018518172204,-0.4419758126939,0.689690577098291,1.98882801487386,-0.370446950350998,-0.248371517173092,66,103721,0.000414982198922829,1,1,1343,1,43.0423686544747,12.1479687569695,18.7848275774127,43.4128905082367,65.671828652556,43.4128905082367,0.293770135149551,0.402732156878044,41.5,0.653949346443071,18.1,63.3,0.304248071249882,0.925248117020803,45.2,0.621000045770921,17-51,17-51,0.50-0.70,0.50-0.70
Turkana,Turkana West,Nanaam,-1.56044204600393,2.40525189316788,0.0453400177637855,-0.387049866908867,2.16762864673392,-1.16375530389936,0.848394477131622,2.53981502414539,-0.840850556055429,-0.0758614070724897,103,54927,0.000550408660052156,1,1,1344,1,30.2322964706848,18.7371408338003,4.94619333516403,26.7133101280401,76.4723041396664,26.7133101280401,0.49499193459148,0.623826457475999,55,0.293535436806896,9,139.2,0.0500210051263325,0.720543361095908,130.2,0.670522355969575,51-93,93-191,0.15-0.30,0.50-0.70
Turkana,Turkana West,Songot,-1.81781804668035,2.28432834090874,0.340577474814401,-0.543100211625229,0.375186704006004,-0.923925868297968,0.886571459248712,2.46819407158667,-0.802557589011697,-0.139834915793097,35,81109,0.00036114866522077,1,1,1345,1,29.2924070873914,7.15248332922617,15.1504735173078,29.3077117732511,44.065581058245,29.3077117732511,0.176323515379103,0.237333060740301,36.1,0.810958892690424,18.7,54.3,0.4497367216621,0.977124920652763,35.6,0.527388198990663,17-51,17-51,0.70-0.90,0.50-0.70
Uasin Gishu,Ainabkoi,Ainabkoi/Olare,0.611307874391562,-1.47351903940988,0.333769362740739,0.789508276606895,-0.659037640876085,0.720643978301945,0.725269120076523,-0.71849867410245,-0.333918093217393,-0.566017116721718,0,367211,4.14261963155237e-08,0,1,1346,0,0.0152121549752198,0.041704344982306,0.000448814772291859,0.00591145831308984,0.087581434421226,0.00591145831308984,0.00839978390018951,0.00185005616425124,,0.00579514038749039,0,0,0.000344157167070239,0.021784920831891,,0.0214407636648208,0,0,<0.01,0.01-0.05
Uasin Gishu,Ainabkoi,Kapsoya,0.031396375835767,-0.973347754385624,-0.311231936151552,0.801083567477063,-0.642302542973598,0.491825190683122,-0.27944389777125,-1.00712869654852,0.26073891934092,-0.210059270157578,0,530677,2.47004211561321e-08,0,1,1347,0,0.0131079453978727,0.0324781950751908,0.00046939091916404,0.00531121679651241,0.0768193494787874,0.00531121679651241,0.00506679928302402,0.00134750323091395,,0.00464454383812238,0,0,0.000390187627963615,0.016384694490113,,0.0159945068621494,0,0,<0.01,0.01-0.05
Uasin Gishu,Ainabkoi,Kaptagat,0.397510265055533,-1.3482643323538,-0.080496752633392,1.17632331993808,-0.741727875463846,0.121198041270131,0.630721099248859,-0.645907361923357,-0.0972427457096753,-0.218560946425519,0,378860,1.63627812568692e-07,0,1,1348,0,0.0619920330697747,0.200608422494535,0.0012427536234235,0.0181112690809074,0.434923851231859,0.0181112690809074,0.0320010011036615,0.00836771634682353,,0.0129229904735703,0,0.1,0.000746998554868439,0.0489440809486386,0.1,0.0481970823937701,0,1-5,0.01-0.05,0.01-0.05
Uasin Gishu,Kapseret,Kipkenyo,0.203215001137008,-0.899777749697427,-0.165643641282148,0.521571348101442,-0.536885551187155,0.926989614814351,0.334394128788806,-0.900012227180276,1.06848396117554,0.54772203465124,0,286278,2.22142947167338e-08,0,1,1349,0,0.00635946386291712,0.0151195837365089,0.000210343687711103,0.00301250162185761,0.0363893329424162,0.00301250162185761,0.00259987867727959,0.000642553984016259,,0.00350869764889011,0,0,0.00018235996379427,0.0132373248451333,,0.013054964881339,0,0,<0.01,0.01-0.05
Uasin Gishu,Kapseret,Langas,0.265088421431982,-0.903476088138839,0.422581626447261,0.83622404083191,-0.53120034555545,0.636065197076688,0.245652123286348,-1.00550479929009,1.02191283487127,0.258471968871883,0,334475,1.76929419773652e-08,0,1,1350,0,0.00591784676787922,0.0162481197301812,0.000196140057011085,0.0025202912530141,0.0357442594453976,0.0025202912530141,0.00412394577697739,0.000774631892470558,,0.00296329714539836,0,0,0.00014727260325571,0.0122549521529194,,0.0121076795496637,0,0,<0.01,0.01-0.05
Uasin Gishu,Kapseret,Megun,0.460584455055606,-1.00116971731473,0.060276343252153,1.11902166507863,-0.48615250931923,1.38720404424156,0.534950117664891,-0.642350190075132,0.0715457118111402,0.756499840556341,0,136926,3.08720053007093e-07,0,1,1351,0,0.0422718019780492,0.136954222714015,0.000602946685912485,0.0106657802934081,0.34093369567385,0.0106657802934081,0.020082322312596,0.00560099037381101,,0.0103157679056439,0,0.2,0.000404853013070833,0.0446817377586457,0.2,0.0442768847455748,0,1-5,0.01-0.05,0.01-0.05
Uasin Gishu,Kapseret,Ngeria,0.466311319683384,-0.992605265920163,0.254302725924818,1.06467863093497,-0.462782327291731,1.14372540277323,0.555004835375869,-0.66686424348778,0.328547950277684,0.753450616071027,0,281271,9.32127308917011e-08,0,1,1352,0,0.0262180380306397,0.0598214500096187,0.000821118619623166,0.0090712503675187,0.186392861183255,0.0090712503675187,0.00609596189424071,0.00227726283195087,,0.00624701444773332,0,0.1,0.000465940632101251,0.0213781370451382,0.1,0.020912196413037,0,1-5,<0.01,0.01-0.05
Uasin Gishu,Kapseret,Simat/ Kapseret,0.429758758416591,-0.937070983334719,0.353938457941748,1.20949350836941,-0.432236867294468,1.10364131653562,0.321926096286957,-0.77456247564811,0.503373870765302,0.779197792340036,0,555069,1.12940167909606e-07,0,1,1353,0,0.0626895860614171,0.54503463114765,0.000477723323102613,0.00962288708642148,0.246779361373788,0.00962288708642148,0.187616305109398,0.0291014053875789,,0.00544853345051437,0,0,0.000288827516188609,0.0228121158303831,,0.0225232883141945,0,0,<0.01,0.01-0.05
Uasin Gishu,Kesses,Cheptiret/Kipchamo,0.332464066793484,-1.24962235551021,-0.0408879262381151,1.11126453305267,-0.631571294318357,0.983996436471043,0.643060781530457,-0.712903145057082,0.165782089644559,0.119543874256732,0,417958,1.0551614193091e-07,0,1,1354,0,0.0441013156491593,0.153394741496105,0.000493550906558418,0.00898221650685505,0.320788172661133,0.00898221650685505,0.0284273733146313,0.00664867259360688,,0.00590870326972482,0,0.1,0.000265325857190135,0.0256776844755093,0.1,0.0254123586183192,0,1-5,<0.01,0.01-0.05
Uasin Gishu,Kesses,Racecourse,0.071979092849476,-0.925927494880938,-0.0800479922652191,0.787060056550667,-0.561846479204385,0.636065197076688,0.245652123286348,-1.00550479929009,1.02191283487127,0.258471968871883,0,539439,1.75616919371196e-08,0,1,1355,0,0.00947346153686786,0.0380163466787946,0.000158613151092319,0.00231688054890714,0.0492961028311675,0.00231688054890714,0.00668223941928471,0.0016248043669457,,0.00207611932494552,0,0,9.49414967294409e-05,0.0083809591455568,,0.00828601764882736,0,0,<0.01,<0.01
Uasin Gishu,Kesses,Tarakwa,0.701882102703464,-1.60769006648257,0.528724379911395,0.723914074639632,-0.376355659596314,1.07516862273408,0.649972442313515,-0.68926831335054,-0.329396459416864,-0.217776773072759,0,386013,2.12803319191512e-08,0,1,1356,0,0.00821448476510729,0.0283923186784037,0.00015868209564689,0.00219179608284234,0.0567645516796288,0.00219179608284234,0.00458906445500185,0.00118808187091348,,0.00229237244874077,0,0,0.000105568632588657,0.0110409240471638,,0.0109353554145751,0,0,<0.01,0.01-0.05
Uasin Gishu,Kesses,Tulwet/Chiyat,0.486707027106102,-1.19712644725213,0.359082549931629,1.0566612424726,-0.528809665994759,1.35994575128388,0.466804661897503,-0.689895200029853,-0.0543938504938317,0.408400893214355,0,371797,1.07094637298439e-07,0,1,1357,0,0.0398174648636478,0.223850373722775,0.000618544835655355,0.00856627468136833,0.232834059444923,0.00856627468136833,0.0793177090432825,0.0120952627477049,,0.00573398340488872,0,0.1,0.000286477273383586,0.0239440108377071,0.1,0.0236575335643235,0,1-5,<0.01,0.01-0.05
Uasin Gishu,Moiben,Karuna/Meibeki,0.152846791555514,-0.965880858106731,-0.0894529886178463,0.731488654604879,-0.551056156170981,-0.517533434821812,0.679139147073574,-0.388517020852854,-0.705919673604562,0.345396396716852,0,326644,1.41872880994452e-06,0,1,1358,0,0.463419253395518,3.08915112976283,0.00637488976533366,0.0754986524950321,3.07347112071477,0.0754986524950321,1.1348614872603,0.169462478636304,0.1,0.0492052131137352,0,0.9,0.00369615660518445,0.182081557273643,0.9,0.178385400668459,1-5,1-5,0.01-0.05,0.15-0.30
Uasin Gishu,Moiben,Kimumu,0.0153777080542025,-0.931040883929126,-0.371307362664999,0.589166171632044,-0.57401068644102,0.509981055598381,0.224138013088227,-1.05407020600895,1.35549721953446,0.183260611328081,0,774005,5.34766674887346e-09,0,1,1359,0,0.00413912080196181,0.0201355654373266,5.83522379836121e-05,0.00110886987901515,0.0226572363495649,0.00110886987901515,0.00483462323630659,0.000942510908683229,,0.00118042290457427,0,0,3.99728264475106e-05,0.00516276750307914,,0.00512279467663163,0,0,<0.01,<0.01
Uasin Gishu,Moiben,Moiben,-0.066432763410941,-1.0246187164958,-0.128344920247165,0.939057266519596,-0.513708703488188,0.453381937105508,0.707149938963963,-0.589626214388471,-0.36826412647328,0.627757663957352,0,292450,8.23091896049696e-07,0,1,1360,0,0.240713224999734,0.769370164105565,0.00384473971347232,0.0517915374799986,1.77048598348563,0.0517915374799986,0.188978344012491,0.0362816607340374,0.1,0.0267553127216485,0,0.6,0.00201837400850677,0.0934629019866509,0.6,0.0914445279781442,1-5,1-5,0.01-0.05,0.05-0.15
Uasin Gishu,Moiben,Sergoit,0.0589032695533783,-1.0667775720415,-0.377697096592973,0.817077363326975,-0.646777789408139,0.669767787981361,0.726552232501604,-0.773416256136413,0.141757556755833,0.20042329321741,0,263596,1.3757400271126e-07,0,1,1361,0,0.0362639568186772,0.114022129066466,0.000784151468954999,0.0104971592081578,0.239309515803309,0.0104971592081578,0.0209362408378664,0.00492982044890702,,0.00809395325445913,0,0.1,0.000485267510709894,0.0309213706124447,0.1,0.0304361031017348,0,1-5,<0.01,0.01-0.05
Uasin Gishu,Moiben,Tembelio,0.144581655645714,-1.11789041774934,-0.377697221110282,1.03481779735356,-0.782002450797914,-0.15181397338041,0.750702650686298,-0.66314390165189,-0.424217845256117,-0.21676930538961,0,291458,3.5305187331075e-07,0,1,1362,0,0.102899792891405,0.322767329921091,0.0026726439022579,0.0292656131430378,0.635481263528691,0.0292656131430378,0.0596376407661484,0.0139786147504154,,0.0204036250070388,0,0.2,0.00150345237354808,0.0779644742029437,0.2,0.0764610218293957,0,1-5,0.01-0.05,0.05-0.15
Uasin Gishu,Soy,Kapkures,0.305815427688074,-0.976370274983186,0.0536179749115723,1.0629387980298,-0.687982807509366,1.35953594427646,0.07430906109908,-0.754696899528292,0.0674709573320352,1.29682893367559,0,156770,7.4475451688289e-07,0,1,1363,0,0.116755165611731,0.566568856138743,0.00224874140519906,0.0265105145456021,0.597236774935817,0.0265105145456021,0.132260358218686,0.0262813598895633,0.1,0.0207078586609869,0,0.4,0.00144265330315601,0.0753526925082638,0.4,0.0739100392051078,1-5,1-5,0.01-0.05,0.05-0.15
Uasin Gishu,Soy,Kipsomba,0.302507057918007,-0.872931773239281,-0.0173319681163116,1.18153643199258,-0.57664465355622,1.21300113251683,0.283298633828911,-0.606959482043659,0.0329876415225352,1.33871764581331,0,242644,9.01148337503089e-07,0,1,1364,0,0.218658237205099,0.646936137301969,0.0042816660196251,0.050317216969374,1.82291339805304,0.050317216969374,0.0882398588353372,0.0260386956320844,0.1,0.0260415286178096,0,0.8,0.00218987384574316,0.0909664000865847,0.8,0.0887765262408415,1-5,1-5,0.01-0.05,0.05-0.15
Uasin Gishu,Soy,Kuinet/Kapsuswa,0.0320970263585305,-0.858444901532988,-0.377696853395116,0.939083877607166,-0.538465641625272,1.00073515819066,0.81055996765119,-0.645238570910519,0.0396652323763393,0.699368244936721,0,174549,8.68634089994984e-07,0,1,1365,0,0.151619211774534,0.652280699490407,0.00326089484648513,0.0343620656086918,1.00240654704075,0.0343620656086918,0.174319249125027,0.0316518441864832,0.1,0.0238500477783067,0,0.6,0.00176989283922847,0.0896877948774361,0.6,0.0879179020382076,1-5,1-5,0.01-0.05,0.05-0.15
Uasin Gishu,Soy,Moi's Bridge,0.3447212490803,-0.95440282789489,0.053618327062072,1.00696184310949,-0.693817105619289,1.42693134425528,0.241762812927867,-0.711341126888614,-0.0551063440892111,1.40287508206222,0,323622,8.93738609743236e-07,0,1,1366,0,0.289233476362325,1.03453202033345,0.00481327280849515,0.0590993967679339,2.23075262014595,0.0590993967679339,0.206744653655745,0.0457904549585895,0.1,0.0316804095811843,0,0.7,0.00206249779870753,0.123149702090979,0.7,0.121087204292272,1-5,1-5,0.01-0.05,0.05-0.15
Uasin Gishu,Soy,Segeroi/Barsombe,0.076879291292638,-0.699454650041187,0.0637983444152122,0.703657182561375,-0.538509627742344,0.730138232783413,0.575501860096671,-0.55412528647406,-0.37243898583488,1.27314797539958,0,223010,2.42468351188036e-06,0,1,1367,0,0.540728669984438,2.18501515129084,0.0103495729410781,0.123158900606746,3.20482751984398,0.123158900606746,0.514267720990789,0.101621392509262,0.2,0.06887883852335,0,1.4,0.00581569955903983,0.249118753757287,1.4,0.243303054198248,1-5,1-5,0.05-0.15,0.15-0.30
Uasin Gishu,Soy,Soy,0.21352235231999,-0.792761005022673,-0.209994578894266,1.09162182487547,-0.468839454297066,1.16547123432652,0.5905990781597,-0.601498017683272,0.0431169245257,1.13088779866905,0,237282,1.20424416162045e-06,0,1,1368,0,0.285745463157625,2.46769302954691,0.0041181297614514,0.0501599569672752,1.44308971604181,0.0501599569672752,1.14198007978965,0.150260467288417,0.1,0.0265799145545242,0,0.6,0.00216799911087486,0.0961949827319616,0.6,0.0940269836210867,1-5,1-5,0.01-0.05,0.05-0.15
Uasin Gishu,Soy,Ziwa,0.00879620258426338,-0.732806828843076,0.0612187466402833,1.01322502867941,-0.511016002972478,1.12762687482814,0.456960863580792,-0.577251181495733,-0.248551790153066,1.36759747809929,0,379152,3.40125128818323e-06,0,1,1369,0,1.28959122841725,4.24697625318705,0.0207008410594509,0.238976093347767,9.69032071337506,0.238976093347767,0.71858980474398,0.179748791014523,0.3,0.0716175688281446,0,2.6,0.0077772123803031,0.249537508732823,2.6,0.24176029635252,1-5,1-5,0.05-0.15,0.15-0.30
Uasin Gishu,Turbo,Huruma,0.192427239450698,-0.900253431740086,-0.190213323969818,0.0556968924937654,-0.554398163379999,0.926989614814351,0.334394128788806,-0.900012227180276,1.06848396117554,0.54772203465124,0,293203,2.0395673375425e-08,0,1,1370,0,0.00598007262069474,0.0274425626340337,0.000243245089557405,0.00248020295696986,0.025132407784789,0.00248020295696986,0.0109125718790801,0.00155798167291769,,0.0030515363733668,0,0,0.000214355313955707,0.0124081661009639,,0.0121938107870082,0,0,<0.01,0.01-0.05
Uasin Gishu,Turbo,Kamagut,0.40513962622391,-0.874031713429358,-0.125675107738971,1.08671899810201,-0.437727374687042,1.22750345798614,0.311005637751881,-0.706261322102984,0.326075739059403,0.986279106177344,0,422052,3.18786416902934e-07,0,1,1371,0,0.134544444826717,0.729766444281065,0.00154396808256592,0.0222289951635869,0.827812838656256,0.0222289951635869,0.173559062239467,0.034054080143698,,0.0135389213704288,0,0.2,0.000821360237818239,0.0501830723773333,0.2,0.0493617121395151,0,1-5,0.01-0.05,0.01-0.05
Uasin Gishu,Turbo,Kapsaos,0.327867933219922,-0.842759109049356,-0.125675072718465,1.17742235785462,-0.510824544021031,0.950346104460093,0.445943113038214,-0.895909721926293,1.03856734510415,0.67653627669645,0,484221,5.47055809626459e-08,0,1,1372,0,0.0264895911193134,0.207078124225001,0.000298464775798242,0.00484454229974576,0.146538767758567,0.00484454229974576,0.0901597361896785,0.0122505876534488,,0.00422141397952156,0,0,0.000215963689354739,0.018189942976968,,0.0179739792876132,0,0,<0.01,0.01-0.05
Uasin Gishu,Turbo,Kiplombe,0.275850843407749,-0.833299623414667,-0.164214190400066,0.891210531072963,-0.47099681989955,1.06210127591886,0.518387188660977,-0.707438864994698,0.446906169157065,0.860076253947684,0,642225,2.01761974336841e-07,0,1,1373,0,0.129576583968478,0.923540762224082,0.00147124020761145,0.0200766397263926,0.931699652137286,0.0200766397263926,0.402453554579,0.0546583209043715,,0.00995708507406671,0,0.1,0.000675553559049349,0.0393162176159471,0.1,0.0386406640568978,0,1-5,<0.01,0.01-0.05
Uasin Gishu,Turbo,Ngenyilel,0.88288073874452,-0.63183281043831,0.525204059731939,1.13282590064349,-0.256303310286734,1.27131057128249,0.116239903297195,-0.656258212942232,0.168900660410482,1.05781328740334,0,364507,1.02884521779877e-07,0,1,1374,0,0.0375021283804176,0.112459806340942,0.000887479871238824,0.0102266086667479,0.292824400312318,0.0102266086667479,0.0155791293926055,0.00454160198945041,,0.00746068220837063,0,0.1,0.000593195365191349,0.0296460993300089,0.1,0.0290529039648176,0,1-5,<0.01,0.01-0.05
Uasin Gishu,Turbo,Tapsagoi,0.462191936359177,-0.86805134983976,-0.125675012405409,1.22514934340721,-0.348622668514936,1.30985337351919,0.109962059234413,-0.712149390711893,0.120841818946458,0.974139420902881,0,359393,2.62845904607091e-07,0,1,1375,0,0.0944649781944563,0.551288388558034,0.00107729595131321,0.015748274111033,0.61819536213405,0.015748274111033,0.178925998436765,0.028749543308071,,0.0100505197155029,0,0.2,0.000558213507381149,0.0397112012062549,0.2,0.0391529876988738,0,1-5,0.01-0.05,0.01-0.05
Vihiga,Emuhaya,Central Bunyore,1.70114144882578,-0.13449085498589,1.52511944244329,1.11984288324098,0.349844903951793,1.31900493445873,0.732142651021982,-0.341995821084797,-0.696449877178452,1.28174404310631,0,241910,3.61133854132217e-07,0,1,1376,0,0.0873618906531245,0.348742520053347,0.00132207820538411,0.020058377813119,0.619348446474023,0.020058377813119,0.0942009248298131,0.0169859964062856,,0.0164165226031278,0,0.3,0.000969309128928342,0.0684564204339822,0.3,0.0674871113050539,0,1-5,0.01-0.05,0.05-0.15
Vihiga,Emuhaya,North East Bunyore,1.75657675227505,-0.232104443871156,1.52511939574932,1.16587900028951,0.273619008929938,1.32557954107835,0.710605880044898,-0.33935652906955,-0.653193033826869,1.28771416541973,0,315478,4.27730687043861e-07,0,1,1377,0,0.134939621687223,0.550192264748607,0.00235232750630544,0.0275708748669947,0.919491039038543,0.0275708748669947,0.12128476974203,0.0250693294335974,,0.0191937276897681,0,0.3,0.00121946866151481,0.0807560101917177,0.3,0.0795365415302029,0,1-5,0.01-0.05,0.05-0.15
Vihiga,Emuhaya,West Bunyore,1.6164002496032,-0.105818332439135,1.52511961949134,1.14094441123862,0.407907771910123,1.27377177282211,0.597660106420176,-0.370255201709329,-0.609967726049292,1.34104112613613,0,292545,2.60022054352194e-07,0,1,1378,0,0.0760681518904626,0.269286914807312,0.00176313016202769,0.0185317000075146,0.567016381561298,0.0185317000075146,0.0558723832221207,0.0120492797343819,,0.0142006644059431,0,0.2,0.00104132138991922,0.0636808640555972,0.2,0.062639542665678,0,1-5,0.01-0.05,0.05-0.15
Vihiga,Hamisi,Banja,1.88556563166625,-0.324111354204626,1.74302046971593,0.874843115553597,0.294459392514839,0.955914142979003,0.360754541880072,-0.222825719210951,-0.682316945065436,1.18513640647047,0,231433,1.91644182671795e-07,0,1,1379,0,0.0443527881282815,0.159582628813584,0.00145016298110167,0.014499648940122,0.227661525796797,0.014499648940122,0.0295041441829285,0.00691245174112261,,0.0147731111855035,0,0.1,0.0010895539957201,0.0574542760574925,0.1,0.0563647220617724,0,1-5,0.01-0.05,0.05-0.15
Vihiga,Hamisi,Gisambai,1.76992382679702,-0.242598911493375,1.65477179662561,0.972067256203775,0.254545401047478,1.07108959814176,0.448635413950033,-0.338307265947464,-0.735389088073837,1.17525323488604,0,224853,2.69065187421055e-07,0,1,1380,0,0.0605001145871866,0.209502222781181,0.00158037559282996,0.0189319649724489,0.373373264807227,0.0189319649724489,0.0399046705814349,0.00914883495488647,,0.0182597286139995,0,0.2,0.00107480658801981,0.0771049479840946,0.2,0.0760301413960748,0,1-5,0.01-0.05,0.05-0.15
Vihiga,Hamisi,Jepkoyai,1.57084704980695,0.0174249852629548,1.46564222430248,1.01394086693499,0.265978211221151,1.2154074416801,0.550763452425394,-0.331148866245549,-0.791788873534158,1.18341974827698,0,195628,6.13735596988244e-07,0,1,1381,0,0.120063867367616,0.534227885203844,0.00292620028663773,0.0297633606905552,0.680648110979886,0.0297633606905552,0.131175904685137,0.0251900617269548,0.1,0.0241430759357555,0,0.3,0.00187279085308421,0.0888972762611143,0.3,0.0870244854080301,1-5,1-5,0.01-0.05,0.05-0.15
Vihiga,Hamisi,Muhudu,2.07718330641081,-0.279709125745728,1.74302037243678,1.30637330154645,0.188506895326348,1.29695730845111,0.358640730455659,-0.389454968265541,-0.587640551854809,1.50385241580307,0,139713,3.71440772959778e-07,0,1,1382,0,0.0518951047125295,0.183012870452859,0.00149582779212859,0.0174477025069834,0.300916075170903,0.0174477025069834,0.0398071706016192,0.00830500164372388,,0.0193577006880665,0,0.2,0.00116181105836369,0.0925320923766668,0.2,0.0913702813183031,0,1-5,0.01-0.05,0.05-0.15
Vihiga,Hamisi,Shamakhokho,2.05273396499028,-0.410420041219169,1.74302001055835,1.19215904592784,0.261280562113271,1.22514958260841,0.417781322523272,-0.454147868463647,-0.768700088133011,1.32736351384442,0,268014,1.30044199955923e-07,0,1,1383,0,0.0348536662069869,0.0858891377878897,0.00125495991709621,0.0126974395837645,0.217852391854208,0.0126974395837645,0.0122963649355363,0.00349374341951616,,0.0121543349220754,0,0.1,0.000906123640368906,0.0473713032910271,0.1,0.0464651796506582,0,1-5,0.01-0.05,0.01-0.05
Vihiga,Hamisi,Shiru,2.16119282781993,-0.516636944181726,1.74302005336118,1.13231656442745,0.282301322875936,1.23458590821979,0.300008585319406,-0.327907850576373,-0.509996755372156,1.63702341096018,0,233547,9.21234690565315e-08,0,1,1384,0,0.0215151598277458,0.0634658344437027,0.000912967914178557,0.00804082349309925,0.133361490632328,0.00804082349309925,0.0104806809263415,0.00266982236758711,,0.00794491796652012,0,0.1,0.000746091414673025,0.0296228840081528,0.1,0.0288767925934798,0,1-5,<0.01,0.01-0.05
Vihiga,Hamisi,Tambua,1.58151421243652,-0.0125906849125963,1.58246030744985,0.803380636555912,0.306215279013533,0.98796506934301,0.424608321416959,-0.320749211805138,-0.653210625458099,1.11922617516136,0,195963,1.99055390849436e-07,0,1,1385,0,0.039007491557028,0.15132728701575,0.00104959972342634,0.0130685426738174,0.186601793281793,0.0130685426738174,0.0348242005629688,0.00698786482050792,,0.0128434058826898,0,0.1,0.000739513295829457,0.0527667604188354,0.1,0.052027247123006,0,1-5,0.01-0.05,0.05-0.15
Vihiga,Luanda,Emabungo,1.6065797795276,0.0775619002305243,1.51947370914219,0.727501781465492,0.37669791695847,1.2686224397778,0.683978422038534,-0.228244589537252,-0.734741402338902,1.25609257401345,0,261708,3.51096162905184e-07,0,1,1386,0,0.0918846746015899,0.8561029827163,0.00117384131900812,0.0181352292017697,0.450035550174578,0.0181352292017697,0.389242071908794,0.0516901835383694,,0.0148209594310243,0,0.2,0.000772589213951102,0.0574754279467396,0.2,0.0567028387327885,0,1-5,0.01-0.05,0.05-0.15
Vihiga,Luanda,Luanda South,1.42646480369574,0.115753675570254,0.7464251424999,0.936390835545328,0.471794367671185,1.00300664650318,0.555616267046329,-0.244326220903065,-0.516024013794822,1.14452303952694,0,226475,1.41439259168155e-07,0,1,1387,0,0.0320324562201079,0.0919233756781289,0.00085606705657627,0.0116066046146257,0.197507571232588,0.0116066046146257,0.0164680775260023,0.00394840504687008,,0.0109067103228282,0,0.1,0.000561900757878985,0.0393646656825614,0.1,0.0388027649246824,0,1-5,0.01-0.05,0.01-0.05
Vihiga,Luanda,Luanda Township,1.59946871504944,0.0979152131495674,1.52511952221221,0.953371902743996,0.409186438104113,1.25329242507068,0.67334819248837,-0.351128668336142,-0.74193883453704,1.25703712074832,0,172015,4.01990277941337e-07,0,1,1388,0,0.0691483576600791,0.372104193987259,0.0012850066615254,0.0160960205522032,0.357061772694851,0.0160960205522032,0.130778698598382,0.0200381389390799,,0.0162244541255828,0,0.2,0.000980447282239185,0.0701254481102558,0.2,0.0691450008280166,0,1-5,0.01-0.05,0.05-0.15
Vihiga,Luanda,Mwibona,1.50639065909922,0.114563874195016,1.49202027376005,0.847304897695079,0.467145307878667,1.23145268676834,0.617235937653024,-0.316621252128336,-0.695158879311306,1.20832751752821,0,178083,3.02985408681701e-07,0,1,1389,0,0.0539565505342634,0.211660019750457,0.00124730665140929,0.0160704805280554,0.312633339101856,0.0160704805280554,0.0616725082337715,0.0105937894207608,,0.0146036166761037,0,0.2,0.000905675924186028,0.0531404875902307,0.2,0.0522348116660447,0,1-5,0.01-0.05,0.05-0.15
Vihiga,Luanda,Wemilabi,1.68022910911054,-0.135522820555826,1.52511977319239,0.994922454872127,0.329915442163488,1.2686224397778,0.683978422038534,-0.228244589537252,-0.734741402338902,1.25609257401345,0,235631,4.67845614148796e-07,0,1,1390,0,0.110238929907495,0.623602084855946,0.00148228098575562,0.0205538940183481,0.686568551600525,0.0205538940183481,0.169053625132288,0.0304119194602701,,0.0181663309819335,0,0.3,0.00100746732010244,0.0751149875085722,0.3,0.0741075201884697,0,1-5,0.01-0.05,0.05-0.15
Vihiga,Sabatia,Busali,2.06141119507099,-0.293760651226261,1.73936917678717,1.33081292436859,0.170577778931924,1.36237228346723,0.503068342576598,-0.476738655814199,-0.716304973037629,1.37145952386699,0,198450,2.34436851891621e-07,0,1,1391,0,0.0465239932578921,0.176228978085512,0.00122036662237377,0.0153832786235734,0.278558243160469,0.0153832786235734,0.0469490253910714,0.00854216668795845,,0.0137318214517211,0,0.1,0.000898005388031863,0.0544250939207001,0.1,0.0535270885326683,0,1-5,0.01-0.05,0.05-0.15
Vihiga,Sabatia,Chavakali,1.83863906299964,-0.237161222477178,1.52625803257378,1.18886139995645,0.177968640021989,1.35277962410374,0.734283132849908,-0.380159685810206,-0.653776204564206,1.3412263960218,0,183236,3.11923641894887e-07,0,1,1392,0,0.0571556404462515,0.487101656048724,0.00178740286011772,0.0172372402246454,0.248258636067227,0.0172372402246454,0.23009436026957,0.029955951955763,,0.0145181182040678,0,0.1,0.00122180264049485,0.0512302411750233,0.1,0.0500084385345284,0,1-5,0.01-0.05,0.05-0.15
Vihiga,Sabatia,Lyaduywa/Izava,1.82795071128649,-0.236376533002271,1.52511947357263,1.08301952470835,0.189356100167989,1.35740179048064,0.704704498670832,-0.428051368051697,-0.78070505005605,1.27361750577783,0,233742,3.62603269928785e-07,0,1,1393,0,0.0847556135196941,0.63429583946378,0.00161893318391296,0.0170368714282454,0.401705843382511,0.0170368714282454,0.223193507815417,0.0341741925039268,,0.0151373961311993,0,0.2,0.00101452984206315,0.0591128211806294,0.2,0.0580982913385662,0,1-5,0.01-0.05,0.05-0.15
Vihiga,Sabatia,North Maragoli,1.88346802885491,-0.308680133337685,1.63027606943492,1.10841767890467,0.200036884130768,1.34282488465079,0.561316931055254,-0.466098393242742,-0.87750524857154,1.2520436371015,0,173995,3.47460271573179e-07,0,1,1394,0,0.0604563499523753,0.274341081628862,0.000690935721570894,0.0141798709474907,0.437787285447503,0.0141798709474907,0.0749649262031354,0.0134166249655807,,0.0159514589100185,0,0.3,0.000467592379492647,0.0785503093752892,0.3,0.0780827169957966,0,1-5,0.01-0.05,0.05-0.15
Vihiga,Sabatia,West Sabatia,1.96489949657038,-0.21511219181481,1.52633167872309,1.17536744967264,0.158386975438454,1.36013706393952,0.689313793936612,-0.423859373926243,-0.672023210084492,1.35651145212292,0,221274,2.93824468158337e-07,0,1,1395,0,0.0650157153672678,0.403402295060703,0.00179502795640253,0.0170373434693259,0.271045593312098,0.0170373434693259,0.140564175852414,0.0216467597196725,,0.0149608634119608,0,0.1,0.00116414723848958,0.0548741945779415,0.1,0.053710047339452,0,1-5,0.01-0.05,0.05-0.15
Vihiga,Sabatia,Wodanga,1.96522687903904,-0.386196524204016,1.74302042107634,1.28938797657378,0.21458111537648,1.34282488465079,0.561316931055254,-0.466098393242742,-0.87750524857154,1.2520436371015,0,187834,2.05269679876197e-07,0,1,1396,0,0.0385566250498655,0.123029553006408,0.00123004443956261,0.0119495215678255,0.266346630171958,0.0119495215678255,0.0189508703479824,0.0050890943489701,,0.0114815010419109,0,0.1,0.000854080884409824,0.0450883214843791,0.1,0.0442342405999692,0,1-5,0.01-0.05,0.01-0.05
Vihiga,Vihiga,Central Maragoli,1.69045960560662,-0.108020247147457,1.52511985879804,0.903014677296211,0.230338033640563,1.25033993986725,0.703320171814411,-0.283289096824595,-0.798815537741428,1.33270852067959,0,235112,5.25586437258896e-07,0,1,1397,0,0.123571678436814,0.795918132661751,0.001439457422357,0.0243695144354981,0.64763193202346,0.0243695144354981,0.257048314243598,0.0414263041367213,0.1,0.0207287019215613,0,0.3,0.0011757970062927,0.0825105997310228,0.3,0.0813348027247301,1-5,1-5,0.01-0.05,0.05-0.15
Vihiga,Vihiga,Lugaga-Wamuluma,1.72965496457076,-0.235481007717427,1.52511952026663,0.975814097333301,0.234238306509876,1.37830249795897,0.636608521674663,-0.493420967291579,-0.878201159622879,1.20079250264271,0,293654,9.26365453658453e-07,0,1,1398,0,0.272030920928619,1.12027620759292,0.00220020128135432,0.0424059390700586,1.73556913748037,0.0424059390700586,0.207757797150467,0.0485660010579868,0.1,0.0266539499364318,0,0.6,0.00115242328349243,0.123401423471973,0.6,0.12224900018848,1-5,1-5,0.01-0.05,0.05-0.15
Vihiga,Vihiga,Mungoma,1.61070005146137,0.0172117315526423,1.48749348020217,0.722850695580418,0.320710238988559,1.2686224397778,0.683978422038534,-0.228244589537252,-0.734741402338902,1.25609257401345,0,172051,1.51282966985406e-06,0,1,1399,0,0.26028385752806,1.3030894986021,0.00289790019051296,0.0407971288052785,1.80459858275526,0.0407971288052785,0.301791873737436,0.0602943021130992,0.2,0.0316909260921699,0,1,0.0016833378430677,0.134041258141335,1,0.132357920298267,1-5,1-5,0.01-0.05,0.05-0.15
Vihiga,Vihiga,South Maragoli,1.46551694901908,0.025382926269556,1.08762622887848,1.05968585868553,0.332797385275903,1.11495778894695,0.58198490238277,-0.177926716369022,-0.61655500451481,1.12030593925952,0,165696,1.54056113207035e-06,0,1,1400,0,0.255264817339529,0.98075532184995,0.00199846656336025,0.0422906239588546,2.05261420605779,0.0422906239588546,0.163662959261744,0.0413651608411827,0.2,0.0297304650048376,0,1.2,0.00100343976224939,0.13018564540683,1.2,0.129182205644581,1-5,1-5,0.01-0.05,0.05-0.15
Wajir,Eldas,Della,-1.76487078369274,1.76236442071925,-1.3361514229728,-2.05855614364347,-1.08569018982367,-0.97734166367656,0.741439166575892,2.15362279554834,-0.857382724829422,-0.771961221757119,85,224628,0.000351502102516519,1,1,1401,1,78.9572142840807,11.0272275537646,56.6432082231895,79.1136619273634,100.066816687296,79.1136619273634,0.310646817357247,0.368358583283256,35.2,0.919897783730616,25.2,44.5,0.703348149711766,0.992045984804133,19.3,0.288697835092367,17-51,17-51,>=0.90,0.15-0.30
Wajir,Eldas,Eldas,-1.82799483103706,1.79847486790595,-1.21460113940786,-1.49440534498318,-1.13757330668868,-0.801964723230947,0.707625642104036,2.02953865139292,-0.929761445023432,-0.706855380026354,601,556050,0.00101912600368586,1,1,1402,1,566.685014349524,44.6261065655777,455.466865859847,572.590978708689,629.984295466301,572.590978708689,2.27442101061097,1.55504841355965,101.9,0.941026984997067,81.9,113.3,0.78871104873429,0.995107555242275,31.4,0.206396506507985,93-191,17-51,>=0.90,0.15-0.30
Wajir,Eldas,Elnur/Tula Tula,-1.79701556557807,1.88305704165786,-1.49232664510264,-1.6038594092577,-0.289109707848202,-0.629161411571006,0.807915651386138,2.18273395991961,-0.671181291412649,-0.144563945864222,48,367438,0.000112441921689177,1,1,1403,1,41.3154348216279,7.84237215831078,26.3635067571466,41.2242078411906,56.8082458544559,41.2242078411906,0.183775187721033,0.259620546201996,11.2,0.848138852328684,7.2,15.5,0.59850232798778,0.973928725639441,8.3,0.375426397651661,5-17,5-17,0.70-0.90,0.30-0.50
Wajir,Eldas,Lakoley South/Basir,-1.86226116246809,1.98628958521312,-1.34894557025171,-1.97331843516638,-0.497162933426827,-0.493858412592863,0.669344981490567,2.12328879171464,-0.672209894362888,-0.0667079785704202,184,47717,0.0033506110556788,1,1,1404,1,159.881107743825,23.1623879667799,106.081546579343,161.819784684058,199.427753877609,161.819784684058,0.752628769095102,0.7800594430932,335.1,0.870434227463387,222.3,417.9,0.593124470541859,0.98599594395468,195.6,0.39287147341282,258-788,191-258,0.70-0.90,0.30-0.50
Wajir,Tarbaj,Elben,-1.59302295597051,1.61289173843852,-0.662206868324675,-1.88684517389355,-0.158689165838065,-1.25888494448517,0.400934881175703,2.23181778905576,-0.611443940467733,-0.749735120601122,0,93205,0.000173232046614348,1,1,1405,0,16.1460929046903,46.0786463484915,0.434956042130168,3.6808187439645,105.323019663391,3.6808187439645,7.0856091953391,1.90526801292843,17.3,0.549192757620239,0.5,113,0.175515196452126,0.867670132980027,112.5,0.692154936527901,17-51,93-191,0.50-0.70,0.50-0.70
Wajir,Tarbaj,Sarman,-1.63203331355374,1.64929407664121,-1.76188478641812,-1.96039768770879,-0.36818898910415,-1.24887527485485,0.657225340880273,2.34804745710472,-0.710408728714114,-0.915833227573409,10,123208,6.29373505611236e-05,1,1,1406,1,7.75438508793491,2.95734969117207,3.05897013434896,7.39783145127051,14.5247073391632,7.39783145127051,0.0819243020624857,0.0987009564217346,6.3,0.746654599479148,2.5,11.8,0.393875618730124,0.954780704599938,9.3,0.560905085869814,5-17,5-17,0.70-0.90,0.50-0.70
Wajir,Tarbaj,Tarbaj,-1.69016485203092,1.86900390274465,-1.24887116960508,-2.16753360333965,-0.668688757575059,-0.647514496238111,0.632289135058508,2.12498394854873,-0.566472794982204,-0.484422925437219,5,264637,1.98698134508111e-05,1,1,1407,1,5.25828782218231,2.30067743454506,2.13593237747354,4.78414431280018,10.8312878946185,4.78414431280018,0.0801010569744747,0.0778198442056786,2,0.823175698070961,0.8,4.1,0.556032513401152,0.968940059429887,3.3,0.412907546028736,1-5,1-5,0.70-0.90,0.30-0.50
Wajir,Tarbaj,Wargadud,-1.50797222360922,1.77381642556053,-0.0343360182479303,-1.66844159156478,-0.783929145019013,-1.09747736943208,0.298424648618284,2.0383100072524,-0.566101746440219,-0.667558383238005,47,106794,0.000354385951117988,1,1,1408,1,37.8462932636944,8.83452471770418,18.076544698446,38.0484311876841,55.1628297053303,38.0484311876841,0.220296679804917,0.29330498691314,35.4,0.802989710870383,16.9,51.7,0.41362230149798,0.976396483038159,34.8,0.562774181540179,17-51,17-51,0.70-0.90,0.50-0.70
Wajir,Wajir East,Barwaqo,-1.77116552951816,2.01317603778669,-1.37280007028635,-2.52586147742966,-1.55660774359687,-0.442669996564791,0.548613650301795,1.76970404924188,-0.542282493686185,-0.433470672767521,13,338386,3.90593438017864e-05,1,1,1409,1,13.2171351117113,3.64201559884154,7.46662047735148,12.6525832769082,21.4941336492616,12.6525832769082,0.103354359221008,0.121707349286926,3.9,0.940585174141094,2.2,6.4,0.810129124899963,0.993001296338178,4.2,0.182872171438216,1-5,1-5,>=0.90,0.15-0.30
Wajir,Wajir East,Khorof/Harar,-1.45880620120243,2.03115865690957,-0.218889752759572,-1.69198016296188,-0.467744063590879,-0.74081777569047,0.701479350541176,2.3412604175628,-0.640877863801677,-0.0809569555753927,16,84245,0.00017352708281068,1,1,1410,1,14.6187890913857,3.93448318771192,7.86475968978134,14.3291552373385,22.9343616388765,14.3291552373385,0.0991953343521653,0.13069294668439,17.4,0.880223497950196,9.3,27.2,0.574151947171703,0.98893328064726,17.9,0.414781333475557,17-51,17-51,0.70-0.90,0.30-0.50
Wajir,Wajir East,Township,-1.71677239258348,2.04018111273661,-1.47534594099297,-2.4908798722676,-1.54213591149662,-0.57160698529483,0.179028434337863,1.51879710943706,-0.675524436569478,-0.453252821048145,10,418136,2.42055052906174e-05,1,1,1411,1,10.1211931601976,3.24815541660209,5.25494780081089,9.6683684687702,17.7048019362385,9.6683684687702,0.114614953149586,0.109964579224081,2.4,0.920503458081585,1.3,4.2,0.735577835682945,0.991002280852814,2.9,0.255424445169869,1-5,1-5,>=0.90,0.15-0.30
Wajir,Wajir East,Wagberi,-1.73056187846429,2.00261331494731,-1.31845984664901,-2.48312912690265,-1.55597996111783,-0.531813524536332,0.561216788664158,1.86977480713507,-0.642537332310745,-0.335276966795893,40,236315,0.000164364440876113,1,1,1412,1,38.8417828456387,6.79111804243232,27.3893354453252,38.0557506455213,53.7411974305282,38.0557506455213,0.167344645300339,0.225337813399143,16.4,0.949514605242274,11.6,22.7,0.814156494855042,0.99625679353074,11.1,0.182100298675698,5-17,5-17,>=0.90,0.15-0.30
Wajir,Wajir North,Batalu,-1.57881262192347,1.53609739376965,-1.65749686798333,-1.61752819438683,-0.165602146749232,-1.21096516817326,0.664867458292634,2.14305016100418,-0.918490197134012,-0.955170451114122,21,239332,5.82347959480333e-05,1,1,1413,1,13.9374501838347,4.66195311548115,6.15696700081229,13.5030092699373,23.7233136385496,13.5030092699373,0.122248267025316,0.155155561174553,5.8,0.650144209969402,2.6,9.9,0.294494780933025,0.921569855707965,7.3,0.62707507477494,5-17,5-17,0.50-0.70,0.50-0.70
Wajir,Wajir North,Bute,-1.41554318006684,1.28873761069032,-1.59137047340831,-0.879928721958456,-1.04147459479091,-0.94500433780572,-0.980434589102232,0.772480561856582,-1.22978675434606,-0.960830038525902,28,299237,6.28654417177225e-05,1,1,1414,1,18.8116661832861,6.29026098134208,7.65321847700918,18.3555547254175,31.5930134504629,18.3555547254175,0.138315529967897,0.207663359988705,6.3,0.665677402870765,2.6,10.6,0.283967795799628,0.938421558096164,8,0.654453762296537,5-17,5-17,0.50-0.70,0.50-0.70
Wajir,Wajir North,Danaba,-1.54304533513624,1.38099825084953,-1.68633649810305,-1.52599829425437,-0.078799465948374,-1.41592004040974,0.362581340278285,2.11054197665202,-0.71547613405056,-0.832122319071305,0,104599,0.000102976376267542,1,1,1415,0,10.7712259812086,48.3570485945003,0.301624158730687,2.44965164563183,67.2693848276547,2.44965164563183,17.8415678521388,2.65758397364459,10.3,0.473976538143184,0.3,64.3,0.113558448577043,0.822702512156731,64,0.709144063579688,5-17,51-93,0.30-0.50,0.70-0.90
Wajir,Wajir North,Godoma,-1.40540894536775,1.27110531690602,-1.54447164907685,-0.718086740143859,-1.17258940992218,-0.91818038623993,-0.0510995074477151,1.58214604476397,-1.03916764239877,-0.18927148265818,4,28113,0.000153445667098605,1,1,1416,1,4.31381803914308,2.16650038398675,1.71508131840888,3.76284915920412,9.62952047945776,3.76284915920412,0.0933151961397953,0.0744125288524174,15.3,0.911093678952206,6.1,34.3,0.70082970863038,0.990413800860466,28.2,0.289584092230086,5-17,17-51,>=0.90,0.15-0.30
Wajir,Wajir North,Gurar,-1.41214564135846,1.10049827999217,-1.62773752580881,-1.09104033407192,-0.534940444172861,-1.32345249756849,0.306841154689682,2.01583276925367,-0.690318030261408,-0.387939898691769,0,116603,0.000207756982468665,1,1,1417,0,24.2250874267938,99.4292049154159,0.56709374059587,5.4923721009838,140.910783324781,5.4923721009838,25.1337791638723,4.73382730203361,20.8,0.652103215218194,0.5,120.8,0.258354991456135,0.927891167622045,120.3,0.66953617616591,17-51,93-191,0.50-0.70,0.50-0.70
Wajir,Wajir North,Korondile,-1.62156992118898,1.67746152461089,-1.67900353002305,-0.985944367608357,0.0359055865823633,-0.736350753813074,0.541171732996209,1.75525968359757,-1.05909908802762,-0.671947738466472,48,120628,0.000263402851617398,1,1,1418,1,31.7737591849034,9.37160301268817,13.9661426549241,31.7916678194298,49.5674836481972,31.7916678194298,0.203792866836112,0.309245101071855,26.3,0.659699346870945,11.6,41.1,0.289562325291668,0.911302753481386,29.5,0.621740428189718,17-51,17-51,0.50-0.70,0.50-0.70
Wajir,Wajir North,Malkagufu,-1.72123849819364,1.70488412787789,-1.43182309599159,-1.54327181730542,-0.730815311942298,-0.889173960087323,0.698206069131477,2.00419037406709,-1.00474395134063,-0.921673859141429,3,70804,5.0939964505003e-05,1,1,1419,1,3.60675324681223,1.96512308979793,1.4296969336738,3.0691881181919,8.60064330779736,3.0691881181919,0.0993427684326912,0.06842563680977,5.1,0.857005353320426,2,12.1,0.575674626487015,0.977054851256266,10.1,0.401380224769251,5-17,5-17,0.70-0.90,0.30-0.50
Wajir,Wajir South,Benane,-1.47962492138886,2.14412314577418,-1.61554271242227,-2.09781867446254,0.214800704984199,-1.17332013139144,0.763057764412731,2.23220481273298,-0.867647500235784,-0.304306193109146,0,507858,0.000133105499157709,1,1,1420,0,67.5986925912359,195.396192273005,0.889479671215455,15.6726259407848,458.988032562263,15.6726259407848,23.4451370185176,7.6617707977338,13.3,0.643736562227196,0.2,90.4,0.268234537116454,0.905594836936748,90.2,0.637360299820294,5-17,51-93,0.50-0.70,0.50-0.70
Wajir,Wajir South,Burder,-1.40324667658264,2.18262764645624,-1.3247895223786,-1.89026549697861,0.242337378182588,-0.867901977664554,0.628182978362548,2.34127679525475,-1.03702986488576,-0.0729655256171556,0,190095,0.000219150721714895,1,1,1421,0,41.659456444393,118.355631260496,0.924652935579825,11.1965885338099,286.999537682321,11.1965885338099,20.9364523309739,5.06687119669029,21.9,0.702425663095031,0.5,151,0.337479751121831,0.925179972697005,150.5,0.587700221575174,17-51,93-191,0.70-0.90,0.50-0.70
Wajir,Wajir South,Dadaja Bulla,-1.39806229273708,2.21128908542199,-1.55808755414857,-1.5579060526915,0.568376969478956,-1.19934800133231,0.766785736794602,2.21793817169757,-1.05899048613437,-0.576500518104518,0,101809,0.000128012959072656,1,1,1422,0,13.032871350228,37.5590847403911,0.413014703506529,3.52946602654628,85.5793794300277,3.52946602654628,6.38132536092274,1.59131299873134,12.8,0.535762771998029,0.4,84.1,0.175624894605955,0.844191361455318,83.7,0.668566466849363,5-17,51-93,0.50-0.70,0.50-0.70
Wajir,Wajir South,Diif,-1.36291096647798,2.22453221098221,-1.42130993453378,-1.53319925455019,0.782426883774131,-0.709304724184133,0.604607925677699,2.20276031494889,-1.04981310966784,-0.228230003443454,0,379045,0.000166849000784801,1,1,1423,0,63.2432795024749,176.462484106617,0.787562248530648,15.2584641015834,430.655235001802,15.2584641015834,30.6595832907648,7.51931601969087,16.7,0.501125321636371,0.2,113.6,0.15029984097786,0.801026243104611,113.4,0.650726402126751,5-17,93-191,0.50-0.70,0.50-0.70
Wajir,Wajir South,Habasswein,-1.65917386785568,2.06145829123626,-1.47043002307381,-2.28694500436024,-0.884845828513514,-0.879375996129672,0.135479548157559,1.48680420008582,-1.12172594723922,-0.127301385299301,70,996458,6.4281894771504e-05,1,1,1424,1,64.0542083002233,8.94534683094692,48.0057072927083,63.4364521968525,81.8034150152522,63.4364521968525,0.251029484134325,0.298753203054046,6.4,0.912487122883146,4.8,8.2,0.731120278002952,0.988145507764998,3.4,0.257025229762046,5-17,1-5,>=0.90,0.15-0.30
Wajir,Wajir South,Ibrahim Ure,-1.45841877696185,2.1359265570299,-1.05321391763558,-1.94543374094775,-0.337196848383118,-0.794868678418955,0.688536283285912,2.32678663809582,-0.846604605032417,-0.0456055334385105,1,272978,9.34422707241433e-06,1,1,1425,1,2.55076841777352,1.85192510426899,1.09416560487233,2.013752931335,6.70609459104194,2.013752931335,0.188470759888788,0.0704829513271737,0.9,0.887325369977552,0.4,2.5,0.689471765721937,0.985240720155801,2.1,0.295768954433865,1-5,1-5,0.70-0.90,0.15-0.30
Wajir,Wajir South,Lagboghoi South,-1.59005891076581,2.09745123843452,-1.64830488280117,-2.27168753730333,-0.471152135219914,-0.932744875535815,0.523107299460898,2.18003777708282,-0.977631419531678,0.0643957684089721,0,391464,0.000407126791088358,1,1,1426,0,159.375482146613,448.495333076105,2.47106755960269,44.482050308435,943.58819711417,44.482050308435,68.9038699384017,18.5405310968705,40.7,0.882856229718154,0.6,241,0.655566862138664,0.97882401515663,240.4,0.323257153017966,17-51,191-258,0.70-0.90,0.30-0.50
Wajir,Wajir West,Ademasajide,-1.83247071367362,2.01220973191179,-1.26315133364312,-2.20645524612698,-0.497867819477367,-0.68835852969344,0.501469994536382,1.46930764797705,-1.05736505090358,0.571716548459224,6,317841,2.04507579579568e-05,1,1,1427,1,6.50008936011494,2.54302882015901,2.95490214306243,5.99835984274605,13.0547409303458,5.99835984274605,0.0825163309862615,0.08563642327307,2,0.923002763219854,0.9,4.1,0.765629111701125,0.991290837122361,3.2,0.225661725421236,1-5,1-5,>=0.90,0.15-0.30
Wajir,Wajir West,Arbajahan,-1.94296895000431,1.93613701254496,-1.32310818466148,-1.40008474009751,-0.264218083538693,-0.828091446059057,0.837157970515502,2.38542691178639,-0.812641400824957,0.481382757334933,935,114472,0.00770719760911826,1,1,1428,1,882.258324710985,58.0136066776904,736.727307553445,890.916092993863,965.304951267103,890.916092993863,2.52121543345276,1.99400698866014,770.7,0.943568627246721,643.6,843.3,0.788220281444555,0.994408086273718,199.7,0.206187804829163,258-788,191-258,>=0.90,0.15-0.30
Wajir,Wajir West,Ganyure Wagalla,-1.83549759432575,2.03648831608572,-1.4751607779233,-2.01338089527774,-0.277525162619516,-0.787524158166183,0.567233398685999,2.22276115092611,-0.853244244206364,0.20190324333502,24,165956,0.000134496553919866,1,1,1429,1,22.3205101023252,4.89603443565309,13.9985390324046,22.0159384665521,33.2648200974409,22.0159384665521,0.12027192955288,0.162432867912217,13.4,0.90148548069233,8.4,20,0.69396588077663,0.987595766432731,11.6,0.293629885656101,5-17,5-17,>=0.90,0.15-0.30
Wajir,Wajir West,Hadado Athibohol,-1.95684473826965,2.01066764101901,-1.36230960988978,-1.65031332038107,-0.1036113867318,-0.740119934465147,0.613765179153642,2.23218451402166,-1.00613019799883,0.909770979733967,194,113485,0.00163986638529142,1,1,1430,1,186.100236734796,15.8813695619088,155.001950927659,186.72298214036,215.392153539202,186.72298214036,0.386915562432697,0.52668369057407,164,0.956234101530072,136.6,189.8,0.831001770476862,0.995777762270957,53.2,0.164775991794095,93-191,51-93,>=0.90,0.15-0.30
West Pokot,Pokot Central,Lomut,-0.400930947939751,0.429163604377567,-1.26826929450914,-0.12029659957843,-1.12901485287467,0.0122600907644802,0.437793814088425,2.04777647734184,-0.736599663185585,2.11074338188812,93,378996,0.000238590966339139,1,1,1431,1,90.4250218786681,10.5617797017838,70.3350813203196,90.795201920681,111.558478426914,90.795201920681,0.252665131846703,0.349972746064554,23.9,0.961505571708209,18.6,29.4,0.831521310742463,0.997200405038434,10.8,0.165679094295971,17-51,5-17,>=0.90,0.15-0.30
West Pokot,Pokot Central,Masool,-1.0708915698098,1.33000550065222,-1.33584345860198,-0.678791211576204,-0.81914182186874,0.0457456149399903,0.373573352975873,2.22291817395704,-0.855863018884391,1.60897133296712,1094,35467,0.0299502926649071,1,1,1432,1,1062.24702994626,43.7192223361386,966.702769830252,1064.59128022459,1137.93068832698,1064.59128022459,1.42305399647577,1.47252503838043,2995,0.972666692948607,2725.6,3208.4,0.904787167704023,0.997872358586362,482.8,0.0930851908823395,>=957,258-788,>=0.90,0.05-0.15
West Pokot,Pokot Central,Sekerr,-0.699538736000975,0.699777932925783,-0.346460228183053,-0.311482893764747,-0.725394023013033,0.115751210816692,0.711860506592056,2.14988621787818,-0.660593800558868,1.95829167439302,379,184182,0.00196524661609503,1,1,1433,1,361.963052245614,24.6658735895953,309.085091628108,363.612808520501,408.288724742248,363.612808520501,0.693764994760132,0.82388096109588,196.5,0.954160928089248,167.8,221.7,0.833469001430363,0.994914602852767,53.9,0.161445601422404,191-258,51-93,>=0.90,0.15-0.30
West Pokot,Pokot Central,Wei Wei,-0.272609539155123,0.134107173761073,-0.555376339633754,-0.042990325750883,-0.984103570487936,0.355776986528629,0.849727180187235,1.95032150573501,-0.664990954950735,2.1851023033273,112,406775,0.000258848340639908,1,1,1434,1,105.293033763799,11.9283413957319,82.6678331823956,105.121353231169,127.886354828241,105.121353231169,0.361515716916301,0.400071536693931,25.9,0.937313493963778,20.3,31.4,0.798658920964805,0.994143345471508,11.1,0.195484424506703,17-51,5-17,>=0.90,0.15-0.30
West Pokot,Pokot North,Alale,-1.0889666445915,0.735470220452234,-0.208000552931057,-0.608193326813591,1.13648887093379,0.104367299340726,0.501764492942932,2.42987768999471,0.16191447777844,1.73679240845078,33,151994,7.60288596941097e-05,1,1,1435,1,11.5559305003465,5.88680464420998,2.98698054693258,10.8983194532815,24.5497669688283,10.8983194532815,0.169070423331445,0.196850060615532,7.6,0.349527987268682,2,16.2,0.100909912754129,0.738857383470526,14.2,0.637947470716397,5-17,5-17,0.30-0.50,0.50-0.70
West Pokot,Pokot North,Kapchok,-0.796145949730366,0.783292364991898,-0.493884577412513,-0.814284491146561,-0.70096033168979,0.760723003910462,0.581536903637102,2.16270639618877,-0.415447648050466,2.26389130939308,23,81832,0.000269923667000945,1,1,1436,1,22.0883935180213,4.88697872594537,13.7543937645996,21.5922761112537,32.4758657828316,21.5922761112537,0.119673538835994,0.162108655675239,27,0.933153199417143,16.8,39.7,0.769734391904922,0.99432806328072,22.9,0.224593671375798,17-51,17-51,>=0.90,0.15-0.30
West Pokot,Pokot North,Kasei,-0.862226944074066,0.539969460619113,-0.590660625540971,-0.665906389086827,-0.269338203957068,0.351870950351921,0.670036219466903,2.27618320075496,-0.466249794463214,2.22667195461358,230,178411,0.00114904801837428,1,1,1437,1,205.002806006174,24.5771715807866,147.672412705936,208.263123400734,244.27121355161,208.263123400734,0.715666701213442,0.82246114282794,114.9,0.889612522067699,82.8,136.9,0.661313934158411,0.987740753745438,54.1,0.326426819587026,93-191,51-93,0.70-0.90,0.30-0.50
West Pokot,Pokot North,Kiwawa,-0.942335801470689,0.535301799885205,-0.36382140756526,-0.46476914481546,0.180170332719207,0.410475088605948,0.56382289060435,2.31685270377748,-0.243737161311627,2.20123820567096,109,214527,0.000392113127381592,1,1,1438,1,84.1188528777908,18.4017383726284,46.634820596411,85.5547701584488,117.505048800671,85.5547701584488,0.428599165147865,0.60902105294254,39.2,0.768933194193611,21.7,54.8,0.449792590609348,0.963360549609563,33.1,0.513567959000215,17-51,17-51,0.70-0.90,0.50-0.70
West Pokot,Pokot North,Kodich,-0.499014670012762,0.516609550981518,-1.04259150877987,-1.13207542943387,-1.17859602961285,0.79474775684038,0.769393241026054,2.06912663323859,-0.424706386958642,2.15966226075216,131,147322,0.000837593004097987,1,1,1439,1,123.395876549724,12.2914075956001,100.135948137123,123.549619748293,148.129473515602,123.549619748293,0.320885681432594,0.408983028953144,83.8,0.947113180858302,68,100.5,0.806891993500685,0.995787923783099,32.5,0.188895930282414,51-93,17-51,>=0.90,0.15-0.30
West Pokot,Pokot North,Suam,-0.103249986566673,0.301069045362613,-1.29483523182523,-1.1958606096683,-1.12220344068151,0.943626176247021,0.76097138663355,1.9790273782767,-0.443717112280222,2.03284339220006,205,249801,0.000731043194886927,1,1,1440,1,182.615321125949,21.360148062204,132.708722829462,184.622650473022,219.408341796329,184.622650473022,0.658528920110791,0.71711621620279,73.1,0.892777729281186,53.1,87.8,0.666565141055652,0.98856560281458,34.7,0.322000461758928,51-93,17-51,0.70-0.90,0.30-0.50
West Pokot,Pokot South,Batei,-0.405858098686637,-0.403855825448314,0.130699260948747,-0.4401459054891,-1.11627426553999,0.40542242890154,0.902957485074771,1.52011935599065,-0.544149365056441,2.10394811547059,11,423501,2.59947585221507e-05,1,1,1441,1,11.0088062288893,3.43513562779446,5.54494152669427,10.5804499942984,19.627740735028,10.5804499942984,0.0930409960609885,0.114512955820698,2.6,0.888939027795166,1.3,4.6,0.667536676582114,0.988749948969839,3.3,0.321213272387725,1-5,1-5,0.70-0.90,0.30-0.50
West Pokot,Pokot South,Chepareria,-0.223980809806885,-0.150358825063507,-0.642875873812812,-0.786502249615048,-1.08848718687861,0.529159382519518,0.826290527480504,1.0455349910191,-0.541007220488727,1.69425611783904,60,640413,7.25944994629447e-05,1,1,1442,1,46.4904611845628,10.6863802143023,22.7552248433588,47.083511855476,66.3661790052733,47.083511855476,0.24961360934221,0.353719965007473,7.3,0.772066661161256,3.6,10.4,0.4110963257257,0.969998101248878,6.8,0.558901775523177,5-17,5-17,0.70-0.90,0.50-0.70
West Pokot,Pokot South,Lelan,0.716926704604301,-1.31399909095535,0.604288523754286,0.0374230586610613,-0.685190797252589,-0.143738090398474,0.969741581294167,0.597330316480614,-0.807975510732164,1.51577958067886,0,468828,1.42567071133769e-05,1,1,1443,0,6.68394348255025,22.638290976424,0.122294418191428,1.41719523407834,53.7516108292673,1.41719523407834,4.10717966454516,0.97564646818115,1.4,0.289298264319641,0,11.5,0.0424385662106554,0.669705981138894,11.5,0.627267414928239,1-5,5-17,0.15-0.30,0.50-0.70
West Pokot,Pokot South,Tapach,0.443782943800081,-1.60883714696651,0.311777441197753,-0.15494796114377,-0.701101837415257,-0.321625580551577,0.979105712805337,1.18560991428128,-0.612256867405021,1.93258940545137,0,447908,3.44297732789941e-05,1,1,1444,0,15.4213708898477,61.9467894659793,0.233540674821816,3.12387995917273,106.536424897564,3.12387995917273,22.0258492166405,3.35196650295459,3.4,0.403917272187638,0.1,23.8,0.0794647469939945,0.796686596887116,23.7,0.717221849893122,1-5,17-51,0.30-0.50,0.70-0.90
West Pokot,West Pokot,Endugh,-0.629050232139203,0.318897195844014,-0.504815251231606,-0.439085453649537,-0.0914002950680566,0.120430169981772,0.870102847399993,2.27676967688578,-0.579254439305466,2.23115354301241,128,164716,0.000675030941949177,1,1,1445,1,111.188396634101,15.8366284604865,77.805706147061,111.651460345021,140.662459612803,111.651460345021,0.434553455206797,0.52828173760082,67.5,0.868111560678855,47.2,85.4,0.622354947627319,0.983076871367146,38.2,0.360721923739828,51-93,17-51,0.70-0.90,0.30-0.50
West Pokot,West Pokot,Kapenguria,0.257760274788465,-0.804920254570357,-0.716044248280554,-0.488906731793694,-1.09770922582508,0.65171688187314,0.298289228040275,-0.0370462997428694,-0.633777160030741,1.10425773677576,7,445031,5.15684301741276e-06,1,1,1446,1,2.29495500488222,1.56187233163645,0.462558074472316,1.93322090253122,6.54023461862738,1.93322090253122,0.0635672750999787,0.0534110873030192,0.5,0.325862516366212,0.1,1.5,0.0784228338489222,0.709335662002011,1.4,0.630912828153089,1-5,1-5,0.30-0.50,0.50-0.70
West Pokot,West Pokot,Mnagei,0.380823433828187,-1.08252165854923,-0.337558995772606,-0.128104824892533,-1.13111864236364,0.770777978734171,0.11056100504088,-0.0968347616977815,-0.514307259895651,1.13930607516657,3,484450,1.91727880086328e-06,1,1,1447,1,0.928825715078214,0.760775091911944,0.138762612030221,0.696487380187936,2.83067485839092,0.696487380187936,0.0413490359749214,0.0266729634303167,0.2,0.263721935459709,0,0.6,0.0500468703855074,0.644249415992463,0.6,0.594202545606956,1-5,1-5,0.15-0.30,0.50-0.70
West Pokot,West Pokot,Riwo,-0.211923340886707,-0.0237539554539665,-1.22420691991523,-0.992184135421223,-0.94605792344102,0.83017181719726,0.555366810169768,1.47231243151981,-0.386585493782888,1.83413232584672,131,385593,0.00022869162259726,1,1,1448,1,88.1818888321454,25.5643458018914,34.65646447472,91.0424560475706,132.126839412603,91.0424560475706,0.513734704593062,0.840907031853162,22.9,0.672450127099304,9,34.3,0.279064171652963,0.942921915323715,25.3,0.663857743670752,17-51,17-51,0.50-0.70,0.50-0.70
West Pokot,West Pokot,Siyoi,0.818818324975956,-1.17585824785609,0.360874287804535,0.144082426519228,-0.981991853268567,0.643190768172889,0.580487502188001,0.0491822648018527,-0.747364715996552,1.23750721212958,1,157299,2.47175126280012e-06,1,1,1449,1,0.388804001887196,0.387333023137107,0.0629494363335317,0.280040413323171,1.53413881544169,0.280040413323171,0.0242502815650191,0.0137822681340366,0.2,0.22952472106845,0,1,0.0449354012910521,0.623489927104523,1,0.578554525813471,1-5,1-5,0.15-0.30,0.50-0.70
West Pokot,West Pokot,Sook,-0.343384487021092,-0.035419354304053,-0.0958870254139141,-0.0365413947897344,-0.795663464681231,0.381879147749117,0.925653792856614,1.95088347603477,-0.611890118941053,2.1830557549225,45,154172,0.000258591862294735,1,1,1450,1,39.8676245937038,8.01246973999496,23.9505830562886,39.8164857083665,55.3846868001842,39.8164857083665,0.225394158771092,0.267631718875897,25.9,0.882829926705707,15.5,35.9,0.582848279007346,0.989776052674957,20.4,0.40692777366761,17-51,17-51,0.70-0.90,0.30-0.50
